policy,T,err_l2_mean,err_l2_med,err_l2_q90,err_linf_mean,err_linf_med,err_tv_mean,S_norm_mean,S_norm_q90,S_norm_max,cost_mean,cost_per_sample,uncertain_mean,alloc_err,samp_err,pull_ONLINE,pull_PORTAL,pull_LANDLINE,pull_CELL,pull_MEDICARE,pull_MEDICAID,pull_VA,pull_ED,pull_INPATIENT,pull_TELEHEALTH,pull_SPANISH,pull_SITE_NE,pull_SITE_MW,pull_SITE_S,pull_SITE_W,pull_RURAL,scenario,experiment,fallback_rate
ALG2(beta=0.3),10,0.13025456189624074,0.0780563860144552,0.21947774225176467,0.09210388399731477,0.05519419986573611,0.09210388399731471,1.3025456189624074,2.194777422517647,4.876290389347828,1736.0,173.6,10.0,0.00942686534134113,0.1304430992030676,0.1,0.1,0.1,0.1,0.1,0.1,0.1,0.1,0.1,0.1,0.0,0.0,0.0,0.0,0.0,0.0,S-DIAB__L1_K2_black,E3.2,
ALG2(beta=0.3),13,0.09670365633822822,0.11069208360768044,0.2194777422517647,0.06837981116229465,0.07827112294265914,0.06837981116229462,1.2571475323969665,2.853210649272941,4.217857162592533,2333.0,179.46153846153845,13.0,0.017696359815531647,0.09809986983458444,0.07692307692307693,0.07692307692307693,0.07692307692307693,0.07692307692307693,0.07692307692307693,0.07692307692307693,0.07692307692307693,0.07692307692307693,0.07692307692307693,0.07692307692307693,0.07692307692307693,0.07692307692307693,0.07692307692307693,0.0,0.0,0.0,S-DIAB__L1_K2_black,E3.2,
ALG2(beta=0.3),17,0.09580017169265495,0.05309967609022412,0.19646742315208676,0.06774095104271188,0.03754714104220671,0.06774095104271186,1.628602918775134,3.339946193585475,6.168373318331663,3055.975,179.76323529411764,17.0,0.020788008739280005,0.09398904021622417,0.08235294117647059,0.06911764705882353,0.06441176470588235,0.061764705882352944,0.0611764705882353,0.061764705882352944,0.06029411764705882,0.060882352941176464,0.06,0.06058823529411765,0.059117647058823525,0.06029411764705882,0.05941176470588235,0.06058823529411765,0.058823529411764705,0.05941176470588235,S-DIAB__L1_K2_black,E3.2,
ALG2(beta=0.3),22,0.08663413292598716,0.09091287294511968,0.16621686566817018,0.061259582874182324,0.06428510895664517,0.06125958287418229,1.9059509243717179,3.656771044699744,7.899411731819029,3889.685,176.80386363636364,22.0,0.016492081382792848,0.08196284604829195,0.08159090909090909,0.09318181818181817,0.07863636363636363,0.07204545454545454,0.06863636363636363,0.07204545454545454,0.06181818181818182,0.060454545454545455,0.05318181818181818,0.05590909090909091,0.04727272727272727,0.05136363636363636,0.049772727272727274,0.056818181818181816,0.04772727272727273,0.04954545454545455,S-DIAB__L1_K2_black,E3.2,
ALG2(beta=0.3),29,0.07242180101279866,0.07311816720473772,0.12194577243293063,0.051209946601892736,0.05170235185840191,0.0512099466018927,2.100232229371161,3.536427400554988,7.777281098429771,5160.13,177.9355172413793,29.0,0.016767419089376342,0.07408172419706424,0.07896551724137932,0.08689655172413793,0.08206896551724138,0.07534482758620689,0.07120689655172413,0.0746551724137931,0.06293103448275862,0.061724137931034484,0.055172413793103454,0.05603448275862069,0.048965517241379306,0.05017241379310345,0.0503448275862069,0.0546551724137931,0.04482758620689655,0.04603448275862069,S-DIAB__L1_K2_black,E3.2,
ALG2(beta=0.3),37,0.0587752675069874,0.04807617495395598,0.12452015129844743,0.04156039022024418,0.03399498932345317,0.04156039022024413,2.174684897758534,4.607245598042555,8.849886285161839,6687.995,180.7566216216216,37.0,0.016142548996642036,0.06256374185226808,0.0681081081081081,0.07554054054054053,0.07337837837837838,0.0718918918918919,0.07040540540540541,0.07716216216216217,0.07094594594594594,0.07027027027027027,0.06405405405405405,0.06013513513513514,0.05297297297297297,0.05135135135135135,0.050810810810810805,0.05364864864864865,0.04554054054054054,0.04378378378378379,S-DIAB__L1_K2_black,E3.2,
ALG2(beta=0.3),49,0.05100739602968012,0.046308734614242834,0.10403173716008358,0.03606767562325462,0.03274522027389933,0.036067675623254594,2.4993624054543258,5.0975551208440955,9.04458050288685,8915.975,181.95867346938778,49.0,0.01784336127825735,0.05519337030078418,0.06591836734693877,0.06826530612244898,0.06806122448979592,0.0666326530612245,0.06387755102040817,0.07265306122448979,0.0660204081632653,0.06683673469387755,0.060816326530612246,0.06285714285714286,0.05530612244897959,0.05316326530612245,0.05795918367346938,0.06438775510204081,0.05428571428571429,0.05295918367346939,S-DIAB__L1_K2_black,E3.2,
ALG2(beta=0.3),64,0.041109546371430196,0.04270104695512781,0.08988147451734974,0.02906883901074115,0.030194199865736085,0.02906883901074112,2.6310109677715325,5.752414369110383,9.803934816993664,11634.275,181.785546875,64.0,0.019249237575110045,0.04965042960111132,0.06625,0.069296875,0.0703125,0.067890625,0.06328125,0.070390625,0.069140625,0.06890625,0.059765625,0.061953125,0.057890625,0.051484375,0.053828125,0.063828125,0.053828125,0.051953125,S-DIAB__L1_K2_black,E3.2,
ALG2(beta=0.3),83,0.032495098683688044,0.01906430441357664,0.08316800130014117,0.022977504634561895,0.013480498929444707,0.02297750463456187,2.6970931907461075,6.902944107911717,12.559798357404103,15172.07,182.79602409638554,83.0,0.021477301748832157,0.04408585821679936,0.061385542168674694,0.06620481927710843,0.06439759036144578,0.06301204819277109,0.06036144578313253,0.06981927710843373,0.06807228915662651,0.0686144578313253,0.06162650602409639,0.0646987951807229,0.06927710843373494,0.05301204819277109,0.05265060240963856,0.06698795180722891,0.05680722891566265,0.05307228915662651,S-DIAB__L1_K2_black,E3.2,
ALG2(beta=0.3),108,0.027006427009681967,0.016224518143751115,0.07543747201006067,0.019096427674165684,0.011472466800930625,0.019096427674165653,2.9166941170456524,8.147246977086551,12.38988766420585,19803.535,183.36606481481482,108.0,0.02333201555201074,0.038067465329806496,0.05939814814814815,0.0637037037037037,0.06115740740740741,0.06189814814814815,0.05712962962962963,0.07222222222222222,0.06699074074074074,0.06662037037037037,0.05921296296296296,0.06384259259259259,0.07935185185185185,0.0512962962962963,0.052361111111111115,0.07467592592592592,0.05736111111111111,0.05277777777777778,S-DIAB__L1_K2_black,E3.2,
ALG2(beta=0.3),141,0.020968379743310367,0.01120957643320821,0.058999607514392344,0.01482688350698943,0.00792636751015047,0.014826883506989401,2.956541543806762,8.31894465952932,16.8042260337679,25898.73,183.67893617021275,141.0,0.024130797360716758,0.034799379026577544,0.059468085106382976,0.061170212765957445,0.05801418439716312,0.0626950354609929,0.05553191489361702,0.07588652482269503,0.0676241134751773,0.06464539007092199,0.056312056737588656,0.06262411347517731,0.08421985815602837,0.05078014184397163,0.05078014184397163,0.08046099290780143,0.0575531914893617,0.052234042553191494,S-DIAB__L1_K2_black,E3.2,
ALG2(beta=0.3),183,0.017459337712088904,0.01082328222950488,0.04173505408465449,0.012345616091244111,0.0076532162591787765,0.012345616091244085,3.195058801312269,7.637514897491773,17.537009834103465,33734.76,184.34295081967215,183.0,0.024161917900501068,0.029881571337720948,0.05672131147540984,0.05868852459016394,0.056557377049180325,0.06204918032786885,0.05669398907103825,0.08032786885245902,0.06800546448087431,0.06560109289617487,0.05636612021857923,0.06040983606557377,0.08650273224043716,0.047786885245901634,0.04830601092896175,0.08860655737704919,0.057131147540983605,0.05024590163934426,S-DIAB__L1_K2_black,E3.2,
ALG2(beta=0.3),239,0.012699798883238373,0.006458126162093556,0.03012697239427927,0.008980113910043224,0.004566584802974632,0.008980113910043197,3.0352519330939707,7.2003464022327455,19.92826846359063,44142.16,184.69523012552304,239.0,0.02263648394316219,0.025027262002664873,0.055564853556485355,0.05707112970711297,0.0549163179916318,0.059560669456066945,0.05801255230125523,0.08405857740585775,0.0652928870292887,0.0698326359832636,0.05502092050209205,0.058284518828451884,0.08748953974895397,0.04615062761506276,0.048075313807531384,0.09997907949790795,0.053849372384937234,0.04684100418410042,S-DIAB__L1_K2_black,E3.2,
ALG2(beta=0.3),311,0.011745730289791539,0.007887782245517387,0.028490701674047825,0.008305485537899858,0.005577504314328227,0.008305485537899828,3.6529221201251687,8.860608220628874,25.83117096910604,57582.43,185.1525080385852,311.0,0.02071266868629454,0.02290589921459867,0.05321543408360129,0.05581993569131832,0.055032154340836005,0.056302250803858526,0.05553054662379421,0.08686495176848875,0.06692926045016077,0.07266881028938907,0.05471061093247589,0.05628617363344051,0.08861736334405144,0.04501607717041801,0.04588424437299035,0.112524115755627,0.05073954983922829,0.043858520900321545,S-DIAB__L1_K2_black,E3.2,
ALG2(beta=0.3),405,0.007664256118228023,0.0029808512218095816,0.020440277917773635,0.005419447473949549,0.0021077801126497737,0.005419447473949521,3.1040237278823497,8.278312556698323,30.905729554667897,75334.66,186.01150617283952,405.0,0.01875713766189361,0.01975789607773708,0.04939506172839506,0.05287654320987654,0.05176543209876543,0.05312345679012346,0.0507037037037037,0.08874074074074073,0.07006172839506172,0.07317283950617284,0.05538271604938272,0.05709876543209876,0.09388888888888888,0.04467901234567901,0.04354320987654321,0.12304938271604939,0.0495925925925926,0.04292592592592593,S-DIAB__L1_K2_black,E3.2,
ALG2(beta=0.3),527,0.006447677997310699,0.0032541850290072043,0.015530435344070007,0.004559196834805721,0.002301056301246748,0.004559196834805693,3.397926304582738,8.184539426324893,40.711451360906075,98277.89,186.485559772296,527.0,0.015976334811624,0.016819809077825237,0.047666034155597725,0.050872865275142315,0.050332068311195445,0.04962998102466793,0.049250474383301705,0.09172675521821633,0.07186907020872865,0.0737381404174573,0.05451612903225807,0.054573055028463,0.09697343453510436,0.04219165085388994,0.040370018975332066,0.13978178368121444,0.0472011385199241,0.03930740037950664,S-DIAB__L1_K2_black,E3.2,
ALG2(beta=0.3),687,0.005542872158094196,0.0028440404793768385,0.013624239722930007,0.003919402490238546,0.0020110403089364376,0.003919402490238518,3.807953172610712,9.359852689652916,34.81569681236872,128834.555,187.53210334788938,687.0,0.014202612251909583,0.014815312769908818,0.04438136826783115,0.04591703056768559,0.04631732168850073,0.046259097525473074,0.04668850072780204,0.09642649199417759,0.07478165938864628,0.07235807860262009,0.05202328966521107,0.051950509461426486,0.10609170305676857,0.038871906841339156,0.03588791848617176,0.16042940320232899,0.045684133915574965,0.0359315866084425,S-DIAB__L1_K2_black,E3.2,
ALG2(beta=0.3),894,0.003719285304455231,0.0011763198720253052,0.009085791697378158,0.002629931859947795,0.000831783758353608,0.0026299318599477665,3.325041062182977,8.122697777456073,42.0638232744105,168384.175,188.3491890380313,894.0,0.01239895835648016,0.013361115152125257,0.041364653243847874,0.042499999999999996,0.044888143176733786,0.04508948545861298,0.04312639821029083,0.09760626398210291,0.07466442953020135,0.069082774049217,0.049172259507829975,0.049619686800894854,0.11446308724832215,0.034916107382550333,0.031991051454138705,0.18353467561521256,0.04465883668903803,0.03332214765100671,S-DIAB__L1_K2_black,E3.2,
ALG2(beta=0.3),1165,0.0022350026488231066,0.0009726424859646628,0.004614394148728071,0.0015803855289527435,0.0006877620974957868,0.0015803855289527147,2.603778085878919,5.375769183268203,39.316894680222624,220815.21,189.54095278969956,1165.0,0.010441112191605565,0.010967583461332002,0.036412017167381974,0.038068669527896996,0.04014592274678112,0.041583690987124465,0.0390343347639485,0.10014163090128755,0.07266523605150214,0.06398712446351931,0.04462231759656652,0.04630472103004292,0.1280815450643777,0.03170386266094421,0.02947639484978541,0.21371673819742487,0.04444635193133047,0.029609442060085835,S-DIAB__L1_K2_black,E3.2,
ALG2(beta=0.3),1518,0.0013892448198400604,0.0005448126353765134,0.0033397010985644635,0.0009823444328372207,0.0003852407089508817,0.0009823444328371901,2.1088736365172114,5.069666267620855,54.56714095067921,289535.67,190.73496047430828,1518.0,0.009966000215978842,0.010314744075764952,0.03203227931488801,0.0330467720685112,0.03497694334650856,0.036179183135704875,0.0338965744400527,0.09820158102766798,0.07107048748353097,0.05678524374176548,0.03816205533596838,0.040286561264822135,0.1523320158102767,0.02649209486166008,0.026083662714097497,0.2502437417654809,0.04390316205533597,0.02630764163372859,S-DIAB__L1_K2_black,E3.2,
ALG2(beta=0.3),1977,0.0007231044994340691,0.0005858099876437871,0.001301143099618095,0.0005113120950563667,0.0004142302147497688,0.0005113120950563343,1.4295775953811545,2.572359907944974,47.82719390388182,379729.225,192.07345725847242,1977.0,0.008982405472696131,0.009030830550684439,0.02657814871016692,0.027961557916034396,0.028894790085988872,0.030720789074355083,0.029112291350531106,0.09205867475973697,0.06552604957005563,0.05120384420839656,0.03268588770864947,0.034446130500758725,0.17873545776428934,0.0218841679312089,0.021927162367223064,0.29268082953970664,0.04271876580677795,0.022865452706120382,S-DIAB__L1_K2_black,E3.2,
ALG2(beta=0.3),2575,0.0005869726058361724,0.0003432912277395159,0.0014417095286118264,0.00041505230995753014,0.00024274355505650615,0.000415052309957496,1.5114544600281443,3.712402036175453,19.268751222279654,497294.22,193.12396893203882,2575.0,0.007750333070167727,0.007824581052923416,0.0231126213592233,0.023155339805825244,0.023664077669902913,0.026419417475728155,0.02513009708737864,0.08312233009708737,0.060366990291262135,0.04436893203883495,0.027677669902912618,0.030935922330097086,0.20268155339805824,0.01873009708737864,0.018714563106796117,0.3329902912621359,0.038988349514563106,0.019941747572815534,S-DIAB__L1_K2_black,E3.2,
ALG2(beta=0.3),3354,0.0003833932419177781,0.00021982560477324889,0.0010631252841847452,0.000271099961221191,0.00015544017581363645,0.0002710999612211554,1.285900933392228,3.565722203155635,7.808362890274957,651424.315,194.22311121049492,3354.0,0.006752683145860448,0.006721553885541309,0.018670244484197972,0.018943053070960048,0.01900417412045319,0.021399821109123435,0.020424865831842574,0.07688878950506857,0.0528875968992248,0.03798598688133572,0.02353756708407871,0.025770721526535482,0.2276401311866428,0.015521765056648778,0.015545617173524151,0.3743783542039356,0.03464370900417412,0.016757602862254025,S-DIAB__L1_K2_black,E3.2,
ALG2(beta=0.3),4369,0.00016564032020072598,1.4067431678122194e-05,0.00037012944097329143,0.00011712539365188134,9.947176333515257e-06,0.00011712539365184443,0.7236825589569719,1.6170955276123102,8.546741983240448,852627.63,195.15395513847562,4369.0,0.005514944434878995,0.0055408602605053585,0.015045777065690089,0.015238040741588466,0.015327306019684139,0.017317463950560767,0.016479743648432136,0.06818722819867247,0.04610894941634241,0.030327306019684138,0.019084458686198215,0.02057564660105287,0.2510517280842298,0.012438773174639506,0.012621881437399863,0.4146887159533074,0.031388189517051954,0.014118791485465782,S-DIAB__L1_K2_black,E3.2,
ALG2(beta=0.3),5691,0.00020586728650983266,5.223257412586261e-05,0.0005492325960452547,0.00014557015431561457,3.6934007363261526e-05,0.00014557015431557654,1.171590727527458,3.1256827040935447,15.853604765454206,1114908.705,195.9073458091724,5691.0,0.004626036564993724,0.004655221328723277,0.012054999121419786,0.01229660868037252,0.012552275522755228,0.013814795290810051,0.013242839571252855,0.06042171850289932,0.04014496573537164,0.024681953962396766,0.01558249868212968,0.01647777192057635,0.2703022315937445,0.01011070110701107,0.010485854858548586,0.4482138464241785,0.02787207872078721,0.011744860305745916,S-DIAB__L1_K2_black,E3.2,
ALG2(beta=0.3),7412,0.0001300763828055046,5.712747450364227e-05,0.00024792800909254645,9.197789235402855e-05,4.039522461362363e-05,9.197789235398953e-05,0.9641261493544002,1.8376424033939545,7.494496652886367,1456766.04,196.54155963302753,7412.0,0.004243799004260337,0.004261755575110958,0.00954533189422558,0.009812466270912035,0.010093092282784674,0.0110746087425796,0.010466810577441987,0.05303966540744738,0.03353480841878036,0.019470453318942257,0.012417701025364275,0.01311049649217485,0.2887641662169455,0.008005261737722612,0.008464651915812197,0.47809565569347007,0.024608742579600648,0.009496087425796006,S-DIAB__L1_K2_black,E3.2,
ALG2(beta=0.3),9655,0.00010780538555374652,5.85898504290269e-05,0.0002050645850093393,7.622991917352426e-05,4.1429280547106636e-05,7.622991917348444e-05,1.0408609975214227,1.979898568265171,4.808325693011458,1902703.305,197.06921853961677,9655.0,0.004315496018890303,0.004316944954032162,0.00748161574313827,0.007721387881926463,0.007937338166752978,0.008667011910926982,0.008182288969445882,0.04468565510098395,0.027004142931123774,0.015517866390471258,0.009641118591403416,0.010400310719834284,0.3048399792853444,0.006361988606939409,0.006701708959088555,0.5062522009321595,0.021015018125323668,0.007590367685137234,S-DIAB__L1_K2_black,E3.2,
ALG2(beta=0.3),12576,7.796719262538307e-05,3.1233078410341836e-05,0.0001936736586082853,5.513113061552658e-05,2.2085121541326024e-05,5.513113061548615e-05,0.9805154144568174,2.435639930657796,6.67828061777703,2483491.45,197.47864583333336,12576.0,0.0037684069508644364,0.0037517885244906803,0.005872296437659032,0.0061068702290076335,0.006199904580152672,0.006725906488549618,0.0063815998727735366,0.03753538486005089,0.02137523854961832,0.012315521628498728,0.0075691793893129765,0.008103530534351144,0.3186637245547074,0.004994433842239186,0.005272741730279898,0.529699427480916,0.017157283715012725,0.006026956106870229,S-DIAB__L1_K2_black,E3.2,
ALG2(beta=0.3),16381,5.8194588550479584e-05,2.0390713250129846e-05,0.00010672326696315624,4.114978819244607e-05,1.441841161243692e-05,4.114978819240513e-05,0.9532855550454061,1.7482338361234624,7.405088085615723,3240359.425,197.81206428178987,16381.0,0.0033178643858257973,0.003317348058442544,0.004601367437885355,0.004752457114950247,0.004862950979793663,0.005214272632928393,0.004978023319699652,0.030768268115499663,0.01670777119833954,0.009579695989255847,0.005929430437702216,0.006458396923264758,0.32915878151517003,0.003935351932116477,0.004199682559062328,0.5496929369391368,0.014395641291740431,0.004764971613454612,S-DIAB__L1_K2_black,E3.2,
ALG2(beta=0.3),20000,3.876363172022066e-05,8.202628539636098e-06,6.250804957903548e-05,2.7410026852827237e-05,5.800134263973156e-06,2.741002685278598e-05,0.7752726344044132,1.2501609915807095,5.492801678699762,3960302.935,198.01514675,20000.0,0.0028420394047042985,0.002841576723686137,0.0038265,0.00392825,0.0040595,0.0043170000000000005,0.004107,0.026976,0.01389625,0.00794075,0.00490775,0.00535525,0.33634525,0.0032872500000000002,0.00348825,0.5613055,0.01229075,0.00396875,S-DIAB__L1_K2_black,E3.2,
ALG2(beta=0.3),21337,4.465529692143337e-05,2.5096377587583824e-05,9.137624647134956e-05,3.1576063269085646e-05,1.7745818775438143e-05,3.157606326904429e-05,0.9528100704126237,1.9496949709591853,7.606549220451643,4226336.09,198.07545999906264,21337.0,0.0027679455993469032,0.0027783161179086146,0.003595397666026152,0.0036844448610395086,0.0038224680133102126,0.004072034494071332,0.003861133242723907,0.025775647935511084,0.013094155691990439,0.0075071472090734405,0.0046260017809439,0.005027417162675165,0.3384332380372123,0.0030995453906359845,0.0032867788348877533,0.5645102404274265,0.011858977363265688,0.003745371889206543,S-DIAB__L1_K2_black,E3.2,
ALG2(beta=0.3),27793,3.882855129865187e-05,3.498786292358064e-05,6.67797449181801e-05,2.7455931926968128e-05,2.4740155132529442e-05,2.7455931926926468e-05,1.0791619262434315,1.8560094505109794,7.512863700003317,5510590.505,198.27260479257367,27793.0,0.0023268766854915475,0.00232366511766456,0.002828410031302846,0.002899111287014716,0.003042672615406757,0.0031925304932896776,0.003009210952398086,0.02198053466700248,0.010233871838232649,0.005847515561472313,0.003607563055445616,0.003945238009570756,0.3456168819486921,0.0024547547943726835,0.00257420933328536,0.5761137696542294,0.00963102219983449,0.0030227035584499697,S-DIAB__L1_K2_black,E3.2,
ALG2(beta=0.3),36202,2.9772123834809024e-05,2.576603436370177e-05,5.2362995102797145e-05,2.105207065396098e-05,1.8219337622900716e-05,2.10520706539191e-05,1.0778104270677564,1.8956451487114623,6.138285835830585,7183573.2,198.43028561957902,36202.0,0.0019695259990425507,0.001970641100665257,0.00220719849732059,0.002278741505994144,0.0023813601458482956,0.0025002762278327163,0.0023400640848571905,0.01870117673056737,0.00795508535440031,0.0045634219103916915,0.00282525827302359,0.0030553560576763714,0.350629247002928,0.0019138445389757471,0.0020237832163968843,0.586428512236893,0.007814209159714933,0.0023824650571791614,S-DIAB__L1_K2_black,E3.2,
ALG2(beta=0.3),47156,2.493881443149447e-05,1.9862782773468488e-05,4.0117434478763645e-05,1.7634404799304754e-05,1.4045108392397143e-05,1.7634404799262674e-05,1.1760147333315532,1.8917777402805784,6.13441842739973,9363224.255,198.5584921324964,46405.705,0.001725864974520918,0.0017277598270395533,0.0017055093731444565,0.001770930528458733,0.0018573458308592755,0.0019459877852235135,0.0018210832131648146,0.015414475358384935,0.0063068326405971665,0.0035690050046653663,0.0022036432267367886,0.002364704385444058,0.3554209432521842,0.001488781915344813,0.0016024471965391466,0.594401136652812,0.006262511663415048,0.001864661973025702,S-DIAB__L1_K2_black,E3.2,
ALG2(beta=0.3),61423,1.9197573321595374e-05,1.1665463630414413e-05,3.438287534271057e-05,1.3574734278068296e-05,8.248728438793176e-06,1.3574734278026046e-05,1.1791725461323528,2.1118993521753113,9.182967164040715,12202127.385,198.65730076681373,51923.75,0.0015076453802786401,0.001506504908326412,0.0013280855705517477,0.0013703335883952265,0.0014358627875551502,0.0015087182325838856,0.0014154307018543542,0.012812301580841054,0.004921609169203718,0.0027910554678215,0.001706852481969295,0.0018559822867655438,0.3591921592888657,0.0011515230451133941,0.001243915145792293,0.6007583478501538,0.005024583625026456,0.0014832391775067972,S-DIAB__L1_K2_black,E3.2,
ALG2(beta=0.3),80008,1.243267389410367e-05,3.932130631062179e-06,3.1419673247878405e-05,8.791228018844037e-06,2.7804362337782413e-06,8.791228018801666e-06,0.9947133729194466,2.513825217216256,10.999106591454897,15900443.325,198.73566799570042,57562.405,0.0012492905718378123,0.00124967545913992,0.0010243350664933507,0.0010570192980701928,0.0011128262173782622,0.001168008199180082,0.0010946405359464053,0.010815793420657934,0.003831116888311169,0.002199842515748425,0.0013186181381861814,0.0014386061393860613,0.36204492050794923,0.000898972602739726,0.0009624037596240376,0.6058564143585642,0.004026909809019098,0.0011495725427457253,S-DIAB__L1_K2_black,E3.2,
ALG2(beta=0.3),100000,1.0722527355559547e-05,8.202628539635834e-06,2.0081642707825087e-05,7.581971804616859e-06,5.800134263973038e-06,7.581971804574416e-06,1.072252735555955,2.0081642707825083,9.079232082648018,19878731.945,198.78731945,57641.3,0.0011193241188931016,0.00111991701246116,0.0008232,0.0008514499999999999,0.0009030500000000001,0.0009439,0.00088285,0.00944355,0.0031022500000000004,0.0017701,0.00106685,0.00115595,0.36403699999999994,0.0007222499999999999,0.0007770499999999999,0.6092392,0.00335305,0.0009283,S-DIAB__L1_K2_black,E3.2,
ALG2(beta=0.3),104215,9.459379726938389e-06,7.647310920629568e-06,2.1217464568119383e-05,6.688791550779145e-06,5.4074654098618565e-06,6.688791550736688e-06,0.9858092582428841,2.2111780699665617,6.453818757085902,20717506.785,198.79582387372258,57651.87,0.0011081132891165302,0.0011086635896438851,0.0007900973948088087,0.0008175886388715636,0.0008715156167538263,0.0009071630763325817,0.0008480545027107422,0.009219929952502039,0.0029933790721105406,0.0017063282636856497,0.0010240848246413665,0.001109341265652737,0.36442983255769323,0.0006931823633833901,0.0007487405843688529,0.6097216811399511,0.0032271745909897807,0.0008919061555438277,S-DIAB__L1_K2_black,E3.2,
ALG2(beta=0.3),135746,4.877503873559799e-06,8.485558278365992e-08,2.0751317304417707e-05,3.448916064300319e-06,6.000195805053281e-08,3.448916064257787e-06,0.6621016408202485,2.816908318805486,5.6453354435520575,26992060.215,198.84239841321292,57682.65,0.0009608947184679571,0.0009605334796657428,0.0006093733885344688,0.0006315839877418119,0.0006709958304480427,0.0007022306366301769,0.0006532052509834544,0.007974047117410458,0.0023177110191092186,0.0013194495602080357,0.0007914413684381124,0.0008539478143002372,0.36627838021009823,0.0005349328893669058,0.0005787647518158914,0.612849365727167,0.002541364018092614,0.0006932064296553857,S-DIAB__L1_K2_black,E3.2,
ALG2(beta=0.3),176818,4.112566311034867e-06,1.0240156117141706e-06,9.022146810874255e-06,2.908023526654681e-06,7.240883831265425e-07,2.908023526612099e-06,0.7271757499845631,1.5952779548051639,7.252132204297385,35165317.095,198.87860452555734,57717.99,0.0008868850331041855,0.0008875984705961284,0.0004700596093157936,0.0004858102681853658,0.0005160673687068059,0.0005423373185987852,0.0005038514178420749,0.006984385073917813,0.0018428836430680136,0.0010210216154463911,0.0006124376477507946,0.0006631960547003133,0.3677594758452194,0.0004118076213960117,0.00044576909590652534,0.6152010541913153,0.002003274553495685,0.0005365686751348845,S-DIAB__L1_K2_black,E3.2,
ALG2(beta=0.3),230316,4.048105407100732e-06,1.7970484311457436e-06,1.0483588279922215e-05,2.8624427843614854e-06,1.2707051318266407e-06,2.8624427843188568e-06,0.932343444941812,2.414538118278565,5.242965243025064,45811349.88,198.9065018496327,57743.92,0.0007808856038595913,0.0007809157492803455,0.0003624585352298581,0.00037374737317424754,0.0003994294794977336,0.00041699230622275487,0.00038714201358134047,0.006255058267771237,0.00142295802289029,0.0008017245870890429,0.0004721339377203494,0.0005110153007172754,0.36893865384949376,0.00031762882300838847,0.00034467861546744476,0.617005700863162,0.0015745106722937182,0.0004161673526806648,S-DIAB__L1_K2_black,E3.2,
ALG2(beta=0.3),300000,3.4976886297579527e-06,1.22546187618375e-06,6.410911604885109e-06,2.473239348623602e-06,8.665324027776813e-07,2.473239348580932e-06,1.0493065889273858,1.9232734814655326,7.438706374720655,59678395.395,198.92798465,57762.75,0.0006817627889125502,0.0006813366468208701,0.000279,0.00028805000000000004,0.000307,0.0003215333333333333,0.0002977666666666667,0.005682100000000001,0.0010975499999999999,0.0006179833333333334,0.0003645666666666667,0.00039319999999999996,0.3699363666666667,0.0002451833333333334,0.00026506666666666664,0.6183474833333333,0.0012361333333333333,0.00032101666666666667,S-DIAB__L1_K2_black,E3.2,
