cost_ratio,policy,budget,err_mean,err_median,err_q90,n_mean,complete,spent_mean,fallback
1.5,"ALG3+2(n=100,c0=0.05)",50000.0,0.04346675008938842,0.04194713048191986,0.069103231932518,483.0,,,0.01
1.5,"ALG3+2(n=100,c0=0.05)",73878.43641167984,0.03957283570952149,0.03723524972255453,0.06100036475312745,714.0,,,0.01
1.5,"ALG3+2(n=100,c0=0.05)",109160.46733269267,0.038867324523449376,0.04016373223263141,0.05321160852130263,1054.0,,,0.01
1.5,"ALG3+2(n=100,c0=0.05)",161292.09289015183,0.0375213582794614,0.03742728714163929,0.04945302569915234,1558.0,,,0.01
1.5,"ALG3+2(n=100,c0=0.05)",238320.15256583734,0.012022764565254706,0.0113483131158178,0.024191403262245365,2396.98,,,0.01
1.5,"ALG3+2(n=100,c0=0.05)",352134.4047391411,0.006209042256293322,0.0015043037813766342,0.02040409223378493,3640.325,,,0.01
1.5,"ALG3+2(n=100,c0=0.05)",520302.7845777085,0.00540046668196746,0.0010146355980644893,0.021195008681135656,5493.2,,,0.01
1.5,"ALG3+2(n=100,c0=0.05)",768783.123704884,0.005130046583777148,0.0006221254798856894,0.018840721522845924,8222.39,,,0.01
1.5,"ALG3+2(n=100,c0=0.05)",1135929.90238008,0.004856959361560715,0.0004095431186960888,0.023939865640048536,12250.27,,,0.01
1.5,"ALG3+2(n=100,c0=0.05)",1678414.5012222487,0.004696158867611279,0.00029703465440498154,0.020984637928831998,18226.45,,,0.01
1.5,"ALG3+2(n=100,c0=0.05)",2479972.7800197904,0.00455392880225528,0.0001589615451457609,0.021005435782630127,27029.8,,,0.01
1.5,"ALG3+2(n=100,c0=0.05)",3664330.2266277797,0.004479487420064127,0.0001323064225852339,0.021570636640731455,40070.025,,,0.01
1.5,"ALG3+2(n=100,c0=0.05)",5414299.752786348,0.0044694695684053725,8.64845727050658e-05,0.020794331109816565,59295.955,,,0.01
1.5,"ALG3+2(n=100,c0=0.05)",8000000.0,0.004424104893472666,5.906414840963618e-05,0.021982338136953453,87795.15,,,0.01
