offline_cost,policy,budget,err_mean,err_median,err_q90,n_mean,fallback
199.0,MYOPIC-COST,1000000.0,0.0004983075739238298,0.00039634506584106203,0.0009743632092696563,7050.32,
199.0,MYOPIC-COST,1259921.049894874,0.00037189088089690484,0.00031674970367820117,0.0007058192185221451,8918.185,
199.0,MYOPIC-COST,1587401.0519681985,0.00027144500619615485,0.00023238050129654612,0.0005532119486369943,11261.065,
199.0,MYOPIC-COST,2000000.0000000002,0.00020626748814015858,0.00016927507692244122,0.00037779736821249687,14209.415,
199.0,MYOPIC-COST,2519842.0997897484,0.00015892241492020183,0.0001280466012723719,0.0002897888553981506,17954.485,
199.0,MYOPIC-COST,3174802.1039363975,0.00012857777361062066,0.00010726020232709707,0.000258113824825345,22674.995,
199.0,MYOPIC-COST,4000000.000000001,9.265678082948899e-05,7.399307456963448e-05,0.00017597857987676038,28600.565,
199.0,MYOPIC-COST,5039684.199579498,7.887596300844905e-05,6.0311771929090824e-05,0.0001593347080002029,36058.405,
199.0,MYOPIC-COST,6349604.207872796,5.8271945478502176e-05,4.616075287339509e-05,0.0001200639069891132,45401.215,
199.0,MYOPIC-COST,8000000.0,4.63561509076003e-05,3.6332001099374935e-05,8.690392106568336e-05,57089.12,
