offline_cost,policy,budget,err_mean,err_median,err_q90,n_mean,complete,spent_mean
199.0,CHEAP-DISCARD(PORTAL),1000000.0,0.0013778198916124188,4.020425295868381e-05,0.004522313897593013,11259.6425,0.52,991927.08
199.0,CHEAP-DISCARD(PORTAL),1259921.049894874,0.0012831542449180812,4.960709063136568e-05,0.00421359160972467,14187.9225,0.51,1251237.96
199.0,CHEAP-DISCARD(PORTAL),1587401.0519681985,0.0013291871668935282,2.9469454430956585e-05,0.004236658825279924,17875.6375,0.525,1576254.06
199.0,CHEAP-DISCARD(PORTAL),2000000.0000000002,0.0010532851146391523,2.4169778272578662e-05,0.0033193180552273023,22527.6875,0.5325,1988155.44
199.0,CHEAP-DISCARD(PORTAL),2519842.0997897484,0.0009432601675581026,3.904108807721945e-05,0.0030304769102821316,28386.1425,0.5,2507570.46
199.0,CHEAP-DISCARD(PORTAL),3174802.1039363975,0.0010445113735669748,0.00026401681735890555,0.0031070937872952143,35760.735,0.465,3161738.88
199.0,CHEAP-DISCARD(PORTAL),4000000.000000001,0.0008144211239208312,0.00017237490483397078,0.0025629157294100274,45066.69,0.48,3983158.8
199.0,CHEAP-DISCARD(PORTAL),5039684.199579498,0.0007354777943992469,3.460291242619451e-05,0.002284034611992773,56783.7075,0.5,5020585.74
199.0,CHEAP-DISCARD(PORTAL),6349604.207872796,0.0005987282814730408,7.814768233542919e-05,0.001973659570309518,71552.4,0.48,6329221.02
199.0,CHEAP-DISCARD(PORTAL),8000000.0,0.0006134222640634122,8.869366927340043e-05,0.0019368230891055654,90151.1225,0.475,7979994.0
