offline_cost,policy,budget,err_mean,err_median,err_q90,n_mean,complete,spent_mean,fallback
199.0,"ALG3+2(n=200,c0=0.05)",1000000.0,0.0021893039206575524,0.0005708884176281434,0.006826320913331907,6279.965,,,0.015
199.0,"ALG3+2(n=200,c0=0.05)",1259921.049894874,0.0014418337847973744,0.00034652051502188604,0.0026491569256267473,8253.515,,,0.015
199.0,"ALG3+2(n=200,c0=0.05)",1587401.0519681985,0.0012897376547140146,0.0002544649055854721,0.0019156301131435058,10720.8,,,0.015
199.0,"ALG3+2(n=200,c0=0.05)",2000000.0000000002,0.0010692455210587854,0.00019500811504911432,0.0010286620264350992,13845.8,,,0.015
199.0,"ALG3+2(n=200,c0=0.05)",2519842.0997897484,0.0010157202631017508,0.00018732563405323273,0.0007581024738744692,17782.385,,,0.015
199.0,"ALG3+2(n=200,c0=0.05)",3174802.1039363975,0.0008870720615013419,0.00013476129213093056,0.000436208679374731,22722.875,,,0.015
199.0,"ALG3+2(n=200,c0=0.05)",4000000.000000001,0.0008308752898009205,9.583124110606827e-05,0.0004276156805718384,28978.07,,,0.015
199.0,"ALG3+2(n=200,c0=0.05)",5039684.199579498,0.0007906048410549952,8.248927249452902e-05,0.0003186954706487317,36878.445,,,0.015
199.0,"ALG3+2(n=200,c0=0.05)",6349604.207872796,0.000764774832814701,5.875665314903541e-05,0.00028436418542930885,46784.49,,,0.015
199.0,"ALG3+2(n=200,c0=0.05)",8000000.0,0.0007485777689624435,4.4927109529071805e-05,0.0002149912709512967,59247.465,,,0.015
