cost_ratio,policy,budget,err_mean,err_median,err_q90,n_mean,complete,spent_mean
2.764,CHEAP-DISCARD(ONLINE),50000.0,0.00760049850129991,0.0008428549657930607,0.02297857650618913,493.495,0.51,48400.2
2.764,CHEAP-DISCARD(ONLINE),73878.43641167984,0.0061055997269744,0.0001228489599708973,0.021953718738119403,730.875,0.5525,71598.24
2.764,CHEAP-DISCARD(ONLINE),109160.46733269267,0.00611146659009344,0.0011864230467242927,0.018889230009827864,1080.14,0.48,106652.88
2.764,CHEAP-DISCARD(ONLINE),161292.09289015183,0.0044886398013492266,0.00041824702378758134,0.01438454761538643,1598.2375,0.4975,158009.76
2.764,CHEAP-DISCARD(ONLINE),238320.15256583734,0.002967613187284798,0.0002548238761476723,0.00960777978941001,2364.45,0.555,233544.42
2.764,CHEAP-DISCARD(ONLINE),352134.4047391411,0.002896733654059164,0.00013538215428709045,0.00894127940746387,3494.875,0.5425,346536.36
2.764,CHEAP-DISCARD(ONLINE),520302.7845777085,0.0021343547295341126,9.585652318939045e-05,0.00780461034384607,5167.8875,0.56,513564.84
2.764,CHEAP-DISCARD(ONLINE),768783.123704884,0.002068386513955722,0.00017418194152937,0.0059694463475049985,7636.435,0.4975,761578.74
2.764,CHEAP-DISCARD(ONLINE),1135929.90238008,0.0018211738017650852,0.0002424762779846063,0.005533468205700787,11285.8625,0.4925,1126247.76
2.764,CHEAP-DISCARD(ONLINE),1678414.5012222487,0.0012374277129900664,3.687619906850456e-05,0.004017873279884905,16684.5325,0.5375,1666051.74
2.764,CHEAP-DISCARD(ONLINE),2479972.7800197904,0.0009878493281501623,2.7329317258106862e-05,0.003200627814634618,24659.155,0.51,2466788.76
2.764,CHEAP-DISCARD(ONLINE),3664330.2266277797,0.0010315693291296198,0.00032568178661042765,0.003163046357056499,36434.6325,0.4425,3649953.06
2.764,CHEAP-DISCARD(ONLINE),5414299.752786348,0.0007185211883598816,1.238137926909589e-05,0.00230160026214119,53850.325,0.52,5395344.48
2.764,CHEAP-DISCARD(ONLINE),8000000.0,0.0006693222488638423,6.4273583456759675e-06,0.0020602918716754242,79572.9475,0.5125,7972213.68
