channel,n,pool_share,cost,Hisp,Black,other
ONLINE,1583,0.4846823402475022,72.0,0.13648874238736594,0.13907036592653724,0.7244408916860968
PORTAL,1691,0.5287053650920815,72.0,0.1546245487699456,0.13431726459317483,0.7110581866368796
LANDLINE,642,0.1716314984584989,199.0,0.09631514714929028,0.14440648577711604,0.7592783670735936
CELL,2746,0.8493059385559979,199.0,0.20046063364614408,0.15111787462071816,0.6484214917331377
MEDICARE,2020,0.5232553796650197,199.0,0.14260348194691755,0.14635355714376413,0.7110429609093183
MEDICAID,637,0.21167523290581766,199.0,0.30751135487079345,0.20686310024922783,0.48562554487997867
VA,198,0.055337889642157155,199.0,0.1550848258734291,0.19491967013993258,0.6499955039866383
ED,1021,0.31104142853183947,199.0,0.19816353342905862,0.18134987379594308,0.6204865927749983
INPATIENT,619,0.18077461145781315,199.0,0.171429627814594,0.15565651689678553,0.6729138552886205
TELEHEALTH,1123,0.3427010256995856,199.0,0.18401185712489437,0.1645452935961086,0.6514428492789971
SPANISH,289,0.11809472266821695,199.0,0.9417835942271908,0.003993822704267476,0.054222583068541705
SITE_NE,435,0.1533992513195205,199.0,0.1918356649599492,0.12547552823059863,0.6826888068094522
SITE_MW,701,0.1892489861735312,199.0,0.04298250708607089,0.10678343621796041,0.8502340566959687
SITE_S,1253,0.3838622934636106,199.0,0.15898812845018145,0.24535765132787837,0.5956542202219403
SITE_W,691,0.20377024875277872,199.0,0.3723380264330782,0.048200260846450585,0.5794617127204712
RURAL,666,0.18114464909218908,199.0,0.05209144774952363,0.09162500989861957,0.8562835423518569
