scenario,target,ladder,K,m,n_target,margin_c,t_star,C_min,cost_lp_discard,cost_quota,naive_cheapest,naive_uniform,naive_poolprop,kappa,N_c
S-DIAB__L1_K2_black,S-DIAB,L1_K2_black,2,16,3294,0.12751037588812997,12.30095822635886,91.26596302225644,80.3476881353398,80.3476881353398,0.01612383393919886,0.015191967867918432,0.007060592897212725,0.00562556065124906,27677.0
S-DIAB__L2_K3_eth,S-DIAB,L2_K3_eth,3,16,3294,0.08222582373433156,29.5810462067067,106.13655226688863,85.67096959074931,100.47302655358646,0.07009949485949174,0.02870516681224275,0.007060592897212725,0.07784370440159366,113956.0
S-DIAB__L3_K3_age,S-DIAB,L3_K3_age,3,16,3294,0.04693070847683893,90.8062570274179,114.05277548121659,84.74460486384798,84.74460486384798,0.07079354482016337,0.029039274127941217,0.02286601818781342,0.1892876144716703,367539.0
S-DIAB__L4_K4_blackage,S-DIAB,L4_K4_blackage,4,16,3294,0.008577564316067427,2718.3290689201363,140.7615536998049,113.52496276437367,116.1490315739418,0.060923155030818965,0.033355550020872926,0.024908809579205105,0.3116804914029042,18216236.0
S-DIAB__L5_K4_agesex,S-DIAB,L5_K4_agesex,4,16,3294,0.025618104264272634,304.744599403831,127.18535160146912,85.14497685886718,85.14497685886718,0.05478479811504533,0.029836157287644716,0.022718316619831425,0.37601826289240425,1838905.0
S-DIAB__L6_K6_ethage,S-DIAB,L6_K6_ethage,6,16,3294,0.0013825801881633291,104628.34048868633,154.39795849708145,119.72071895565058,155.46367644291877,0.07756876042238747,0.037292976731020944,0.02338268360871415,0.3670975222933115,1333881315.0
S-DIAB__ML_K4_marginals,S-DIAB,ML_K4_marginals,4,16,3294,0.0537124238524088,69.3235019864737,123.77581026743613,,,0.07079354482016237,0.029039274127941883,0.02286601818781392,,
S-DIAB-T2__L1_K2_black,S-DIAB-T2,L1_K2_black,2,16,2789,0.12514964362368386,12.769407931719307,91.17572087963374,80.26301394415358,80.26301394415358,0.01573800777981571,0.015761291237277292,0.006279801461727186,0.007183821869624006,29061.0
S-DIAB-T2__L2_K3_eth,S-DIAB-T2,L2_K3_eth,3,16,2789,0.08172078652285679,29.947799712704107,105.21824040099129,86.22821495565988,98.65732435292924,0.06541545406137295,0.03112298760774987,0.006803487458128421,0.08144790069034369,113956.0
S-DIAB-T2__L3_K3_age,S-DIAB-T2,L3_K3_age,3,16,2789,0.051766432179118596,74.63345177981459,108.54080681184129,84.52975623849944,84.52975623849944,0.07324131602556144,0.02621924108829865,0.02189939312320255,0.17553438396364682,302374.0
S-DIAB-T2__L4_K4_blackage,S-DIAB-T2,L4_K4_blackage,4,16,2789,0.00819566685634049,2977.566039915078,136.49138951960703,117.06425289175723,119.30915745933433,0.06161535034751475,0.03010438894676598,0.023578302654775396,0.29826874345083493,20083401.0
S-DIAB-T2__L5_K4_agesex,S-DIAB-T2,L5_K4_agesex,4,16,2789,0.03307191968740968,182.85682992152695,128.74143691669468,84.63526649571375,84.77351899532401,0.05407595717181812,0.02687319623685519,0.021243569965513243,0.3757727781982644,1075165.0
S-DIAB-T2__L6_K6_ethage,S-DIAB-T2,L6_K6_ethage,6,16,2789,0.003464448870304575,16663.325704641127,164.2089392854984,122.44215173484591,164.37567138235295,0.07191612745143455,0.034929609155660735,0.023115799881960886,0.3766689940805905,189472074.0
S-DIAB-T2__ML_K4_marginals,S-DIAB-T2,ML_K4_marginals,4,16,2789,0.05531871617126438,65.3560521501609,124.74288682796865,,,0.07324131602556117,0.031122987607749925,0.021899393123202993,,
S-HTN__L1_K2_black,S-HTN,L1_K2_black,2,16,11093,0.122414687112244,13.346363280331357,98.81220838461587,85.34193842442915,88.16832633915784,0.027172672337644976,0.013937015879168735,0.008394924373798962,0.022276768423657792,30515.0
S-HTN__L2_K3_eth,S-HTN,L2_K3_eth,3,16,11093,0.05855476267446502,58.33182248313137,100.09852647188958,87.78646806568008,93.39075235009943,0.05796635385658355,0.03761920888746978,0.008394924373798823,0.10193481337292673,236915.0
S-HTN__L3_K3_age,S-HTN,L3_K3_age,3,16,11093,0.029760597730481227,225.81183318496238,108.99978345425173,84.27246118702945,85.29295389531758,0.06713034418836922,0.04858901869015991,0.037499245619082855,0.1371954761454893,975205.0
S-HTN__L4_K4_blackage,S-HTN,L4_K4_blackage,4,16,11093,0.008486963359099008,2776.6768617037255,116.10788113391638,106.84776918419308,116.7858789467661,0.074285162388594,0.0479094505812559,0.03635822457184279,0.25561105573256554,19127048.0
S-HTN__L5_K4_agesex,S-HTN,L5_K4_agesex,4,16,11093,0.006680789608315113,4480.994443308124,164.06851419710927,84.2802098672918,87.48152037160662,0.050998400661663223,0.04035288265136133,0.03640839393540124,0.3914389755337036,31155953.0
S-HTN__L6_K6_ethage,S-HTN,L6_K6_ethage,6,16,11093,0.002623302084368239,29062.52789075767,121.2265570798415,110.7094363242347,141.98498464333443,0.08370428797538892,0.05433638256988049,0.031919175458477445,0.34094810287237626,340264629.0
S-HTN__ML_K4_marginals,S-HTN,ML_K4_marginals,4,16,11093,0.03991811642839493,125.51334808823512,119.59073021393709,,,0.06713034418836805,0.048589018690160524,0.0374992456190833,,
S-ALL__L1_K2_black,S-ALL,L1_K2_black,2,16,29516,0.11166392890355908,16.039993454752935,93.45970662057002,83.34329262167854,87.06253521520799,0.020408057727911863,0.00672305231422618,0.006375512544468928,0.014101881396574515,37094.0
S-ALL__L2_K3_eth,S-ALL,L2_K3_eth,3,16,29516,0.07819690681815984,32.707763365099716,100.06547862923745,87.36952778804874,90.44520973606448,0.05618080973310147,0.018330943756054235,0.010587194342675188,0.08504807771877353,125637.0
S-ALL__L3_K3_age,S-ALL,L3_K3_age,3,16,29516,0.01554823627639355,827.3089683356627,77.32433535240725,77.31059840743222,89.21756974692327,0.050883806027862355,0.0929663525536373,0.04371523937513658,0.15364755537498334,3822964.0
S-ALL__L4_K4_blackage,S-ALL,L4_K4_blackage,4,16,29516,0.004322499350962912,10704.345598325977,100.3335755566646,93.15406907615247,125.97967538717364,0.05474969014908848,0.08483357454655582,0.040895300899296244,0.16614909720628998,78729554.0
S-ALL__L5_K4_agesex,S-ALL,L5_K4_agesex,4,16,29516,-0.0017857924841011286,,inf,82.25294947981055,92.69437096777337,0.06264911840157122,0.07299653240005044,0.05467442142919471,0.42058838390408687,
S-ALL__L6_K6_ethage,S-ALL,L6_K6_ethage,6,16,29516,0.0017110980822108122,68309.35531240902,112.12018162632256,100.84280022950098,163.1290463009988,0.07858057975104948,0.08492651437344956,0.036733373618757476,0.22204453052015544,818887415.0
S-ALL__ML_K4_marginals,S-ALL,ML_K4_marginals,4,16,29516,0.017065577931343723,686.7331226671847,109.79631225970468,,,0.04353461243453263,0.09296635255363692,0.043715239375136355,,
S-DIAB__T1-AGE,S-DIAB,T1-AGE,2,2,3294,0.10011719121314261,19.953205788855666,95.66222186431169,84.74460486384798,84.74460486384798,0.07079354482016342,0.11918819577286632,0.028570048920366964,0.2427518727988556,45090.0
S-DIAB__T1-BLACK,S-DIAB,T1-BLACK,2,2,3294,0.0228025446342666,384.64790082736727,91.26596302225644,80.3476881353398,80.3476881353398,0.01612383393919886,0.03701980876147182,0.030850932303788103,0.16932350591615858,1023966.0
