scenario,N,r,cost_adaptive,cost_quota,cost_naive_cheapest,contacts_quota,cost_lp_discard
S-DIAB__T1-AGE,200,1.0,14400.0,16880.940000000002,14400.0,234.4575,14400.0
S-DIAB__T1-AGE,200,1.5,15741.48029466964,16880.940000000002,14400.0,234.4575,15741.48029466964
S-DIAB__T1-AGE,200,2.0,17082.96058933928,16880.940000000002,14400.0,234.4575,16948.9209727696
S-DIAB__T1-AGE,200,2.76,19122.010637237127,16880.940000000002,14400.0,234.4575,16948.920972769596
S-DIAB__T1-AGE,200,4.0,22448.881768017836,16880.940000000002,14400.0,234.4575,16948.920972769596
S-DIAB__T1-AGE,200,8.0,33180.72412537495,16880.940000000002,14400.0,234.4575,16948.920972769596
S-DIAB__T1-AGE,500,1.0,36000.0,42305.4,36000.0,587.575,36000.0
S-DIAB__T1-AGE,500,1.5,39353.7007366741,42305.4,36000.0,587.575,39353.7007366741
S-DIAB__T1-AGE,500,2.0,42707.401473348196,42305.4,36000.0,587.575,42372.302431924
S-DIAB__T1-AGE,500,2.76,47805.02659309282,42305.4,36000.0,587.575,42372.30243192399
S-DIAB__T1-AGE,500,4.0,56122.20442004459,42305.4,36000.0,587.575,42372.30243192399
S-DIAB__T1-AGE,500,8.0,82951.81031343738,42305.4,36000.0,587.575,42372.30243192399
S-DIAB__T1-AGE,1000,1.0,72000.0,84816.90000000001,72000.0,1178.0125,72000.0
S-DIAB__T1-AGE,1000,1.5,78707.4014733482,84816.90000000001,72000.0,1178.0125,78707.4014733482
S-DIAB__T1-AGE,1000,2.0,85414.80294669639,84816.90000000001,72000.0,1178.0125,84744.604863848
S-DIAB__T1-AGE,1000,2.76,95610.05318618564,84816.90000000001,72000.0,1178.0125,84744.60486384798
S-DIAB__T1-AGE,1000,4.0,112244.40884008918,84816.90000000001,72000.0,1178.0125,84744.60486384798
S-DIAB__T1-AGE,1000,8.0,165903.62062687476,84816.90000000001,72000.0,1178.0125,84744.60486384798
S-DIAB__T1-AGE,2000,1.0,144000.0,169681.32,144000.0,2356.685,144000.0
S-DIAB__T1-AGE,2000,1.5,157414.8029466964,169681.32,144000.0,2356.685,157414.8029466964
S-DIAB__T1-AGE,2000,2.0,170829.60589339279,169681.32,144000.0,2356.685,169489.209727696
S-DIAB__T1-AGE,2000,2.76,191220.1063723713,169681.32,144000.0,2356.685,169489.20972769597
S-DIAB__T1-AGE,2000,4.0,224488.81768017836,169681.32,144000.0,2356.685,169489.20972769597
S-DIAB__T1-AGE,2000,8.0,331807.2412537495,169681.32,144000.0,2356.685,169489.20972769597
S-DIAB__T1-AGE,5000,1.0,360000.0,423896.22000000003,360000.0,5887.4475,360000.0
S-DIAB__T1-AGE,5000,1.5,393537.007366741,423896.22000000003,360000.0,5887.4475,393537.007366741
S-DIAB__T1-AGE,5000,2.0,427074.014733482,423896.22000000003,360000.0,5887.4475,423723.02431924
S-DIAB__T1-AGE,5000,2.76,478050.2659309282,423896.22000000003,360000.0,5887.4475,423723.0243192399
S-DIAB__T1-AGE,5000,4.0,561222.0442004459,423896.22000000003,360000.0,5887.4475,423723.0243192399
S-DIAB__T1-AGE,5000,8.0,829518.1031343738,423896.22000000003,360000.0,5887.4475,423723.0243192399
