policy,T,err_l2_mean,err_l2_med,err_l2_q90,err_linf_mean,err_linf_med,err_tv_mean,S_norm_mean,S_norm_q90,S_norm_max,cost_mean,cost_per_sample,uncertain_mean,alloc_err,samp_err,pull_ONLINE,pull_SITE_S,scenario,err_scalar_mean,S_scalar_mean
ALG1,10,0.11882083933797423,0.0780563860144552,0.21947774225176467,0.08401902124215892,0.05519419986573611,0.08401902124215889,1.1882083933797425,2.194777422517647,6.290503951720923,1364.2075,136.42075,0.0,0.05578283132790916,0.13567066750847373,0.49275,0.50725,S-DIAB__T1-BLACK,0.08401902124215892,0.8401902124215892
ALG1,14,0.0925410246013125,0.08356802111389852,0.1845832755691196,0.06543638603353924,0.05909151441997827,0.0654363860335392,1.2955743444183752,2.5841658579676743,6.826806545086958,1830.96,130.78285714285715,0.0,0.049747354764399655,0.1161501190221211,0.5371428571428571,0.4628571428571429,S-DIAB__T1-BLACK,0.06543638603353924,0.9161094044695494
ALG1,19,0.06999919099984941,0.07061315673880733,0.15268372153062873,0.04949690263356591,0.04993104197099927,0.04949690263356587,1.3299846289971389,2.900990709081946,7.143631396201229,2407.6855,126.72028947368422,0.0,0.046393155513601285,0.09674558614852154,0.5691315789473684,0.4308684210526316,S-DIAB__T1-BLACK,0.04949690263356591,0.9404411500377523
ALG1,26,0.0596045023469695,0.05248640435844589,0.16127206300252997,0.04214674779879165,0.03711349244195629,0.042146747798791614,1.5497170610212068,4.193073638065779,9.84992788755816,3187.974,122.61438461538462,0.0,0.04236360782510716,0.08393083158670367,0.6014615384615385,0.39853846153846156,S-DIAB__T1-BLACK,0.04214674779879165,1.095815442768583
ALG1,36,0.05270786033139693,0.023059191922168175,0.10162661205400689,0.03727008546216423,0.016305310976847225,0.0372700854621642,1.8974829719302897,3.658558033944248,10.4835775897867,4332.535,120.34819444444445,0.0,0.039974899695858185,0.072659555762255,0.6193055555555556,0.38069444444444445,S-DIAB__T1-BLACK,0.03727008546216423,1.3417230766379125
ALG1,49,0.04273619826722121,0.04027576920451802,0.09799877175035858,0.030219055596884935,0.028479269522019044,0.030219055596884908,2.0940737150938395,4.801939815767571,11.873007627633047,5748.1505,117.30919387755101,0.0,0.03689610828527836,0.060715005193442945,0.6432346938775511,0.356765306122449,S-DIAB__T1-BLACK,0.030219055596884935,1.480733724247362
ALG1,67,0.03453742875317663,0.029508756261348947,0.07602956928888197,0.024421650076118476,0.020865841656780872,0.024421650076118448,2.3140077264628345,5.093981142355092,14.993476078966745,7653.3695,114.22939552238806,0.0,0.033534769576539586,0.050636087797584974,0.6674850746268657,0.3325149253731343,S-DIAB__T1-BLACK,0.024421650076118476,1.6362505550999378
ALG1,92,0.02687803643650213,0.01964321713382736,0.05721621560384082,0.019005641829229796,0.013889852039649148,0.01900564182922976,2.472779352158196,5.2638918355533555,15.163386772165001,10235.499,111.25542391304347,0.0,0.03032525907522257,0.04300109667096388,0.6909021739130435,0.3090978260869565,S-DIAB__T1-BLACK,0.019005641829229796,1.7485190482891413
ALG1,127,0.021966933384722446,0.01436859483355022,0.04777521441716659,0.01553296755821043,0.01016013084292539,0.015532967558210398,2.7898005398597507,6.067452230980157,17.381160729964908,13764.3235,108.3805,0.0,0.027308309475677327,0.037195731399731556,0.7135393700787401,0.2864606299212598,S-DIAB__T1-BLACK,0.01553296755821043,1.9726868798927246
ALG1,174,0.0170972408496021,0.008158474310957427,0.04060751059845958,0.012089574944333324,0.005768912509414275,0.012089574944333294,2.9749199078307655,7.065706844131967,21.2078424678629,18336.2815,105.38092816091955,0.0,0.02402067930700787,0.030492865667359693,0.7371580459770115,0.2628419540229885,S-DIAB__T1-BLACK,0.012089574944333324,2.1035860403139983
ALG1,240,0.014488364994922292,0.010331961633863185,0.033902187673414734,0.01024482113621538,0.007305800134263926,0.010244821136215354,3.4772075987813507,8.136525041619537,23.692874227723564,24674.1305,102.80887708333333,0.0,0.020973384605044405,0.026291085228736705,0.7574104166666668,0.24258958333333333,S-DIAB__T1-BLACK,0.01024482113621538,2.458757072691691
ALG1,329,0.011423191169833959,0.008343895455755097,0.02553798132047359,0.00807741593897991,0.005900025058276075,0.008077415938979883,3.758229894875373,8.40199585443581,28.200985727659106,33076.9195,100.53774924012158,0.0,0.018363687466914747,0.02282473921842248,0.7752933130699088,0.2247066869300912,S-DIAB__T1-BLACK,0.00807741593897991,2.6574698439243907
ALG1,452,0.009168198199898324,0.005795214586427385,0.02143916992241292,0.006482895118410427,0.004097835532494028,0.006482895118410404,4.144025586354043,9.69050480493064,26.661067553407733,44611.3495,98.69767588495574,0.0,0.01615796435678695,0.019391518303399267,0.7897820796460177,0.21021792035398232,S-DIAB__T1-BLACK,0.006482895118410427,2.930268593521513
ALG1,621,0.006920726738807153,0.0036992772531681444,0.01736317640653127,0.00489369280774962,0.002615784031204372,0.004893692807749597,4.297771304799241,10.782532548455919,27.75309529693304,60157.232,96.87154911433173,0.0,0.013992022728297169,0.016279370252083335,0.8041610305958132,0.1958389694041868,S-DIAB__T1-BLACK,0.00489369280774962,3.0389832336125138
ALG1,853,0.005338064055132738,0.0026847634434225406,0.012632338325296498,0.0037745812917925415,0.001898414436725858,0.0037745812917925193,4.553368639028226,10.775384591477913,31.988588027074275,81761.2095,95.8513593200469,0.0,0.012501697297140933,0.014053739983003046,0.812194021101993,0.18780597889800704,S-DIAB__T1-BLACK,0.0037745812917925415,3.2197178418990378
ALG1,1172,0.004084477668006113,0.0025489603733627715,0.00978896154592125,0.002888161856652159,0.0018023871649806352,0.0028881618566521383,4.787007826903164,11.472662931819706,39.756934179281494,110984.531,94.69669880546076,0.0,0.010851293251003792,0.011963130471148964,0.8212858361774744,0.1787141638225256,S-DIAB__T1-BLACK,0.002888161856652159,3.3849256959963303
ALG1,1610,0.002966858338537478,0.0018774240327196418,0.007147785134731195,0.0020978856499997253,0.0013275392646986755,0.0020978856499997045,4.7766419250453405,11.507934066917224,39.79220531437891,150870.781,93.70855962732918,0.0,0.009458768521071364,0.010250149506708574,0.8290664596273292,0.17093354037267078,S-DIAB__T1-BLACK,0.0020978856499997253,3.3775958964995576
ALG1,2212,0.0022730748168841588,0.0014638070034711853,0.00556890058518341,0.0016073066171631784,0.0010350678585028625,0.0016073066171631587,5.028041494947759,12.318408094425704,40.60267934188741,205641.479,92.96631057866185,0.0,0.008281494284794362,0.008917174083954187,0.8349109403254973,0.16508905967450271,S-DIAB__T1-BLACK,0.0016073066171631784,3.5553622371649505
ALG1,3039,0.001642940603178809,0.0011004836662500022,0.0038926131082501997,0.0011617344415944721,0.000778159462990428,0.0011617344415944526,4.9928964930604005,11.829651235972356,41.52813604580713,281187.2885,92.52625485357026,0.0,0.00718196790266847,0.007446400808845756,0.83837594603488,0.1616240539651201,S-DIAB__T1-BLACK,0.0011617344415944721,3.5305109680056006
ALG1,4175,0.0011511668151714235,0.0006992195548248367,0.0027316222791933875,0.0008139978612846541,0.0004944228887549004,0.0008139978612846347,4.806121453340694,11.404523015632392,41.10300782546697,385182.5715,92.25929856287425,0.0,0.006215988406897473,0.00643399059136337,0.8404779640718563,0.1595220359281437,S-DIAB__T1-BLACK,0.0008139978612846541,3.3984410708634307
ALG1,5736,0.0008386487617319474,0.00044528732229393226,0.0019245902118055316,0.0005930142264543803,0.00031486568517046453,0.0005930142264543612,4.81048929729445,11.039449454916529,66.193778387469,527671.984,91.99302370990237,0.0,0.005269966186661213,0.005320969189481047,0.8425746164574616,0.15742538354253835,S-DIAB__T1-BLACK,0.0005930142264543803,3.4015296029423254
ALG1,7880,0.0006193896317162036,0.0003714473303470464,0.0014482596874839057,0.0004379746087831847,0.0002626529261420567,0.00043797460878316574,4.880790297923682,11.412286337373176,48.18183895907413,722965.4165,91.74688026649747,0.0,0.0044865336841566185,0.004563234198802584,0.8445127538071067,0.1554872461928934,S-DIAB__T1-BLACK,0.0004379746087831847,3.4512399172114954
ALG1,10826,0.000446497234624866,0.00024396585016998624,0.0010277531561221657,0.00031572122238430263,0.0001725099070331615,0.00031572122238428366,4.8337790620488,11.126455668178567,37.99651335326709,992316.6975,91.66051150009237,0.0,0.003793187962069795,0.0038499847593538054,0.8451928228339184,0.15480717716608167,S-DIAB__T1-BLACK,0.00031572122238430263,3.4179979535324603
ALG1,14874,0.0003308546923233516,0.0002242479104741705,0.000821627387771336,0.00023394959652924942,0.00015856721816321858,0.00023394959652923064,4.9211326936175315,12.22088576571085,43.3335841379209,1360859.7925,91.49252336291515,0.0,0.0032562940420830934,0.003300847915040868,0.8465155640715343,0.15348443592846575,S-DIAB__T1-BLACK,0.00023394959652924942,3.479766298776056
ALG1,20434,0.0002483543750536172,0.00019113545070179969,0.0006063885276441118,0.00017561306273777851,0.00013515317331640327,0.00017561306273775984,5.0748732998456125,12.39094317387978,39.26100085896911,1868078.6135,91.42011419692669,0.0,0.0027643239996392372,0.002795610479513453,0.8470857149848292,0.1529142850151708,S-DIAB__T1-BLACK,0.00017561306273777851,3.588477323983766
ALG1,28072,0.00017905984185680502,0.00012032409136431674,0.0004225925928689766,0.00012661442841515623,8.508198094383604e-05,0.0001266144284151376,5.02656788060423,11.863019267017911,44.38993120159925,2563926.5645,91.3339471537475,0.0,0.002420016652312981,0.0024431360327319116,0.8477641956397834,0.15223580436021658,S-DIAB__T1-BLACK,0.00012661442841515623,3.5543202344702656
ALG1,38566,0.00013051732487606886,8.138941044789823e-05,0.00032198011675490005,9.22896854822146e-05,5.7551004044505716e-05,9.228968548219596e-05,5.033531151170473,12.417485182769475,42.11596999260463,3522048.7695,91.32522868588913,0.0,0.002066813492104073,0.0020754498362512194,0.8478328449929989,0.15216715500700098,S-DIAB__T1-BLACK,9.22896854822146e-05,3.559244010307088
ALG1,52983,9.627840039902327e-05,6.261126764153243e-05,0.00022276228540645402,6.807910980396156e-05,4.4272851928032404e-05,6.807910980394294e-05,5.101118488341449,11.802614167690152,41.50109897752778,4838046.5595,91.31318648434404,0.0,0.001736474462244341,0.0017424860145227768,0.847927665477606,0.15207233452239396,S-DIAB__T1-BLACK,6.807910980396156e-05,3.6070354747432956
ALG1,72790,6.83254760152449e-05,4.690455759911103e-05,0.00016347663307979637,4.831340741819709e-05,3.316653074690452e-05,4.8313407418178475e-05,4.9734113991496764,11.899464121878378,48.669016743579455,6645606.1085,91.29833917433713,0.0,0.0014915204958254101,0.0014954848057361328,0.8480445734304163,0.15195542656958372,S-DIAB__T1-BLACK,4.831340741819709e-05,3.516732925970566
ALG1,100000,5.0421086205558246e-05,3.64868997869822e-05,0.00012133971352937455,3.5653091970760325e-05,2.5800134263866084e-05,3.5653091970741724e-05,5.042108620555825,12.133971352937454,41.832456162771884,9128359.3005,91.283593005,0.0,0.0012301583771885402,0.0012319751449549714,0.848160685,0.151839315,S-DIAB__T1-BLACK,3.5653091970760325e-05,3.5653091970760324
ORACLE-OL,10,0.1312445113899019,0.0780563860144552,0.21947774225176467,0.09280388399731476,0.05519419986573611,0.09280388399731473,1.3124451138990192,2.194777422517647,6.290503951720923,974.0,97.4,0.0,0.007260039470212712,0.13138971217930615,0.8,0.2,S-DIAB__T1-BLACK,0.09280388399731476,0.9280388399731476
ORACLE-OL,14,0.1068178939502479,0.08356802111389855,0.2194777422517647,0.07553165716428584,0.05909151441997827,0.07553165716428581,1.4954505153034712,3.072688391524706,6.826806545086958,1262.0,90.14285714285714,0.0,0.0013292702739242308,0.10646430805738408,0.8571428571428571,0.14285714285714285,S-DIAB__T1-BLACK,0.07553165716428584,1.0574432003000016
ORACLE-OL,19,0.08985635599164384,0.07825142877415003,0.21947774225176478,0.06353803865440387,0.05533211592373767,0.06353803865440381,1.7072707638412328,4.170077102783531,7.143631396201229,1749.0,92.05263157894737,0.0,0.0009310743955854924,0.0896980733443943,0.8421052631578947,0.15789473684210525,S-DIAB__T1-BLACK,0.06353803865440387,1.2072227344336735
ORACLE-OL,26,0.07868396268117764,0.056299254285638346,0.16508491292972263,0.05563796358248998,0.039809584481120715,0.05563796358248995,2.0457830297106185,4.292207736172789,9.84992788755816,2380.0,91.53846153846153,0.0,0.00032252006148672096,0.0787629800962419,0.8461538461538461,0.15384615384615385,S-DIAB__T1-BLACK,0.05563796358248998,1.4465870531447393
ORACLE-OL,36,0.06912917169031021,0.06234290198808746,0.14091032211992616,0.048881706080027496,0.044083088754624966,0.04888170608002747,2.4886501808511685,5.072771596317342,10.483577589786702,3227.0,89.63888888888889,0.0,0.001925750117267074,0.0690020721825706,0.8611111111111112,0.1388888888888889,S-DIAB__T1-BLACK,0.048881706080027496,1.75974141888099
ORACLE-OL,49,0.05796342766760736,0.04630873461424285,0.12686027302327882,0.04098633276458114,0.03274522027389936,0.040986332764581114,2.840207955712761,6.216153378140662,11.873007627633044,4417.0,90.14285714285714,0.0,0.0013292702739242308,0.05789563488363722,0.8571428571428571,0.14285714285714285,S-DIAB__T1-BLACK,0.04098633276458114,2.008330305464476
ORACLE-OL,67,0.04919346439943867,0.03381423906878964,0.09713723439892813,0.034785032266902126,0.023910277746204283,0.03478503226690209,3.295962114762391,6.508194704728185,13.579262516593655,6094.0,90.95522388059702,0.0,0.0003677803771924826,0.049155950800965034,0.8507462686567164,0.14925373134328357,S-DIAB__T1-BLACK,0.034785032266902126,2.3305971618824426
ORACLE-OL,92,0.042200259269367664,0.03501510368136108,0.08113076332396213,0.02984008949720036,0.02475941725704049,0.029840089497200337,3.8824238527818262,7.464030225804516,17.991813896911193,8402.0,91.32608695652173,0.0,7.116066261983708e-05,0.04220865622755682,0.8478260869565217,0.15217391304347827,S-DIAB__T1-BLACK,0.02984008949720036,2.7452882337424334
ORACLE-OL,127,0.03623019470320818,0.03017356461127176,0.07471572405609365,0.02561861635834746,0.021335932149200716,0.02561861635834744,4.601234727307438,9.488896955123893,21.623801417084184,11557.0,91.0,0.0,0.0003147848710734098,0.03622484336039993,0.8503937007874016,0.14960629921259844,S-DIAB__T1-BLACK,0.02561861635834746,3.2535642775101272
ORACLE-OL,174,0.03036141631986093,0.024413802614096494,0.06499050305316799,0.0214687633662016,0.017263165382977518,0.021468763366201578,5.282886439655803,11.308347531251231,24.03626959260909,15830.0,90.97701149425288,0.0,0.00034199329183952365,0.03035869270490684,0.8505747126436781,0.14942528735632185,S-DIAB__T1-BLACK,0.0214687633662016,3.735564825719078
ORACLE-OL,240,0.02580198588844059,0.02211707465363894,0.05157985720307844,0.018244759189795963,0.015639133467597224,0.01824475918979595,6.192476613225742,12.379165728738826,27.218814017707867,21852.0,91.05,0.0,0.0002556065559071119,0.025782559790191648,0.85,0.15,S-DIAB__T1-BLACK,0.018244759189795963,4.378742205551031
ORACLE-OL,329,0.022226041449651485,0.01744723334132274,0.043238362138400495,0.015716184627981866,0.012337057008593343,0.015716184627981848,7.312367636935338,14.225421143533763,32.61019745438399,30038.0,91.30091185410335,0.0,4.1364259714644185e-05,0.022230343332661807,0.8480243161094225,0.1519756838905775,S-DIAB__T1-BLACK,0.015716184627981866,5.170624742606034
ORACLE-OL,452,0.01896208356356931,0.016106322883952487,0.040211916325595475,0.01340821787322585,0.01138889013122289,0.013408217873225837,8.570861770733329,18.175786179169155,36.5605624900194,41307.0,91.38716814159292,0.0,0.00014345429503730372,0.01897083427556659,0.8473451327433629,0.15265486725663716,S-DIAB__T1-BLACK,0.01340821787322585,6.060514478698084
ORACLE-OL,621,0.01619547970642679,0.012808543355410264,0.033304392085454985,0.011451933524983512,0.009057007863732518,0.011451933524983499,10.057392897691038,20.682027485067547,43.30944448303705,56650.0,91.22383252818035,0.0,4.986423313088476e-05,0.016193335544402162,0.8486312399355878,0.15136876006441224,S-DIAB__T1-BLACK,0.011451933524983512,7.1116507190147615
ORACLE-OL,853,0.013994681945380257,0.012236598879388688,0.029211629795086468,0.009895734504127337,0.008652582046275462,0.009895734504127326,11.93746369940936,24.917520215208757,58.521079964803086,77799.0,91.2063305978898,0.0,7.057892806594385e-05,0.01399235284075408,0.8487690504103166,0.15123094958968347,S-DIAB__T1-BLACK,0.009895734504127337,8.441061532020619
ORACLE-OL,1172,0.011955580469803445,0.009517708247568238,0.02547563075313122,0.008453872023219474,0.006730036043210634,0.008453872023219466,14.011940310609639,29.85743924266979,62.06644231158044,106990.0,91.28839590443685,0.0,2.6550803435270687e-05,0.011955713223820623,0.8481228668941979,0.15187713310580206,S-DIAB__T1-BLACK,0.008453872023219474,9.907938011213224
ORACLE-OL,1610,0.010118209237950263,0.008663298171303443,0.02120208140676179,0.007154654365619009,0.0061258768843697005,0.007154654365619001,16.290316873099922,34.13535106488648,68.07647656184412,146908.0,91.2472049689441,0.0,2.2201399816434046e-05,0.010119097293942919,0.8484472049689441,0.1515527950310559,S-DIAB__T1-BLACK,0.007154654365619009,11.518993528646604
ORACLE-OL,2212,0.008791791722894338,0.007486911745725514,0.017716304601950467,0.0062167355460383536,0.005294046065547734,0.006216735546038347,19.447443291042276,39.18846577951443,77.37223196359162,201936.0,91.29113924050633,0.0,2.9797723565792924e-05,0.008791165970699457,0.8481012658227848,0.1518987341772152,S-DIAB__T1-BLACK,0.0062167355460383536,13.751419027836839
ORACLE-OL,3039,0.007328748623140997,0.006219387643250229,0.015526485783251536,0.005182207849034578,0.004397771177370059,0.005182207849034571,22.272067065725487,47.18499029530142,91.40793881725753,277355.0,91.26521882198091,0.0,8.808103689933842e-07,0.007328750384761735,0.8483053636064495,0.15169463639355052,S-DIAB__T1-BLACK,0.005182207849034578,15.748729653216083
ORACLE-OL,4175,0.0063992110965480275,0.005397988618280858,0.013232369688431245,0.004524925560613318,0.003816954356754198,0.004524925560613313,26.716706328088016,55.24514344920045,124.35997897217094,380991.0,91.25532934131736,0.0,1.2585666439764205e-05,0.006399223682214467,0.8483832335329341,0.15161676646706587,S-DIAB__T1-BLACK,0.004524925560613318,18.891564215560603
ORACLE-OL,5736,0.005359695859837095,0.004485722309411487,0.011157677632196578,0.0037898772875882784,0.003171884663504651,0.0037898772875882736,30.74321545202558,64.00043889827957,131.24760225664608,523482.0,91.26255230125523,0.0,4.036814447034013e-06,0.0053595868658470255,0.8483263598326359,0.151673640167364,S-DIAB__T1-BLACK,0.0037898772875882784,21.738736121606365
ORACLE-OL,7880,0.004619712660286734,0.00394831197616854,0.009360328536849582,0.0032666301492220978,0.0027918781725888332,0.0032666301492220943,36.40333576305945,73.7593888703747,149.80805977313221,719125.0,91.25951776649747,0.0,7.628387532599845e-06,0.004619827086099722,0.8483502538071066,0.1516497461928934,S-DIAB__T1-BLACK,0.0032666301492220978,25.74104557587013
ORACLE-OL,10826,0.0038740244289351164,0.0032657804414675936,0.00799540466706358,0.002739348944182366,0.002309255496028134,0.002739348944182363,41.94018846765156,86.55825092563032,171.30709387790975,988006.0,91.26233142434879,0.0,4.298236910679487e-06,0.00387398574480292,0.8483280990208757,0.15167190097912434,S-DIAB__T1-BLACK,0.002739348944182366,29.656191669718293
ORACLE-OL,14874,0.003289160250813353,0.0027913963698042157,0.0068116404595440685,0.0023257875177593707,0.0019738153020680757,0.0023257875177593672,48.922969570597814,101.31634019525848,209.81064352683032,1357440.0,91.26260588947156,0.0,3.973389239929315e-06,0.0032892238250411925,0.8483259378781767,0.15167406212182333,S-DIAB__T1-BLACK,0.0023257875177593707,34.59376353915288
ORACLE-OL,20434,0.002784430034173172,0.0023003830109493053,0.005800350206979403,0.001968889358903343,0.0016266164263685832,0.001968889358903341,56.897043318294614,118.52435612941711,271.1920250881058,1864948.0,91.26690809435254,0.0,1.1185554872132035e-06,0.0027844266785067113,0.8482920622491925,0.1517079377508075,S-DIAB__T1-BLACK,0.001968889358903343,40.23228515983091
ORACLE-OL,28072,0.0024261885135369583,0.002096311586336064,0.004956620115440588,0.0017155743503588954,0.0014823161381781623,0.0017155743503588935,68.10796395200951,139.1422398806482,344.2032064245286,2562077.0,91.26806070105444,0.0,2.4827419405481574e-06,0.002426146306923969,0.8482829866058706,0.15171701339412938,S-DIAB__T1-BLACK,0.0017155743503588954,48.15960316327491
ORACLE-OL,38566,0.002047532787895535,0.0017521084404755703,0.0041904816929307104,0.001447824319022732,0.0012389277596344642,0.0014478243190227298,78.96514949797921,161.61011696956575,366.59174953343296,3519702.0,91.26437794948919,0.0,1.8760387155956783e-06,0.002047581564902141,0.8483119846496915,0.15168801535030857,S-DIAB__T1-BLACK,0.001447824319022732,55.83679268743068
ORACLE-OL,52983,0.0017306973653087752,0.0014855152374164584,0.0034340192868934387,0.0012237878431915282,0.0010504178979331231,0.0012237878431915266,91.69753850615483,181.94464387747504,453.47364785310106,4835602.0,91.26704792103128,0.0,1.284049632457518e-06,0.0017306678321672288,0.8482909612517222,0.15170903874827774,S-DIAB__T1-BLACK,0.0012237878431915282,64.83995129581673
ORACLE-OL,72790,0.0014812471548122242,0.0012320539916536779,0.003097207199333318,0.0010473999077810047,0.0008711937322862721,0.0010473999077810034,107.8199803987818,225.44571203947223,481.66106914603625,6643214.0,91.26547602692678,0.0,5.763912620236681e-07,0.001481269057680181,0.8483033383706553,0.1516966616293447,S-DIAB__T1-BLACK,0.0010473999077810047,76.24023928737934
ORACLE-OL,100000,0.001245941671433502,0.001074802307403473,0.002567080268545071,0.0008810138048335318,0.0007599999999999443,0.0008810138048335306,124.5941671433502,256.7080268545071,567.6935892190555,9126590.0,91.2659,0.0,7.459101903778597e-08,0.0012459443567101873,0.8483,0.1517,S-DIAB__T1-BLACK,0.0008810138048335318,88.10138048335318
ORACLE-OL-iid,10,0.13407568491548744,0.0780563860144552,0.21947774225176467,0.09480582599597212,0.05519419986573611,0.09480582599597208,1.3407568491548745,2.194777422517647,6.290503951720923,920.025,92.0025,0.0,0.014308153338491897,0.13258393904309485,0.8425,0.1575,S-DIAB__T1-BLACK,0.09480582599597212,0.9480582599597212
ORACLE-OL-iid,14,0.10898882842641291,0.08356802111389855,0.2194777422517647,0.07706673965389377,0.05909151441997827,0.07706673965389374,1.525843597969781,3.072688391524706,6.826806545086958,1282.955,91.63964285714285,0.0,0.011187057757634126,0.10828664808274391,0.8453571428571429,0.15464285714285714,S-DIAB__T1-BLACK,0.07706673965389377,1.0789343551545127
ORACLE-OL-iid,19,0.0923040081667738,0.07825142877415003,0.21947774225176478,0.06526879010542427,0.05533211592373767,0.06526879010542423,1.7537761551687021,4.170077102783531,8.557844958574323,1736.2365,91.38086842105263,0.0,0.009781334089458969,0.09256409756141906,0.8473947368421053,0.15260526315789474,S-DIAB__T1-BLACK,0.06526879010542427,1.2401070120030613
ORACLE-OL-iid,26,0.08052137386317483,0.05629925428563835,0.16508491292972263,0.05693720948910818,0.03980958448112072,0.05693720948910814,2.093555720442545,4.292207736172789,9.84992788755816,2371.237,91.20142307692308,0.0,0.008357323486485513,0.08093549437662734,0.8488076923076923,0.15119230769230768,S-DIAB__T1-BLACK,0.05693720948910818,1.4803674467168126
ORACLE-OL-iid,36,0.07131622094442722,0.062342901988087465,0.14091032211992618,0.0504281834384026,0.04408308875462497,0.05042818343840257,2.5673839539993795,5.0727715963173425,11.897791152159797,3288.4045,91.34456944444445,0.0,0.007111734914039212,0.07062426057784492,0.8476805555555555,0.15231944444444445,S-DIAB__T1-BLACK,0.0504281834384026,1.8154146037824936
ORACLE-OL-iid,49,0.06044959475382467,0.04630873461424286,0.12686027302327887,0.0427443183704082,0.03274522027389937,0.04274431837040818,2.962030142937409,6.216153378140665,13.287221190006136,4475.293,91.33251020408163,0.0,0.006186959896566346,0.059790885624057565,0.8477755102040816,0.15222448979591835,S-DIAB__T1-BLACK,0.0427443183704082,2.0944716001500017
ORACLE-OL-iid,67,0.05038861996848716,0.050616421371395146,0.09713723439892817,0.03563013487434918,0.03579121479110923,0.035630134874349156,3.3760375378886396,6.508194704728187,16.407689641339843,6126.258,91.43668656716417,0.0,0.0052569431058006495,0.0499635829822509,0.8469552238805971,0.15304477611940298,S-DIAB__T1-BLACK,0.03563013487434918,2.387219036581395
ORACLE-OL-iid,92,0.04255038578836566,0.0350151036813611,0.08795998869890796,0.030087666333057088,0.0247594172570405,0.030087666333057057,3.914635492529641,8.092318960299533,17.991813896911193,8408.6675,91.39855978260869,0.0,0.004496080730775945,0.04219650368482814,0.8472554347826088,0.1527445652173913,S-DIAB__T1-BLACK,0.030087666333057088,2.768065302641252
ORACLE-OL-iid,127,0.036643468323170864,0.030173564611271766,0.07471572405609371,0.025910844937508594,0.02133593214920072,0.025910844937508566,4.6537204770427,9.4888969551239,20.20958785471109,11599.672,91.336,0.0,0.003821068547255761,0.03650020424251789,0.847748031496063,0.152251968503937,S-DIAB__T1-BLACK,0.025910844937508594,3.2906773070635915
ORACLE-OL-iid,174,0.030437766444837984,0.02441380261409648,0.06499050305316802,0.021522751057317307,0.017263165382977515,0.021522751057317286,5.296171361401808,11.308347531251234,22.632777965703045,15897.3735,91.36421551724138,0.0,0.003241950954377241,0.030370395928598998,0.8475258620689656,0.15247413793103448,S-DIAB__T1-BLACK,0.021522751057317307,3.7449586839732114
ORACLE-OL-iid,240,0.02591273116364126,0.022117074653638852,0.054486159974903796,0.018323067924874727,0.015639133467597148,0.01832306792487471,6.219055479273902,13.076678393976911,27.21881401770787,21916.897,91.32040416666668,0.0,0.0027675469835034463,0.025714162169008337,0.8478708333333334,0.15212916666666668,S-DIAB__T1-BLACK,0.018323067924874727,4.397536301969935
ORACLE-OL-iid,329,0.02231744707126793,0.017447233341322713,0.04703058865137156,0.015780818162865425,0.01233705700859333,0.01578081816286541,7.342440086447149,15.473063666301243,35.43862457913019,30040.9845,91.30998328267476,0.0,0.002331461602904999,0.02215873447910826,0.8479528875379939,0.15204711246200608,S-DIAB__T1-BLACK,0.015780818162865425,5.191889175582725
ORACLE-OL-iid,452,0.018958068308053626,0.016106322883952442,0.040211916325595475,0.01340537865882251,0.011388890131222865,0.013405378658822496,8.56904687524024,18.175786179169155,36.56056249001938,41262.6135,91.28896792035398,0.0,0.0019757326956951005,0.018800654405416402,0.8481183628318584,0.15188163716814157,S-DIAB__T1-BLACK,0.01340537865882251,6.059231153787774
ORACLE-OL-iid,621,0.016248996644777462,0.01280854335541024,0.03330439208545499,0.011489775714999612,0.0090570078637325,0.011489775714999602,10.090626916406803,20.68202748506755,44.72365804541024,56672.606,91.26023510466989,0.0,0.0017059326444032906,0.01606703322574913,0.8483446054750403,0.15165539452495974,S-DIAB__T1-BLACK,0.011489775714999612,7.135150719014759
ORACLE-OL-iid,853,0.013979873040102469,0.012236598879388692,0.028815890349178794,0.009885263026783463,0.008652582046275465,0.009885263026783452,11.924831703207404,24.57995446784951,64.17793421429548,77878.883,91.29998007033998,0.0,0.0014951297929439718,0.013891775981969527,0.8480316529894489,0.15196834701055098,S-DIAB__T1-BLACK,0.009885263026783463,8.432129361846293
ORACLE-OL-iid,1172,0.012074240702236099,0.010724375109661254,0.025204377454778295,0.008537777478229779,0.007583278364029706,0.008537777478229766,14.151010103020708,29.539530377000162,70.55172368581863,107012.5425,91.30763011945392,0.0,0.0012797058067978626,0.011997708263769015,0.8479714163822526,0.15202858361774746,S-DIAB__T1-BLACK,0.008537777478229779,10.0062752044853
ORACLE-OL-iid,1610,0.010291673124137403,0.00866329817130354,0.021839200926332344,0.007277311855832906,0.006125876884369755,0.007277311855832898,16.569593729861218,35.16111349139508,66.66226299947104,147020.141,91.31685776397515,0.0,0.0010988857251804584,0.010241396111607858,0.8478987577639752,0.15210124223602486,S-DIAB__T1-BLACK,0.007277311855832906,11.71647208789098
ORACLE-OL-iid,2212,0.008847531326012304,0.007486911745725468,0.018355641655464456,0.006256149397383715,0.005294046065547694,0.006256149397383708,19.570739293139216,40.602679341887374,88.09075483405779,201929.523,91.28821112115732,0.0,0.0009294807750794374,0.00881785747013182,0.848124321880651,0.15187567811934902,S-DIAB__T1-BLACK,0.006256149397383715,13.838602467012779
ORACLE-OL-iid,3039,0.007480429293124757,0.006219387643250283,0.0155390665035024,0.005289462279355014,0.004397771177370104,0.005289462279355009,22.733024621806138,47.2232231041438,105.16774635260283,277408.975,91.28297959855215,0.0,0.000793005252942146,0.007432845816382656,0.8481655149720302,0.15183448502796973,S-DIAB__T1-BLACK,0.005289462279355014,16.074675866959886
ORACLE-OL-iid,4175,0.006456917054392175,0.005397988618280858,0.013527599515753407,0.004565729834719779,0.0038169543567541974,0.004565729834719774,26.957628702087327,56.47772797827047,111.81368594413219,381141.241,91.29131520958083,0.0,0.000678622641011398,0.006404494195760116,0.848099880239521,0.15190011976047904,S-DIAB__T1-BLACK,0.004565729834719779,19.061922059955076
ORACLE-OL-iid,5736,0.005493285889492635,0.004636645509243321,0.01154005899363194,0.0038843397034566216,0.0032786034815441064,0.003884339703456617,31.509487862129745,66.1937783874728,124.17653444478181,523604.301,91.28387395397489,0.0,0.0005757901672403513,0.0054538682303298495,0.8481584728033473,0.15184152719665273,S-DIAB__T1-BLACK,0.0038843397034566216,22.280572539027183
ORACLE-OL-iid,7880,0.004613207760858016,0.003935802098200549,0.009539797263038436,0.003262030490725116,0.002783032353045856,0.0032620304907251124,36.35207715556117,75.17360243274287,151.419429012338,719286.925,91.28006662436549,0.0,0.0004959563538485819,0.00456947048719625,0.8481884517766498,0.15181154822335027,S-DIAB__T1-BLACK,0.003262030490725116,25.704800266913914
ORACLE-OL-iid,10826,0.003924763044800203,0.00328307702661506,0.008085298226724092,0.0027752265635285884,0.00232148602867728,0.0027752265635285853,42.489484723007,87.53143860251501,197.80264590144716,988158.5905,91.27642624237946,0.0,0.00041711195941582544,0.0038964950017995933,0.8482171162017367,0.15178288379826343,S-DIAB__T1-BLACK,0.0027752265635285884,30.0446027767605
ORACLE-OL-iid,14874,0.0033733478704505043,0.002886475942371904,0.006977587766973707,0.0023853171544967536,0.002041046712583007,0.002385317154496751,50.17517622508081,103.78464044596691,231.42398793349957,1357580.589,91.27205788624445,0.0,0.0003563406533679149,0.0033508888856050465,0.8482515127067366,0.1517484872932634,S-DIAB__T1-BLACK,0.0023853171544967536,35.47920735598471
ORACLE-OL-iid,20434,0.0028538629979564067,0.002369591857108988,0.006037660703429649,0.0020179858784323476,0.0016755544708061923,0.002017985878432345,58.31583650024122,123.37355881388144,281.09152002474553,1865007.3725,91.26981366839581,0.0,0.0002992474027297285,0.0028418957450634494,0.8482691837134189,0.1517308162865812,S-DIAB__T1-BLACK,0.0020179858784323476,41.23552343988659
ORACLE-OL-iid,28072,0.002444720170505951,0.0020850693511466935,0.005022154019054823,0.001728678210668292,0.0014743666774400628,0.0017286782106682903,68.62818462644304,140.981907622907,266.7370525204845,2562162.217,91.27109635936165,0.0,0.0002549297244305481,0.0024381771140626523,0.8482590837845541,0.151740916215446,S-DIAB__T1-BLACK,0.001728678210668292,48.5274547298803
ORACLE-OL-iid,38566,0.002079873006646763,0.0017521084404754376,0.004357285288068671,0.001470692307006781,0.00123892775963437,0.0014706923070067792,80.21238237433906,168.04306441965636,329.8221969117907,3519887.1025,91.26917757869626,0.0,0.00021482828377929566,0.0020704334400772602,0.8482741922937302,0.15172580770626978,S-DIAB__T1-BLACK,0.001470692307006781,56.71871951202351
ORACLE-OL-iid,52983,0.0017877145640625494,0.001503970427529087,0.0036208621409504938,0.0012641050910745827,0.001063467688009849,0.0012641050910745812,94.71848074772605,191.84413881398,422.3609494809895,4835510.306,91.26531729045165,0.0,0.00018570623164831707,0.001782344774303891,0.8483045882641602,0.1516954117358398,S-DIAB__T1-BLACK,0.0012641050910745827,66.97608004040461
ORACLE-OL-iid,72790,0.0015300068235434288,0.0012903400293959514,0.003139398838876437,0.0010818782001892492,0.0009124081848223274,0.0010818782001892479,111.36919668572617,228.51684148181585,536.8153980785269,6643359.7325,91.26747812199478,0.0,0.00016339893728255797,0.0015232877216498986,0.8482875738425608,0.15171242615743918,S-DIAB__T1-BLACK,0.0010818782001892492,78.74991419177545
ORACLE-OL-iid,100000,0.001281027173608273,0.0010830049359452547,0.002692945275591882,0.0009058230013426477,0.0007658001342653935,0.0009058230013426466,128.1027173608273,269.2945275591882,569.1078027823019,9126677.8205,91.266778205,0.0,0.0001357442995557015,0.0012711973905257818,0.848293085,0.151706915,S-DIAB__T1-BLACK,0.0009058230013426477,90.58230013426477
ETC(eps=0.1),10,0.14264931253539345,0.0780563860144552,0.21947774225176467,0.10086829622537592,0.055194199865736114,0.10086829622537587,1.4264931253539344,2.194777422517647,6.290503951720923,1355.0,135.5,0.0,0.052353915626931695,0.13275442248190336,0.5,0.5,S-DIAB__T1-BLACK,0.10086829622537592,1.0086829622537592
ETC(eps=0.1),14,0.12058653680038495,0.08356802111389855,0.2194777422517647,0.08526755789135339,0.05909151441997827,0.08526755789135336,1.6882115152053896,3.072688391524706,8.241020107460052,1897.0,135.5,0.0,0.052353915626931695,0.11838767234405383,0.5,0.5,S-DIAB__T1-BLACK,0.08526755789135339,1.1937458104789473
ETC(eps=0.1),19,0.10164298901972625,0.07825142877415005,0.22711601428710732,0.07187244679591828,0.05533211592373767,0.07187244679591823,1.931216791374799,4.315204271455039,8.557844958574323,2511.0,132.1578947368421,0.0,0.048398312455289694,0.1005420984656399,0.5263157894736842,0.47368421052631576,S-DIAB__T1-BLACK,0.07187244679591828,1.3655764891224473
ETC(eps=0.1),26,0.09258928585767678,0.05629925428563835,0.2156648923245721,0.06547051189518299,0.03980958448112072,0.06547051189518296,2.407321432299596,5.607287200438874,12.67835501230435,3523.0,135.5,0.0,0.052353915626931695,0.08546915333241407,0.5,0.5,S-DIAB__T1-BLACK,0.06547051189518299,1.702233309274758
ETC(eps=0.1),36,0.08321855852800158,0.06234290198808747,0.1733593584074283,0.05884440705571954,0.04408308875462498,0.05884440705571952,2.9958681070080573,6.240936902667419,14.726218276905984,4878.0,135.5,0.0,0.052353915626931695,0.07435374904683721,0.5,0.5,S-DIAB__T1-BLACK,0.05884440705571954,2.1183986540059037
ETC(eps=0.1),49,0.07332318865168792,0.06913727047743827,0.15572177429619913,0.051847323913829076,0.04888743278732512,0.05184732391382905,3.5928362439327093,7.630366940513757,14.701434752379232,6576.0,134.20408163265307,0.0,0.050820110315478624,0.06319713276121895,0.5102040816326531,0.4897959183673469,S-DIAB__T1-BLACK,0.051847323913829076,2.540518871777625
ETC(eps=0.1),67,0.06614484401192137,0.054921904178835766,0.13935256461902046,0.046771467741356036,0.03883565088053258,0.04677146774135601,4.4317045487987325,9.336621829474371,19.236116766086035,9015.0,134.55223880597015,0.0,0.05123217741407793,0.053859299614718324,0.5074626865671642,0.4925373134328358,S-DIAB__T1-BLACK,0.046771467741356036,3.1336883386708543
ETC(eps=0.1),92,0.06092058423038023,0.05721621560384069,0.11870376179397531,0.04307735822314813,0.04045797404730731,0.04307735822314811,5.60469374919498,10.920746085045728,22.234454584030487,12466.0,135.5,0.0,0.05235391562693166,0.04604351012956406,0.5,0.5,S-DIAB__T1-BLACK,0.04307735822314813,3.963116956529628
ETC(eps=0.1),127,0.05694330862907662,0.04777521441716657,0.11458845358439929,0.04026499967481854,0.033782178087019825,0.04026499967481852,7.23180019589273,14.552733605218709,31.523296353695844,17145.0,135.0,0.0,0.051762132475268646,0.03992243138427169,0.5039370078740157,0.49606299212598426,S-DIAB__T1-BLACK,0.04026499967481854,5.113654958701955
ETC(eps=0.1),174,0.05472449919367794,0.04873517475002906,0.10562882381101556,0.03869606447688744,0.03446097254805697,0.038696064476887414,9.52206285969996,18.379415343116708,36.76419165396694,23577.0,135.5,0.0,0.05235391562693162,0.03349100732931363,0.5,0.5,S-DIAB__T1-BLACK,0.03869606447688744,6.733115218978415
ETC(eps=0.1),240,0.05391491072681651,0.051579857203078325,0.09872030928218146,0.0381235989819993,0.036472466800930484,0.038123598981999296,12.939578574435963,23.69287422772355,46.320291225693154,32520.0,135.5,0.0,0.052353915626931674,0.027807326911596333,0.5,0.5,S-DIAB__T1-BLACK,0.0381235989819993,9.149663755679832
ETC(eps=0.1),329,0.05226444069302258,0.051329110117551174,0.09001580331316773,0.03695654042895842,0.03629516183639146,0.036956540428958407,17.19500098800443,29.615199290032184,50.82840272562896,44516.0,135.30699088145897,0.0,0.052125476537991926,0.023899960911693156,0.5015197568389058,0.49848024316109424,S-DIAB__T1-BLACK,0.03695654042895842,12.15870180112732
ETC(eps=0.1),452,0.052554256673655646,0.0527270805943839,0.08401499126635502,0.03716147127416028,0.037283676240458474,0.03716147127416028,23.75452401649235,37.97477605239247,64.84483373748198,61246.0,135.5,0.0,0.05235391562693181,0.020240092164682835,0.5,0.5,S-DIAB__T1-BLACK,0.03716147127416028,16.796985015920445
ETC(eps=0.1),621,0.0524278960999988,0.05152292428993928,0.08112803912222667,0.03707212085565291,0.03643220915197715,0.037072120855652896,32.557723478099255,50.38051229490277,74.42214285524608,84082.0,135.39774557165862,0.0,0.0522328907311815,0.01719096596071528,0.500805152979066,0.499194847020934,S-DIAB__T1-BLACK,0.03707212085565291,23.021787051360455
ETC(eps=0.1),853,0.05220074818818428,0.05242263785279264,0.07729157505747848,0.03691150302687649,0.03706840271339628,0.036911503026876485,44.52723820452118,65.92971352402914,97.04241189623905,115518.0,135.4255568581477,0.0,0.05226580723272237,0.015145832476334707,0.5005861664712778,0.49941383352872215,S-DIAB__T1-BLACK,0.03691150302687649,31.48551208192565
ETC(eps=0.1),1172,0.05249926720983983,0.052022301719180486,0.07374230523685711,0.0371225878514023,0.036785322318565114,0.0371225878514023,61.52914116993228,86.42598173759653,126.02396148404421,158806.0,135.5,0.0,0.05235391562693203,0.013137972579744922,0.5,0.5,S-DIAB__T1-BLACK,0.0371225878514023,43.5076729618435
ETC(eps=0.1),1610,0.052505830368919974,0.05282424801883303,0.07039211835887157,0.037127228705693884,0.037352383985196885,0.03712722870569388,84.53438689396116,113.33131055778323,160.00035811609814,218155.0,135.5,0.0,0.05235391562693166,0.011051535871902753,0.5,0.5,S-DIAB__T1-BLACK,0.037127228705693884,59.774838216167154
ETC(eps=0.1),2212,0.05270018883318899,0.0528798425452269,0.06822393182956389,0.0372646608937595,0.03739169525180685,0.0372646608937595,116.57281769901404,150.9113372069953,196.16617120293412,299726.0,135.5,0.0,0.052353915626931376,0.00964716369846806,0.5,0.5,S-DIAB__T1-BLACK,0.0372646608937595,82.42942989699601
ETC(eps=0.1),3039,0.05250591346801134,0.052754878343257455,0.06531946083225668,0.03712728746562489,0.03730333221718869,0.03712728746562489,159.56547102928644,198.50584146922802,269.2165195878692,411721.0,135.4791049687397,0.0,0.05232918497202456,0.008288613389211719,0.500164527805199,0.4998354721948009,S-DIAB__T1-BLACK,0.03712728746562489,112.82982660803404
ETC(eps=0.1),4175,0.05231428850978173,0.052186755238827987,0.06336497022285231,0.03699178815821615,0.03690160851749785,0.03699178815821615,218.41215452833876,264.5487506804084,335.2594287990527,565649.0,135.48479041916167,0.0,0.052335914079563096,0.0070904237563210615,0.5001197604790419,0.49988023952095806,S-DIAB__T1-BLACK,0.03699178815821615,154.44071556055243
ETC(eps=0.1),5736,0.05224776245768935,0.05222088845519716,0.061589806755434975,0.036944747135656056,0.0369257443462562,0.036944747135656056,299.69316545730607,353.279131549175,440.9603724163363,777228.0,135.5,0.0,0.052353915626930925,0.0058197691060948315,0.5,0.5,S-DIAB__T1-BLACK,0.036944747135656056,211.91506957012314
ETC(eps=0.1),7880,0.05234568016918151,0.05223790919910461,0.06033194875025424,0.037013985413450426,0.036937779829694,0.037013985413450426,412.4839597331503,475.41575615200344,616.6956910331177,1067740.0,135.5,0.0,0.0523539156269309,0.004995072193124652,0.5,0.5,S-DIAB__T1-BLACK,0.037013985413450426,291.67020505798934
ETC(eps=0.1),10826,0.047812474657676275,0.04785904468677167,0.05406402752556379,0.03380852505575285,0.03384145503912626,0.03380852505575285,517.6178506440034,585.2971619917536,726.718518229098,1426197.3385,131.73816169406984,0.0,0.04790153056946948,0.00419564826753839,0.5296207740624422,0.4703792259375577,S-DIAB__T1-BLACK,0.03380852505575285,366.0110922535804
ETC(eps=0.1),14874,0.033256026898254666,0.03324376163339282,0.03761742197151002,0.023515562135078102,0.023506889283121245,0.023515562135078102,494.65014408464,559.5215344042401,657.1022702080428,1775120.5845,119.34386073013313,0.0,0.0332320535952683,0.0035237338586387415,0.6272136950383219,0.37278630496167814,S-DIAB__T1-BLACK,0.023515562135078102,349.77047119715166
ETC(eps=0.1),20434,0.022607223236945043,0.02268401045175547,0.026843462105796915,0.015985720854641932,0.016040017614942812,0.015985720854641932,461.95599962373507,548.5193046698541,691.2134531132533,2254375.6565,110.32473605265734,0.0,0.022557321541508836,0.002903774173566438,0.6982304247822256,0.30176957521777426,S-DIAB__T1-BLACK,0.015985720854641932,326.65221994375327
ETC(eps=0.1),28072,0.014866700070735855,0.014981858748692841,0.019667020522015688,0.010512344433883849,0.010593773915979713,0.010512344433883849,417.3380043856969,552.0926000940243,752.910925950906,2912741.8435,103.7596837952408,0.0,0.014787146910055666,0.002511411533711511,0.7499237496437731,0.2500762503562269,S-DIAB__T1-BLACK,0.010512344433883849,295.1025329479874
ETC(eps=0.1),38566,0.009286130434572012,0.009342789543303288,0.014920290005813346,0.006566285801268652,0.006606349841268523,0.006566285801268652,358.12890633970426,575.4159043641974,910.4430972903336,3817287.9555,98.98065538297983,0.0,0.009308127485684527,0.002112761544186358,0.7875538946222062,0.2124461053777939,S-DIAB__T1-BLACK,0.006566285801268652,253.23537821172684
ETC(eps=0.1),52983,0.0059809948468686185,0.005534437707959205,0.011646868219324548,0.004229202014462597,0.003913438433352487,0.0042292020144625965,316.89104997164,617.0860188644725,1116.303406382086,5059981.4725,95.50198124870242,0.0,0.006165179407161075,0.0017517387566948395,0.8149450295377763,0.18505497046222374,S-DIAB__T1-BLACK,0.004229202014462597,224.0758103322718
ETC(eps=0.1),72790,0.004689397590060992,0.0039359746879880165,0.009704901011195527,0.0033159048356119812,0.0027831543924549326,0.003315904835611981,341.34125058053957,706.4197446049225,1410.5566773103446,6767275.982,92.96985824975958,0.0,0.004888849753462417,0.001498684354560186,0.8348830059074048,0.16511699409259514,S-DIAB__T1-BLACK,0.0033159048356119812,241.3647129841961
ETC(eps=0.1),100000,0.004594607045548134,0.0038537319574773977,0.00959798479501443,0.003248877798794574,0.0027250000000075764,0.003248877798794574,459.46070455481345,959.7984795014429,1856.2684566896091,9112681.4045,91.126814045,0.0,0.004769193493368986,0.001259568477747774,0.849395165,0.150604835,S-DIAB__T1-BLACK,0.003248877798794574,324.8877798794574
N1-CHEAPEST,10,0.13101206330413043,0.0780563860144552,0.21947774225176467,0.0926395183795919,0.05519419986573611,0.09263951837959188,1.3101206330413044,2.194777422517647,6.290503951720923,720.0,72.0,0.0,0.0228025446342666,0.1275460765197219,1.0,0.0,S-DIAB__T1-BLACK,0.0926395183795919,0.926395183795919
N1-CHEAPEST,14,0.10787112366373859,0.11846248779654361,0.2194777422517647,0.07627640303684224,0.08376562843716465,0.07627640303684222,1.5101957312923404,3.072688391524706,6.826806545086958,1008.0,72.0,0.0,0.0228025446342666,0.10257532705220718,1.0,0.0,S-DIAB__T1-BLACK,0.07627640303684224,1.0678696425157914
N1-CHEAPEST,19,0.09165191112155048,0.07825142877415003,0.21947774225176478,0.06480768786275515,0.05533211592373767,0.0648076878627551,1.741386311309459,4.170077102783531,7.1436313962012274,1368.0,72.0,0.0,0.0228025446342666,0.09158350348764767,1.0,0.0,S-DIAB__T1-BLACK,0.06480768786275515,1.2313460693923477
N1-CHEAPEST,26,0.08026480927428677,0.05629925428563835,0.16508491292972263,0.056755790928493095,0.03980958448112072,0.05675579092849307,2.0868850411314557,4.292207736172789,9.84992788755816,1872.0,72.0,0.0,0.0228025446342666,0.07948881975917421,1.0,0.0,S-DIAB__T1-BLACK,0.056755790928493095,1.4756505641408204
N1-CHEAPEST,36,0.07161624106597506,0.06234290198808747,0.14091032211992618,0.0506403297008415,0.04408308875462498,0.05064032970084147,2.5781846783751026,5.0727715963173425,10.4835775897867,2592.0,72.0,0.0,0.022802544634266612,0.06609802526448254,1.0,0.0,S-DIAB__T1-BLACK,0.0506403297008415,1.823051869230294
N1-CHEAPEST,49,0.061187329690740276,0.04630873461424289,0.12686027302327896,0.04326597574701945,0.032745220273899374,0.04326597574701943,2.998179154846274,6.216153378140669,10.754409370336479,3528.0,72.0,0.0,0.022802544634266612,0.056665223996741704,1.0,0.0,S-DIAB__T1-BLACK,0.04326597574701945,2.120032811603953
N1-CHEAPEST,67,0.052674820130727364,0.05061642137139516,0.11393941670153383,0.037246722512219006,0.03579121479110924,0.03724672251221898,3.529212948758733,7.633940919002767,13.579262516593653,4824.0,72.0,0.0,0.02280254463426662,0.04772422634418345,1.0,0.0,S-DIAB__T1-BLACK,0.037246722512219006,2.4955304083186736
N1-CHEAPEST,92,0.04602487346878943,0.04184432905630697,0.09650264987149569,0.03254450013303385,0.029588408829915945,0.032544500133033824,4.234288359128628,8.878243788177604,15.949311600043085,6624.0,72.0,0.0,0.022802544634266654,0.04074233579232862,1.0,0.0,S-DIAB__T1-BLACK,0.03254450013303385,2.994094012239114
N1-CHEAPEST,127,0.04065202195326491,0.03663967455596103,0.08585126391729915,0.02874532039209804,0.02590816233898826,0.028745320392098015,5.1628067880646435,10.903110517496993,19.388391891735566,9144.0,72.0,0.0,0.02280254463426667,0.03515591249291514,1.0,0.0,S-DIAB__T1-BLACK,0.02874532039209804,3.650655689796451
N1-CHEAPEST,174,0.035738892218274275,0.03254146676566601,0.07317978752351363,0.02527121303963689,0.02301029181975913,0.025271213039636878,6.218567245979724,12.733283029091371,25.461205090449234,12528.0,72.0,0.0,0.02280254463426668,0.0292238274232585,1.0,0.0,S-DIAB__T1-BLACK,0.02527121303963689,4.397191068896819
N1-CHEAPEST,240,0.03202285084558686,0.02800963116352683,0.06037871648479174,0.02264357498583985,0.019805800134263887,0.022643574985839836,7.685484202940846,14.490891956350017,30.047241142454066,17280.0,72.0,0.0,0.022802544634266682,0.024753210000447137,1.0,0.0,S-DIAB__T1-BLACK,0.02264357498583985,5.434457996601564
N1-CHEAPEST,329,0.029492980595139443,0.026044276273681968,0.056133926536939376,0.02085468657622637,0.018416084364216437,0.020854686576226356,9.703190615800874,18.468061830653056,39.681265266249476,23688.0,72.0,0.0,0.022802544634266692,0.021275888807651674,1.0,0.0,S-DIAB__T1-BLACK,0.02085468657622637,6.861191883578476
N1-CHEAPEST,452,0.02711635041596057,0.025492696085543852,0.052819554103977435,0.01917415526015639,0.018026058272815823,0.019174155260156374,12.256590388014178,23.8744384549978,41.221183440500866,32544.0,72.0,0.0,0.022802544634266692,0.0181077616738918,1.0,0.0,S-DIAB__T1-BLACK,0.01917415526015639,8.666718177590688
N1-CHEAPEST,621,0.025551976353729612,0.023628521053558525,0.046401686309163935,0.018067975752440527,0.01670788746638034,0.01806797575244052,15.867777315666087,28.815447197990803,57.099718445452204,44712.0,72.0,0.0,0.022802544634266696,0.0155458065470466,1.0,0.0,S-DIAB__T1-BLACK,0.018067975752440527,11.220212942265567
N1-CHEAPEST,853,0.024611973759447615,0.02384210290824179,0.04373725267198995,0.017403293543690787,0.016858912644165284,0.01740329354369078,20.99401361680882,37.30787652920743,78.32006983802556,61416.0,72.0,0.0,0.022802544634266713,0.013371095258512839,1.0,0.0,S-DIAB__T1-BLACK,0.017403293543690787,14.845009392768242
N1-CHEAPEST,1172,0.023693629711681048,0.022791043730592157,0.04089104666198829,0.016753926240052737,0.016115701572220868,0.01675392624005273,27.768934022090185,47.924306687850276,87.5222864342939,84384.0,72.0,0.0,0.022802544634266324,0.011417177539189131,1.0,0.0,S-DIAB__T1-BLACK,0.016753926240052737,19.635601553341807
N1-CHEAPEST,1610,0.023110534119693407,0.022717594443334325,0.03852867774936774,0.01634161539287829,0.016063765083127533,0.016341615392878286,37.20795993270638,62.03117117648206,98.80072379818061,115920.0,72.0,0.0,0.022802544634265738,0.009837439906060176,1.0,0.0,S-DIAB__T1-BLACK,0.01634161539287829,26.310000782534047
N1-CHEAPEST,2212,0.022716580311712413,0.02256192976943492,0.03598800789322897,0.01606304798378067,0.015953693536622075,0.01606304798378066,50.24907564950786,79.60547345982249,133.34558882999596,159264.0,72.0,0.0,0.02280254463426534,0.008477306930464152,1.0,0.0,S-DIAB__T1-BLACK,0.01606304798378067,35.53146214012284
N1-CHEAPEST,3039,0.02276093483062631,0.022632616590750096,0.03426648926574963,0.016094411364880948,0.01600367666731456,0.016094411364880948,69.17048095027337,104.13586087861312,155.04754912404272,218808.0,72.0,0.0,0.022802544634265013,0.007032503361508553,1.0,0.0,S-DIAB__T1-BLACK,0.016094411364880948,48.9109161378732
N1-CHEAPEST,4175,0.022825907235678608,0.023012145562804433,0.0324966916098575,0.01614035379308343,0.016272044177110936,0.016140353793083425,95.29816270895817,135.67368747115506,206.38436558981516,300600.0,72.0,0.0,0.022802544634265287,0.0061015630475518825,1.0,0.0,S-DIAB__T1-BLACK,0.01614035379308343,67.38597708612332
N1-CHEAPEST,5736,0.022819585945811547,0.02297700842830398,0.030866623839031385,0.016135883966152578,0.016247198471034202,0.016135883966152575,130.893144985175,177.050954340684,252.00427314648627,412992.0,72.0,0.0,0.022802544634267733,0.005096768807172431,1.0,0.0,S-DIAB__T1-BLACK,0.016135883966152578,92.55543042985119
N1-CHEAPEST,7880,0.02273829186925482,0.022780018348092124,0.029599829943295193,0.01607840037334902,0.016107905449489916,0.01607840037334902,179.17773992972798,233.24665995316613,319.5136872579652,567360.0,72.0,0.0,0.02280254463426951,0.004378073850443129,1.0,0.0,S-DIAB__T1-BLACK,0.01607840037334902,126.6977949419903
N1-CHEAPEST,10826,0.022825376557140207,0.02274712845776425,0.02888679568772407,0.01613997854669029,0.01608464878500659,0.01613997854669029,247.1075266075999,312.7284501153008,398.99547742005524,779472.0,72.0,0.0,0.022802544634265443,0.0036797665886770872,1.0,0.0,S-DIAB__T1-BLACK,0.01613997854669029,174.73140774646907
N1-CHEAPEST,14874,0.02274422499144561,0.022758106609041553,0.027987483100266195,0.01608259572428374,0.016092411510219666,0.01608259572428374,338.29760252276196,416.28582363335937,533.6655493102203,1070928.0,72.0,0.0,0.022802544634262362,0.0031627217117426573,1.0,0.0,S-DIAB__T1-BLACK,0.01608259572428374,239.21252880299633
N1-CHEAPEST,20434,0.022742842131319416,0.022716992627281697,0.0270771499351658,0.016081617894511072,0.01606333953491569,0.016081617894511072,464.727236111381,553.2944817751779,704.6153329491225,1471248.0,72.0,0.0,0.0228025446342691,0.002668745053746532,1.0,0.0,S-DIAB__T1-BLACK,0.016081617894511072,328.6117800564393
N1-CHEAPEST,28072,0.0227032903531162,0.022700947772226955,0.026378547873868063,0.016053650563935595,0.01605199410910333,0.016053650563935595,637.326766792678,740.4985959152243,888.9910199642488,2021184.0,72.0,0.0,0.02280254463427596,0.002347978939661231,1.0,0.0,S-DIAB__T1-BLACK,0.016053650563935595,450.65807863080005
N1-CHEAPEST,38566,0.022739132462859572,0.022706752890812705,0.025900706147115607,0.016078994762787163,0.016056098947820903,0.016078994762787163,876.9573825626421,998.8866332696604,1222.1909547682853,2776752.0,72.0,0.0,0.022802544634280976,0.001989497110032036,1.0,0.0,S-DIAB__T1-BLACK,0.016078994762787163,620.1025120216497
N1-CHEAPEST,52983,0.02276072380871145,0.022705525091254633,0.025481476065845457,0.01609426214985397,0.016055230762427455,0.01609426214985397,1205.9314295569588,1350.08504639669,1641.4130402454412,3814776.0,72.0,0.0,0.02280254463428461,0.0016751803634767366,1.0,0.0,S-DIAB__T1-BLACK,0.01609426214985397,852.722291485713
N1-CHEAPEST,72790,0.0227668529030081,0.02270407884036235,0.025076320576394993,0.016098596073993665,0.016054208108614226,0.016098596073993665,1657.1992228099596,1825.3053747557917,2177.303130430161,5240880.0,72.0,0.0,0.022802544634287266,0.0014231855444522914,1.0,0.0,S-DIAB__T1-BLACK,0.016098596073993665,1171.8168082259988
N1-CHEAPEST,100000,0.022760296314392307,0.022746493590023106,0.024655681899226945,0.016093959865721985,0.016084199865721675,0.016093959865721985,2276.0296314392303,2465.5681899226943,2901.1459671334865,7200000.0,72.0,0.0,0.022802544634289195,0.0011956171892255605,1.0,0.0,S-DIAB__T1-BLACK,0.016093959865721985,1609.3959865721986
N2-UNIFORM,10,0.14264931253539345,0.0780563860144552,0.21947774225176467,0.10086829622537592,0.055194199865736114,0.10086829622537587,1.4264931253539344,2.194777422517647,6.290503951720923,1355.0,135.5,0.0,0.052353915626931695,0.13275442248190336,0.5,0.5,S-DIAB__T1-BLACK,0.10086829622537592,1.0086829622537592
N2-UNIFORM,14,0.12058653680038495,0.08356802111389855,0.2194777422517647,0.08526755789135339,0.05909151441997827,0.08526755789135336,1.6882115152053896,3.072688391524706,8.241020107460052,1897.0,135.5,0.0,0.052353915626931695,0.11838767234405383,0.5,0.5,S-DIAB__T1-BLACK,0.08526755789135339,1.1937458104789473
N2-UNIFORM,19,0.10164298901972625,0.07825142877415005,0.22711601428710732,0.07187244679591828,0.05533211592373767,0.07187244679591823,1.931216791374799,4.315204271455039,8.557844958574323,2511.0,132.1578947368421,0.0,0.048398312455289694,0.1005420984656399,0.5263157894736842,0.47368421052631576,S-DIAB__T1-BLACK,0.07187244679591828,1.3655764891224473
N2-UNIFORM,26,0.09258928585767678,0.05629925428563835,0.2156648923245721,0.06547051189518299,0.03980958448112072,0.06547051189518296,2.407321432299596,5.607287200438874,12.67835501230435,3523.0,135.5,0.0,0.052353915626931695,0.08546915333241407,0.5,0.5,S-DIAB__T1-BLACK,0.06547051189518299,1.702233309274758
N2-UNIFORM,36,0.08321855852800158,0.06234290198808747,0.1733593584074283,0.05884440705571954,0.04408308875462498,0.05884440705571952,2.9958681070080573,6.240936902667419,14.726218276905984,4878.0,135.5,0.0,0.052353915626931695,0.07435374904683721,0.5,0.5,S-DIAB__T1-BLACK,0.05884440705571954,2.1183986540059037
N2-UNIFORM,49,0.07332318865168792,0.06913727047743827,0.15572177429619913,0.051847323913829076,0.04888743278732512,0.05184732391382905,3.5928362439327093,7.630366940513757,14.701434752379232,6576.0,134.20408163265307,0.0,0.050820110315478624,0.06319713276121895,0.5102040816326531,0.4897959183673469,S-DIAB__T1-BLACK,0.051847323913829076,2.540518871777625
N2-UNIFORM,67,0.06614484401192137,0.054921904178835766,0.13935256461902046,0.046771467741356036,0.03883565088053258,0.04677146774135601,4.4317045487987325,9.336621829474371,19.236116766086035,9015.0,134.55223880597015,0.0,0.05123217741407793,0.053859299614718324,0.5074626865671642,0.4925373134328358,S-DIAB__T1-BLACK,0.046771467741356036,3.1336883386708543
N2-UNIFORM,92,0.06092058423038023,0.05721621560384069,0.11870376179397531,0.04307735822314813,0.04045797404730731,0.04307735822314811,5.60469374919498,10.920746085045728,22.234454584030487,12466.0,135.5,0.0,0.05235391562693166,0.04604351012956406,0.5,0.5,S-DIAB__T1-BLACK,0.04307735822314813,3.963116956529628
N2-UNIFORM,127,0.05694330862907662,0.04777521441716657,0.11458845358439929,0.04026499967481854,0.033782178087019825,0.04026499967481852,7.23180019589273,14.552733605218709,31.523296353695844,17145.0,135.0,0.0,0.051762132475268646,0.03992243138427169,0.5039370078740157,0.49606299212598426,S-DIAB__T1-BLACK,0.04026499967481854,5.113654958701955
N2-UNIFORM,174,0.05472449919367794,0.04873517475002906,0.10562882381101556,0.03869606447688744,0.03446097254805697,0.038696064476887414,9.52206285969996,18.379415343116708,36.76419165396694,23577.0,135.5,0.0,0.05235391562693162,0.03349100732931363,0.5,0.5,S-DIAB__T1-BLACK,0.03869606447688744,6.733115218978415
N2-UNIFORM,240,0.05391491072681651,0.051579857203078325,0.09872030928218146,0.0381235989819993,0.036472466800930484,0.038123598981999296,12.939578574435963,23.69287422772355,46.320291225693154,32520.0,135.5,0.0,0.052353915626931674,0.027807326911596333,0.5,0.5,S-DIAB__T1-BLACK,0.0381235989819993,9.149663755679832
N2-UNIFORM,329,0.05226444069302258,0.051329110117551174,0.09001580331316773,0.03695654042895842,0.03629516183639146,0.036956540428958407,17.19500098800443,29.615199290032184,50.82840272562896,44516.0,135.30699088145897,0.0,0.052125476537991926,0.023899960911693156,0.5015197568389058,0.49848024316109424,S-DIAB__T1-BLACK,0.03695654042895842,12.15870180112732
N2-UNIFORM,452,0.052554256673655646,0.0527270805943839,0.08401499126635502,0.03716147127416028,0.037283676240458474,0.03716147127416028,23.75452401649235,37.97477605239247,64.84483373748198,61246.0,135.5,0.0,0.05235391562693181,0.020240092164682835,0.5,0.5,S-DIAB__T1-BLACK,0.03716147127416028,16.796985015920445
N2-UNIFORM,621,0.0524278960999988,0.05152292428993928,0.08112803912222667,0.03707212085565291,0.03643220915197715,0.037072120855652896,32.557723478099255,50.38051229490277,74.42214285524608,84082.0,135.39774557165862,0.0,0.0522328907311815,0.01719096596071528,0.500805152979066,0.499194847020934,S-DIAB__T1-BLACK,0.03707212085565291,23.021787051360455
N2-UNIFORM,853,0.05220074818818428,0.05242263785279264,0.07729157505747848,0.03691150302687649,0.03706840271339628,0.036911503026876485,44.52723820452118,65.92971352402914,97.04241189623905,115518.0,135.4255568581477,0.0,0.05226580723272237,0.015145832476334707,0.5005861664712778,0.49941383352872215,S-DIAB__T1-BLACK,0.03691150302687649,31.48551208192565
N2-UNIFORM,1172,0.05249926720983983,0.052022301719180486,0.07374230523685711,0.0371225878514023,0.036785322318565114,0.0371225878514023,61.52914116993228,86.42598173759653,126.02396148404421,158806.0,135.5,0.0,0.05235391562693203,0.013137972579744922,0.5,0.5,S-DIAB__T1-BLACK,0.0371225878514023,43.5076729618435
N2-UNIFORM,1610,0.052505830368919974,0.05282424801883303,0.07039211835887157,0.037127228705693884,0.037352383985196885,0.03712722870569388,84.53438689396116,113.33131055778323,160.00035811609814,218155.0,135.5,0.0,0.05235391562693166,0.011051535871902753,0.5,0.5,S-DIAB__T1-BLACK,0.037127228705693884,59.774838216167154
N2-UNIFORM,2212,0.05270018883318899,0.0528798425452269,0.06822393182956389,0.0372646608937595,0.03739169525180685,0.0372646608937595,116.57281769901404,150.9113372069953,196.16617120293412,299726.0,135.5,0.0,0.052353915626931376,0.00964716369846806,0.5,0.5,S-DIAB__T1-BLACK,0.0372646608937595,82.42942989699601
N2-UNIFORM,3039,0.05250591346801134,0.052754878343257455,0.06531946083225668,0.03712728746562489,0.03730333221718869,0.03712728746562489,159.56547102928644,198.50584146922802,269.2165195878692,411721.0,135.4791049687397,0.0,0.05232918497202456,0.008288613389211719,0.500164527805199,0.4998354721948009,S-DIAB__T1-BLACK,0.03712728746562489,112.82982660803404
N2-UNIFORM,4175,0.05231428850978173,0.052186755238827987,0.06336497022285231,0.03699178815821615,0.03690160851749785,0.03699178815821615,218.41215452833876,264.5487506804084,335.2594287990527,565649.0,135.48479041916167,0.0,0.052335914079563096,0.0070904237563210615,0.5001197604790419,0.49988023952095806,S-DIAB__T1-BLACK,0.03699178815821615,154.44071556055243
N2-UNIFORM,5736,0.05224776245768935,0.05222088845519716,0.061589806755434975,0.036944747135656056,0.0369257443462562,0.036944747135656056,299.69316545730607,353.279131549175,440.9603724163363,777228.0,135.5,0.0,0.052353915626930925,0.0058197691060948315,0.5,0.5,S-DIAB__T1-BLACK,0.036944747135656056,211.91506957012314
N2-UNIFORM,7880,0.05234568016918151,0.05223790919910461,0.06033194875025424,0.037013985413450426,0.036937779829694,0.037013985413450426,412.4839597331503,475.41575615200344,616.6956910331177,1067740.0,135.5,0.0,0.0523539156269309,0.004995072193124652,0.5,0.5,S-DIAB__T1-BLACK,0.037013985413450426,291.67020505798934
N2-UNIFORM,10826,0.05227856004260077,0.05236582169599402,0.0590280137965924,0.036966524316791094,0.03702822762364301,0.036966524316791094,565.9676910211961,639.0372773619093,790.3581285358872,1466923.0,135.5,0.0,0.05235391562693082,0.00421130110095185,0.5,0.5,S-DIAB__T1-BLACK,0.036966524316791094,400.19959225358036
N2-UNIFORM,14874,0.05236041295408414,0.05240229550580042,0.058249689218720674,0.037024403065560846,0.03705401850189282,0.037024403065560846,778.8087822790474,866.4058774392512,968.2292539301185,2015427.0,135.5,0.0,0.052353915626927955,0.00358940404462665,0.5,0.5,S-DIAB__T1-BLACK,0.037024403065560846,550.7009711971521
N2-UNIFORM,20434,0.0523661619738985,0.052305396606972435,0.05728843353028197,0.03702846823645675,0.036985500633442046,0.03702846823645675,1070.050153774642,1170.6318507577816,1336.0948375554105,2768807.0,135.5,0.0,0.05235391562691774,0.003051639932338282,0.5,0.5,S-DIAB__T1-BLACK,0.03702846823645675,756.6397199437573
N2-UNIFORM,28072,0.052424865591746535,0.05241277485168655,0.05679566812350471,0.03706997796271729,0.037061428518431305,0.03706997796271729,1471.6708268915088,1594.3679955630241,1775.387331546787,3803756.0,135.5,0.0,0.05235391562691036,0.00265522829091152,0.5,0.5,S-DIAB__T1-BLACK,0.03706997796271729,1040.6284213693998
N2-UNIFORM,38566,0.052385783406789566,0.052319979168921026,0.05606398178050394,0.03704234268471063,0.03699581206188296,0.03704234268471063,2020.3101228662463,2162.163521346915,2314.757164726957,5225693.0,135.5,0.0,0.052353915626904945,0.0022596183529558687,0.5,0.5,S-DIAB__T1-BLACK,0.03704234268471063,1428.57498797855
N2-UNIFORM,52983,0.05236661242378641,0.05237861040420193,0.05536809606914371,0.03702878675262708,0.037037270605939435,0.03702878675262708,2774.540226049475,2933.567834031441,3173.9841396335014,7179133.0,135.49880150236868,0.0,0.052352497125489963,0.0018901922617419842,0.500009436989223,0.49999056301077704,S-DIAB__T1-BLACK,0.03702878675262708,1961.8962085144406
N2-UNIFORM,72790,0.05236717204836708,0.05242662380686029,0.05491543761835829,0.03702918246696298,0.037071221208547,0.03702918246696298,3811.80645340064,3997.2947042403002,4315.351334417647,9863045.0,135.5,0.0,0.052353915626898166,0.0016113533833386432,0.5,0.5,S-DIAB__T1-BLACK,0.03702918246696298,2695.3541917702355
N2-UNIFORM,100000,0.05237757029006286,0.05239067297871739,0.054470981128961996,0.03703653513417849,0.03704580013417789,0.03703653513417849,5237.757029006287,5447.098112896199,5811.823790631459,13550000.0,135.5,0.0,0.052353915626896064,0.001340067503290216,0.5,0.5,S-DIAB__T1-BLACK,0.03703653513417849,3703.653513417849
N1-EXPENSIVE,10,0.1782739600539165,0.2047863264601638,0.3462076826974733,0.1260587260631041,0.14480580013426395,0.12605872606310406,1.7827396005391651,3.4620768269747333,7.704717514094016,1990.0,199.0,0.0,0.12751037588812997,0.15413721974771924,0.0,1.0,S-DIAB__T1-BLACK,0.1260587260631041,1.2605872606310409
N1-EXPENSIVE,14,0.15995892559287966,0.11846248779654364,0.2855985300243407,0.11310804099803966,0.08376562843716469,0.1131080409980396,2.2394249583003156,3.99837942034077,11.069447232206242,2786.0,199.0,0.0,0.12751037588812997,0.128952087877909,0.0,1.0,S-DIAB__T1-BLACK,0.11310804099803966,1.5835125739725553
N1-EXPENSIVE,19,0.1460282040721034,0.15268372153062862,0.30154830704358604,0.10325753334387736,0.107963694871106,0.10325753334387731,2.774535877369964,5.729417833828135,12.800485645693609,3781.0,199.0,0.0,0.12751037588812997,0.1097470748220602,0.0,1.0,S-DIAB__T1-BLACK,0.10325753334387736,1.9618931335336698
N1-EXPENSIVE,26,0.1390860718237869,0.10687923368048802,0.2700577216466143,0.09834870455519895,0.07557503090349475,0.09834870455519892,3.616237867418459,7.021500762811971,14.092568574677443,5174.0,199.0,0.0,0.12751037588812997,0.0963474539029183,0.0,1.0,S-DIAB__T1-BLACK,0.09834870455519895,2.5570663184351727
N1-EXPENSIVE,36,0.13359855326812142,0.1340756483415089,0.25192677853926687,0.0944684429726009,0.09480580013426383,0.09446844297260086,4.809547917652371,9.069364027413608,16.14043183927908,7164.0,199.0,0.0,0.12751037588812997,0.0825879208020865,0.0,1.0,S-DIAB__T1-BLACK,0.0944684429726009,3.4008639470136326
N1-EXPENSIVE,49,0.1289629904723522,0.12686027302327882,0.24230627811496003,0.09119060508509637,0.08970375931793731,0.09119060508509635,6.319186533145257,11.873007627633042,20.358289001871615,9751.0,199.0,0.0,0.12751037588812997,0.06839670101114435,0.0,1.0,S-DIAB__T1-BLACK,0.09119060508509637,4.468339649169722
N1-EXPENSIVE,67,0.12606193144082914,0.1182448995089743,0.2237832250592052,0.08913924657128394,0.0836117702835176,0.08913924657128393,8.446149406535552,14.993476078966749,24.892971015578414,13333.0,199.0,0.0,0.12751037588812997,0.05840093741009929,0.0,1.0,S-DIAB__T1-BLACK,0.08913924657128394,5.972329520276024
N1-EXPENSIVE,92,0.12429064713064397,0.11870376179397528,0.21093508107917705,0.08788675942414267,0.08393623491687255,0.08788675942414267,11.434739536019245,19.40602745928429,33.54816308301524,18308.0,199.0,0.0,0.12751037588812997,0.05043354402715512,0.0,1.0,S-DIAB__T1-BLACK,0.08788675942414267,8.085581867021126
N1-EXPENSIVE,127,0.12443334689156511,0.12572399344560473,0.19253723261283762,0.08798766339276369,0.08890028832324016,0.08798766339276369,15.80303505522877,24.452228541830376,44.251218415053714,25273.0,199.0,0.0,0.12751037588813016,0.04326090763325664,0.0,1.0,S-DIAB__T1-BLACK,0.08798766339276369,11.17443325088099
N1-EXPENSIVE,174,0.12600096805772149,0.12188415211415463,0.18690546532671065,0.08909613894968445,0.08618511047909141,0.08909613894968445,21.92416844204354,32.521550966847656,50.906327277698054,34626.0,199.0,0.0,0.12751037588813022,0.03682049627302442,0.0,1.0,S-DIAB__T1-BLACK,0.08909613894968445,15.502728177245094
N1-EXPENSIVE,240,0.12666575853032486,0.12818309183162094,0.17532354391072413,0.08956621680093048,0.09063913346759711,0.08956621680093048,30.399782047277967,42.07765053857379,64.70506753654358,47760.0,199.0,0.0,0.12751037588813036,0.031302512084912054,0.0,1.0,S-DIAB__T1-BLACK,0.08956621680093048,21.495892032223313
N1-EXPENSIVE,329,0.12649950425736753,0.1244039750426047,0.16738918970440214,0.08944865727712113,0.08796689435918781,0.08944865727712113,41.618336900673924,55.0710434127483,80.52688753546437,65471.0,199.0,0.0,0.1275103758881304,0.026853385214479487,0.0,1.0,S-DIAB__T1-BLACK,0.08944865727712113,29.428608244172853
N1-EXPENSIVE,452,0.12705151239565238,0.1278180662071153,0.16223476794628505,0.08983898597497247,0.09038102137320234,0.08983898597497247,57.42728360283487,73.33011511172084,105.8570270463024,89948.0,199.0,0.0,0.12751037588812933,0.02264890706936683,0.0,1.0,S-DIAB__T1-BLACK,0.08983898597497247,40.60722166068756
N1-EXPENSIVE,621,0.12761831733328396,0.12667436963343942,0.1585568009912871,0.09023977758998179,0.08957230577033629,0.09023977758998179,79.25097506396934,98.46377341558929,129.57647178779806,123579.0,199.0,0.0,0.12751037588812836,0.019000733334174975,0.0,1.0,S-DIAB__T1-BLACK,0.09023977758998179,56.03890188337869
N1-EXPENSIVE,853,0.12755749990016368,0.128687378613829,0.15355631581851567,0.0901967731706081,0.09099571807095919,0.0901967731706081,108.80654741483963,130.98353739319384,173.4099442643869,169747.0,199.0,0.0,0.1275103758881293,0.016594560870265396,0.0,1.0,S-DIAB__T1-BLACK,0.0901967731706081,76.93784751452871
N1-EXPENSIVE,1172,0.12768574397329827,0.12683564716895382,0.14976231754872293,0.09028745542436854,0.08968634620935158,0.09028745542436854,149.64769193670554,175.52143616710327,219.36205660066432,233228.0,199.0,0.0,0.12751037588813102,0.01412205771184039,0.0,1.0,S-DIAB__T1-BLACK,0.09028745542436854,105.81689775735994
N1-EXPENSIVE,1610,0.1276440510100221,0.12748769696399587,0.1468123543380364,0.09025797404730822,0.0901474150410971,0.09025797404730822,205.50692212613558,236.36789048423861,281.62272448017376,320390.0,199.0,0.0,0.12751037588812994,0.012023071003534934,0.0,1.0,S-DIAB__T1-BLACK,0.09025797404730822,145.31533821616623
N1-EXPENSIVE,2212,0.12775644090457294,0.1276822778063649,0.14430504119772908,0.09033744570388194,0.09028500447422524,0.09033744570388194,282.5972472809153,319.20275112937674,384.2565749985389,440188.0,199.0,0.0,0.12751037588812594,0.010374076112795904,0.0,1.0,S-DIAB__T1-BLACK,0.09033744570388194,199.82642989698687
N1-EXPENSIVE,3039,0.12763211162172963,0.12767701837025391,0.14210302048725856,0.0902495316248834,0.09028128549128595,0.0902495316248834,387.87398721843635,431.8510792607788,498.3191166923269,604761.0,199.0,0.0,0.12751037588812575,0.008942395072964288,0.0,1.0,S-DIAB__T1-BLACK,0.0902495316248834,274.2683266080207
N1-EXPENSIVE,4175,0.12748761491047236,0.1273856560404673,0.1402575399614682,0.09014735702049421,0.09007526121211151,0.09014735702049421,532.260792251222,585.5752293391297,657.7001210201723,830825.0,199.0,0.0,0.12751037588813394,0.007754239992705552,0.0,1.0,S-DIAB__T1-BLACK,0.09014735702049421,376.36521556056334
N1-EXPENSIVE,5736,0.12745700066336213,0.12741878533871598,0.13802045604688476,0.09012570947876164,0.09009868716355912,0.09012570947876164,731.0933558050451,791.6853358849311,870.8812953778347,1141464.0,199.0,0.0,0.12751037588813904,0.006546979224466707,0.0,1.0,S-DIAB__T1-BLACK,0.09012570947876164,516.9610695701767
N1-EXPENSIVE,7880,0.12747146842083926,0.12752503983560645,0.13658821050817457,0.09013593972818228,0.09017382043884192,0.09013593972818228,1004.4751711562133,1076.3150988044156,1178.138475295305,1568120.0,199.0,0.0,0.1275103758881217,0.00558623330573735,0.0,1.0,S-DIAB__T1-BLACK,0.09013593972818228,710.2712050580764
N1-EXPENSIVE,10826,0.12743905995959318,0.12747877184976103,0.1350553824739665,0.09011302348546736,0.09014110403229877,0.09011302348546736,1379.6552631225559,1462.1095706631615,1566.7613742787812,2154374.0,199.0,0.0,0.12751037588810907,0.004663715664517489,0.0,1.0,S-DIAB__T1-BLACK,0.09011302348546736,975.5635922536696
N1-EXPENSIVE,14874,0.12753569502202614,0.127562697620635,0.13402810855524452,0.09018135479341409,0.09020044851400007,0.09018135479341409,1896.9659277576166,1993.534086650707,2137.7838700127663,2959926.0,199.0,0.0,0.12751037588809983,0.003983472900084741,0.0,1.0,S-DIAB__T1-BLACK,0.09018135479341409,1341.3574711972412
N1-EXPENSIVE,20434,0.12757091651776728,0.12760462122584543,0.1328714144183976,0.09020626015189619,0.09023009297953617,0.09020626015189619,2606.7841081240563,2715.094482225536,2914.35717316387,4066366.0,199.0,0.0,0.12751037588809316,0.003379724223393304,0.0,1.0,S-DIAB__T1-BLACK,0.09020626015189619,1843.2747199438468
N1-EXPENSIVE,28072,0.12758818543888406,0.12767763172628466,0.13226203733243588,0.09021847112312163,0.09028171919949457,0.09021847112312163,3581.6555416403535,3712.85991199614,3920.749305664455,5586328.0,199.0,0.0,0.12751037588808828,0.002940209068115308,0.0,1.0,S-DIAB__T1-BLACK,0.09021847112312163,2532.6129213682707
N1-EXPENSIVE,38566,0.1275637790390867,0.12753006101360725,0.1315270863286106,0.09020121319232056,0.09017737094785583,0.09020121319232056,4919.624702421416,5072.473611349195,5325.617839013509,7674634.0,199.0,0.0,0.12751037588808473,0.002489843177494828,0.0,1.0,S-DIAB__T1-BLACK,0.09020121319232056,3478.6999879750347
N1-EXPENSIVE,52983,0.12753644205948042,0.1275161295720625,0.13085260910882512,0.09018188302866378,0.09016751993106784,0.09018188302866378,6757.263309637449,6932.963788412881,7258.232907758496,10543617.0,199.0,0.0,0.12751037588808226,0.002076282022978088,0.0,1.0,S-DIAB__T1-BLACK,0.09018188302866378,4778.106708507693
N1-EXPENSIVE,72790,0.12753537204646806,0.1275961838125113,0.13033757045422995,0.09018112641520681,0.09022412682735194,0.09018112641520681,9283.29973126241,9487.271753363399,9924.122322780095,14485210.0,199.0,0.0,0.12751037588808029,0.001766003731829313,0.0,1.0,S-DIAB__T1-BLACK,0.09018112641520681,6564.284191762904
N1-EXPENSIVE,100000,0.12753764711855217,0.1275419816831198,0.12983300765416445,0.09018273513410517,0.09018580013410445,0.09018273513410517,12753.764711855218,12983.300765416443,13360.895786569865,19900000.0,199.0,0.0,0.12751037588819658,0.0014692866853951885,0.0,1.0,S-DIAB__T1-BLACK,0.09018273513410517,9018.273513410517
