policy,T,err_l2_mean,err_l2_med,err_l2_q90,err_linf_mean,err_linf_med,err_tv_mean,S_norm_mean,S_norm_q90,S_norm_max,cost_mean,cost_per_sample,uncertain_mean,alloc_err,samp_err,pull_ONLINE,pull_LANDLINE,scenario,err_scalar_mean,S_scalar_mean
ALG1,10,0.11378732317050934,0.04138258651156329,0.24146012596305574,0.08045978782693235,0.029261907545365406,0.08045978782693232,1.1378732317050932,2.4146012596305573,7.484893676981105,1146.339,114.6339,0.0,0.10100390017437957,0.16333273745075033,0.6643,0.3357,S-DIAB__T1-AGE,0.08045978782693235,0.8045978782693235
ALG1,14,0.09426336413192482,0.04138258651156329,0.24341309542200543,0.06665426399514086,0.029261907545365427,0.06665426399514081,1.3196870978469475,3.407783335908076,7.65042402302736,1576.325,112.59464285714286,0.0,0.09758141945571874,0.13740664962459098,0.6803571428571429,0.3196428571428571,S-DIAB__T1-AGE,0.06665426399514086,0.9331596959319721
ALG1,19,0.07420052484364197,0.07859873288980261,0.15303102564628135,0.052467694284540185,0.0555776970190496,0.05246769428454013,1.4098099720291974,2.9075894872793455,8.564443736771722,2097.996,110.42084210526316,0.0,0.09124798245767031,0.12217363888162805,0.6974736842105264,0.3025263157894737,S-DIAB__T1-AGE,0.052467694284540185,0.9968861914062636
ALG1,26,0.06262773896773387,0.041382586511563284,0.15016824515564753,0.04428449891446566,0.0292619075453654,0.04428449891446561,1.6283212131610805,3.904374374046836,10.975442185912307,2757.5075,106.05798076923078,0.0,0.07683813163736605,0.1050940684687032,0.7318269230769231,0.2681730769230769,S-DIAB__T1-AGE,0.04428449891446566,1.1513969717761072
ALG1,36,0.04686867980193635,0.041382586511563284,0.11995000664340193,0.03314116131321022,0.029261907545365395,0.03314116131321016,1.6872724728697086,4.318200239162469,11.38926805102794,3790.626,105.29516666666667,0.0,0.07169168631897853,0.09027272288385427,0.7378333333333333,0.26216666666666666,S-DIAB__T1-AGE,0.03314116131321022,1.1930818072755678
ALG1,49,0.03785788247064039,0.026951835875103136,0.0846748384209438,0.026769565416353204,0.01905782591271235,0.026769565416353145,1.8550362410613788,4.149067082626246,12.634348456864805,5046.92,102.99836734693878,0.0,0.06293390536346621,0.07835123769641078,0.7559183673469387,0.24408163265306124,S-DIAB__T1-AGE,0.026769565416353204,1.311708705401307
ALG1,67,0.030484283181406405,0.0113865762635522,0.07304408417663259,0.021555643357183546,0.008051525290455594,0.021555643357183487,2.042446973154229,4.8939536398343835,16.207662138819135,6803.168,101.53982089552238,0.0,0.055887259803603144,0.06517029947500647,0.7674029850746268,0.23259701492537313,S-DIAB__T1-AGE,0.021555643357183546,1.4442281049312975
ALG1,92,0.022418581989663816,0.010638813416496022,0.056754473059096894,0.015852331349477944,0.007522777110582819,0.01585233134947789,2.062509543049071,5.221411521436914,15.120906458048568,9163.5555,99.60386413043479,0.0,0.048131539020136754,0.05572685821416086,0.7826467391304348,0.21735326086956522,S-DIAB__T1-AGE,0.015852331349477944,1.4584144841519708
ALG1,127,0.01720619407852273,0.013543736858549605,0.04695035644216593,0.012166616511335299,0.009576868175286664,0.012166616511335241,2.1851866479723867,5.9626952681550724,14.447976642393648,12538.5195,98.7285,0.0,0.042309509000887716,0.048312529424481464,0.7895393700787402,0.21046062992125986,S-DIAB__T1-AGE,0.012166616511335299,1.545160296939583
ALG1,174,0.0124767598900063,0.008871929905285247,0.0332549223599937,0.00882240152545983,0.006273401798238978,0.008822401525459779,2.170956220861096,5.786356490638904,15.68585142725055,17046.4695,97.96821551724138,0.0,0.037530452892585435,0.041285901989621135,0.7955258620689656,0.20447413793103447,S-DIAB__T1-AGE,0.00882240152545983,1.5350978654300105
ALG1,240,0.008742604630802018,0.00602724745223592,0.02370491698189958,0.006181955019673073,0.004261907545365417,0.006181955019673018,2.098225111392484,5.689180075655899,14.174461449894435,23342.1545,97.25897708333333,0.0,0.03331492283835662,0.03566340504119777,0.8011104166666667,0.19888958333333334,S-DIAB__T1-AGE,0.006181955019673073,1.4836692047215376
ALG1,329,0.006382248204600811,0.004845154049036513,0.013442196981395794,0.004512930984688956,0.0034260412839672294,0.004512930984688902,2.099759659313667,4.422482806879216,14.32197774349081,31813.0155,96.69609574468086,0.0,0.02914337347482427,0.03063375327221356,0.8055425531914894,0.19445744680851065,S-DIAB__T1-AGE,0.004512930984688956,1.4847542939626666
ALG1,452,0.004734808168595254,0.0038370937051978972,0.010094675839592183,0.0033480149636312163,0.002713234978993699,0.003348014963631162,2.1401332922050553,4.562793479495666,27.190210477465133,43573.95,96.4025442477876,0.0,0.02494636444350834,0.026066488042302764,0.8078539823008849,0.19214601769911502,S-DIAB__T1-AGE,0.0033480149636312163,1.5133027635613099
ALG1,621,0.003577191122006122,0.0015295473142538628,0.008361496890935474,0.002529456099970898,0.0010815532780546365,0.0025294560999708435,2.221435686765802,5.192489569270929,15.091984505882552,59714.764,96.15904025764895,0.0,0.02175707870274785,0.022506042575879858,0.8097713365539453,0.19022866344605477,S-DIAB__T1-AGE,0.002529456099970898,1.5707922380819277
ALG1,853,0.0025143957007899608,0.0008946067364014533,0.005737109851514596,0.0017779462506149369,0.000632582489804689,0.0017779462506148824,2.1447795327738364,4.89375470334195,19.035890327072835,81918.8165,96.03612719812426,0.0,0.01844629035613593,0.01877575163893264,0.8107391559202815,0.18926084407971866,S-DIAB__T1-AGE,0.0017779462506149369,1.5165881517745412
ALG1,1172,0.0018758941254419712,0.0015625800624914496,0.003975913786677688,0.0013264574568880802,0.0011049109583346518,0.0013264574568880257,2.19854791501799,4.65977095798625,18.801906581717127,112413.4715,95.91593131399317,0.0,0.015434652514078091,0.015767509523549793,0.8116855802047781,0.18831441979522184,S-DIAB__T1-AGE,0.0013264574568880802,1.55460813947283
ALG1,1610,0.0012904440008742215,0.0009764847294748457,0.003611665280480581,0.0009124817037597157,0.000690478973936828,0.0009124817037596613,2.077614841407497,5.814781101573736,18.542703162931552,154225.0415,95.79195124223602,0.0,0.013334058646684473,0.013504653880409945,0.8126618012422361,0.187338198757764,S-DIAB__T1-AGE,0.0009124817037597157,1.4690955430531423
ALG1,2212,0.0009306285265347754,0.0004650150866636163,0.0023830262472057705,0.0006580537418784389,0.0003288153211339493,0.0006580537418783846,2.058550300694923,5.2712540588191645,16.584962557803955,211698.236,95.70444665461122,0.0,0.011653002813974031,0.011743649785160295,0.8133508137432188,0.1866491862567812,S-DIAB__T1-AGE,0.0006580537418784389,1.455614877035107
ALG1,3039,0.0007390406854353891,0.0002666776649395341,0.002060096870060611,0.000522580680244172,0.00018856958526979072,0.0005225806802441178,2.2459446430381473,6.260634388114197,16.160129324726014,290929.3315,95.73192875946035,0.0,0.009845001223328665,0.009935782290095705,0.8131344192168476,0.18686558078315235,S-DIAB__T1-AGE,0.000522580680244172,1.5881226872620386
ALG1,4175,0.0005164124930813716,0.00022643134310076522,0.001242632705285013,0.00036515877574734324,0.0001601111381797847,0.0003651587757472889,2.1560221586147263,5.187991544564929,26.4011949801612,399666.1595,95.72842143712575,0.0,0.008389431515247207,0.008445024158046727,0.8131620359281437,0.1868379640718563,S-DIAB__T1-AGE,0.00036515877574734324,1.524537888745158
ALG1,5736,0.00037127897665436904,0.0002086560868235949,0.000948307531579392,0.00026253388210436044,0.00014754213392886807,0.00026253388210430617,2.1296562100894607,5.439492001139392,18.167414062497162,549119.617,95.73215080195257,0.0,0.007080860520084701,0.007091206860872438,0.813132670850767,0.18686732914923293,S-DIAB__T1-AGE,0.00026253388210436044,1.5058943477506115
ALG1,7880,0.0002823531174434712,0.00010477948798310542,0.0006431856665515386,0.00019965380403349437,7.409028648216369e-05,0.00019965380403344014,2.224942565454553,5.068303052426124,20.62465223852999,754138.773,95.7028899746193,0.0,0.006062378220234272,0.006080866013543849,0.8133630710659899,0.18663692893401015,S-DIAB__T1-AGE,0.00019965380403349437,1.5732719757839357
ALG1,10826,0.00019989032051171739,0.00010312173141382795,0.0004950153843899255,0.00014134380112744205,7.291807557047061e-05,0.0001413438011273878,2.1640126098598524,5.3590365514053335,18.086958612763116,1035997.5855,95.69532472750785,0.0,0.005158350047385687,0.0051689437556497264,0.813422639940883,0.18657736005911696,S-DIAB__T1-AGE,0.00014134380112744205,1.5301879910056877
ALG1,14874,0.00013658069600452837,7.210712798692712e-05,0.00030821116228420866,9.657713632403468e-05,5.098743917149315e-05,9.65771363239804e-05,2.031501272371355,4.584332827815319,15.89804132679987,1423279.848,95.68911173860428,0.0,0.004351198937456131,0.004353119880875361,0.8134715611133521,0.18652843888664783,S-DIAB__T1-AGE,9.657713632403468e-05,1.4364883256836918
ALG1,20434,0.00010022058674494848,6.490535580632183e-05,0.00027253189427745543,7.086665650190198e-05,4.5895017226030356e-05,7.086665650184769e-05,2.047907469546277,5.568916727665524,18.296838789023557,1955037.5455,95.67571427522756,0.0,0.0037110332443024783,0.0037193104334501516,0.813577052950964,0.18642294704903592,S-DIAB__T1-AGE,7.086665650190198e-05,1.448089258959865
ALG1,28072,7.665316832093935e-05,2.8198194573947357e-05,0.00017331413976249513,5.420197511922434e-05,1.9939134600509652e-05,5.420197511917006e-05,2.1518077411054093,4.865274531412763,19.007410155143514,2685427.909,95.6621512182958,0.0,0.0032109919715177337,0.0032175263881238677,0.8136838486748361,0.18631615132516385,S-DIAB__T1-AGE,5.420197511922434e-05,1.5215578455468657
ALG1,38566,5.824814042282336e-05,1.8874994764780283e-05,0.000128884865820093,4.1187655084538946e-05,1.3346636793091911e-05,4.1187655084484654e-05,2.246397783546606,4.970573735217707,19.11270935894865,3689468.361,95.66634758595654,0.0,0.002813668999695398,0.002817384612100174,0.813650806409791,0.186349193590209,S-DIAB__T1-AGE,4.1187655084538946e-05,1.588443105990329
ALG1,52983,3.940268723990588e-05,2.3586173773599664e-05,0.00010366168265605412,2.7861907344364397e-05,1.667794341761116e-05,2.7861907344310098e-05,2.0876725780319334,5.492306932165715,26.705510367762393,5068756.855,95.6676076288621,0.0,0.002403209438701759,0.0024036685822736354,0.8136408848121096,0.18635911518789045,S-DIAB__T1-AGE,2.7861907344364397e-05,1.4762074368264588
ALG1,72790,2.7951998454984405e-05,1.892839516928111e-05,5.778575366284565e-05,1.9765047655289675e-05,1.3384396581231795e-05,1.9765047655235374e-05,2.034625967538315,4.206225009118535,18.348360632849083,6963481.584,95.66536040664926,0.0,0.0020048329880154106,0.0020053586214260964,0.8136585794752026,0.18634142052479735,S-DIAB__T1-AGE,1.9765047655289675e-05,1.4386978188285355
ALG1,100000,2.0185809832302767e-05,1.683981215024794e-05,4.512408339771576e-05,1.4273523016217667e-05,1.1907545365401835e-05,1.427352301616337e-05,2.0185809832302763,4.512408339771576,20.06875752587519,9567036.795,95.67036795,0.0,0.0016926905327090023,0.0016933903399067836,0.81361915,0.18638085,S-DIAB__T1-AGE,1.4273523016217667e-05,1.4273523016217666
ORACLE-OL,10,0.17250361583428966,0.18280394274887277,0.3242252989861824,0.12197847653562535,0.1292619075453654,0.12197847653562531,1.7250361583428966,3.242252989861824,7.484893676981105,974.0,97.4,0.0,0.007352710446821273,0.1715918797388838,0.8,0.2,S-DIAB__T1-AGE,0.12197847653562535,1.2197847653562535
ORACLE-OL,14,0.14570329234259002,0.14239784096678434,0.2616631768540999,0.10302778605665142,0.10069047897393682,0.10302778605665136,2.0398460927962603,3.663284475957399,9.064637585400455,1389.0,99.21428571428571,0.0,0.015029131993961551,0.14385470910733272,0.7857142857142857,0.21428571428571427,S-DIAB__T1-AGE,0.10302778605665142,1.4423890047931198
ORACLE-OL,19,0.12538407607869692,0.07859873288980265,0.29356273089259066,0.08865993044805663,0.055577697019049646,0.08865993044805658,2.3822974454952415,5.577691886959222,9.97865729914482,1876.0,98.73684210526316,0.0,0.013009021060503584,0.12580370837069085,0.7894736842105263,0.21052631578947367,S-DIAB__T1-AGE,0.08865993044805663,1.684538678513076
ORACLE-OL,26,0.10800071547614416,0.09577541583360541,0.23058156009864722,0.07636803828618051,0.06772344600690389,0.07636803828618044,2.8080186023797484,5.995120562564828,13.803869310658499,2507.0,96.42307692307692,0.0,0.0032192526906688183,0.10820352839565629,0.8076923076923077,0.19230769230769232,S-DIAB__T1-AGE,0.07636803828618051,1.9855689954406932
ORACLE-OL,36,0.09115076745552458,0.07646854368619463,0.19431967388395266,0.06445332577815956,0.05407142578796804,0.0644533257781595,3.281427628398885,6.995508259822296,15.631908738147219,3481.0,96.69444444444444,0.0,0.004367435400711167,0.09115359692871995,0.8055555555555556,0.19444444444444445,S-DIAB__T1-AGE,0.06445332577815956,2.320319728013744
ORACLE-OL,49,0.07924346509885652,0.05963266794365778,0.17125934223970454,0.05603359153612101,0.04216666388320613,0.056033591536120954,3.882929789843969,8.391707769745523,16.876989143984087,4671.0,95.3265306122449,0.0,0.0014203427499104723,0.07909006808186618,0.8163265306122449,0.1836734693877551,S-DIAB__T1-AGE,0.05603359153612101,2.7456459852699293
ORACLE-OL,67,0.06688879708197519,0.05360190648364455,0.1380325669238294,0.04729752200207567,0.0379022715591123,0.04729752200207561,4.481549404492338,9.24818198389657,19.036089263565312,6348.0,94.74626865671642,0.0,0.0038754882340704747,0.0668461667114004,0.8208955223880597,0.1791044776119403,S-DIAB__T1-AGE,0.04729752200207567,3.16893397413907
ORACLE-OL,92,0.05634569254449792,0.05084873277363852,0.11233627896377339,0.03984242128886683,0.035955483758982505,0.039842421288866774,5.183803714093808,10.334937664667152,22.191974269914027,8783.0,95.46739130434783,0.0,0.0008243472881759788,0.05633497602975163,0.8152173913043478,0.18478260869565216,S-DIAB__T1-AGE,0.03984242128886683,3.6655027585757485
ORACLE-OL,127,0.0480289890140977,0.04213396244747773,0.0978116617535054,0.03396162382540273,0.029793210564870914,0.03396162382540267,6.099681604790407,12.422081042695186,25.761685141378372,12192.0,96.0,0.0,0.00142917256005161,0.04788607175809254,0.8110236220472441,0.1889763779527559,S-DIAB__T1-AGE,0.03396162382540273,4.313126225826147
ORACLE-OL,174,0.0413493266452206,0.03325492235999374,0.08268482053382552,0.029238389268333123,0.02351478110858378,0.029238389268333075,7.194782836268383,14.387158772885641,28.413773488608374,16592.0,95.35632183908046,0.0,0.0012942931350149007,0.041398509784351153,0.8160919540229885,0.1839080459770115,S-DIAB__T1-AGE,0.029238389268333123,5.087479732689963
ORACLE-OL,240,0.035269425916071455,0.029597473491787436,0.07084536906100247,0.024939250233810727,0.02092857421203203,0.024939250233810686,8.46466221985715,17.002888574640593,35.387664885490814,22995.0,95.8125,0.0,0.0006358415930735309,0.03526663143797656,0.8125,0.1875,S-DIAB__T1-AGE,0.024939250233810727,5.985420056114575
ORACLE-OL,329,0.030254646388112937,0.025244496214221146,0.0639311894098376,0.021393265623435787,0.017850554460713916,0.02139326562343575,9.953778661689157,21.03336131583657,40.832351189059956,31435.0,95.54711246200608,0.0,0.00048703921834326527,0.030284842819650222,0.8145896656534954,0.18541033434650456,S-DIAB__T1-AGE,0.021393265623435787,7.038384390110374
ORACLE-OL,452,0.025716353772546354,0.02119323483237926,0.05389775078035137,0.018184208139959815,0.014985880065254344,0.018184208139959787,11.623791905190952,24.361783352718817,48.40341391306156,43212.0,95.60176991150442,0.0,0.00025577816627351483,0.02573246779702159,0.8141592920353983,0.18584070796460178,S-DIAB__T1-AGE,0.018184208139959815,8.219262079261837
ORACLE-OL,621,0.021860947160308408,0.018966301415791177,0.044798561299903776,0.015458023980214904,0.013411200345133996,0.015458023980214874,13.57564818655152,27.819906567240245,66.00367275131475,59444.0,95.72302737520128,0.0,0.0002572741053421764,0.021855801678201562,0.8132045088566827,0.18679549114331723,S-DIAB__T1-AGE,0.015458023980214904,9.599432891713455
ORACLE-OL,853,0.01860861362076659,0.01568468473338842,0.038895692791094415,0.013158276879724432,0.011090746935752094,0.013158276879724408,15.873147418513899,33.17802595080354,71.47377766480454,81609.0,95.67291910902696,0.0,4.5261095967926076e-05,0.01860748209336739,0.813599062133646,0.18640093786635403,S-DIAB__T1-AGE,0.013158276879724432,11.22401017840494
ORACLE-OL,1172,0.01563447818922862,0.013629248683421979,0.03222409207611476,0.011055245547916757,0.009637334166525513,0.011055245547916731,18.323608437775945,37.7666359132065,90.0925377210087,112070.0,95.62286689419795,0.0,0.00016651475464377657,0.01564280392696081,0.8139931740614335,0.18600682593856654,S-DIAB__T1-AGE,0.011055245547916757,12.95674778215844
ORACLE-OL,1610,0.013244831951181152,0.01132102450855233,0.027328290239532597,0.009365510488356467,0.008005173199976474,0.009365510488356444,21.324179441401654,43.99854728564748,104.80973046769105,154020.0,95.66459627329192,0.0,1.0046358252312375e-05,0.013244339679626788,0.8136645962732919,0.18633540372670807,S-DIAB__T1-AGE,0.009365510488356467,15.078471886253912
ORACLE-OL,2212,0.011571914681433995,0.00976437776956158,0.023829792946870165,0.008182579342554163,0.006904457734924192,0.008182579342554145,25.597075275332003,52.71150199847681,112.10847161815042,211588.0,95.65461121157324,0.0,3.220142131367704e-05,0.011572816321230778,0.8137432188065099,0.18625678119349007,S-DIAB__T1-AGE,0.008182579342554163,18.09986550572981
ORACLE-OL,3039,0.009933922607728504,0.008575065568060859,0.019743583336063904,0.007024344039707193,0.006063487012295126,0.007024344039707177,30.189190804886927,60.000749758298205,146.267777063049,290690.0,95.65317538664034,0.0,3.8276538019941394e-05,0.009936027817319601,0.813754524514643,0.18624547548535703,S-DIAB__T1-AGE,0.007024344039707193,21.34698153667016
ORACLE-OL,4175,0.008426630670387937,0.007339840878390328,0.01704899181402972,0.0059585276895858675,0.005190051257940044,0.005958527689585854,35.18118304886963,71.17954082357409,195.63033431242283,399406.0,95.66610778443113,0.0,1.6441710751882514e-05,0.008426449811569665,0.8136526946107785,0.18634730538922156,S-DIAB__T1-AGE,0.0059585276895858675,24.876853104020995
ORACLE-OL,5736,0.007152306669379127,0.006125867644870723,0.014584372808290058,0.005057444547043763,0.00433164255233936,0.005057444547043751,41.02563105555868,83.65596242835178,196.79304741822997,548755.0,95.66858437935844,0.0,2.6920427810485635e-05,0.007151956703817591,0.8136331938633193,0.1863668061366806,S-DIAB__T1-AGE,0.005057444547043763,29.009501921843025
ORACLE-OL,7880,0.006083304178713325,0.005129903821289706,0.012278562619091085,0.004301545636788665,0.0036273897788687472,0.0043015456367886526,47.936436928260996,96.75507343843775,233.93378898865538,753796.0,95.65939086294416,0.0,1.1978245612799875e-05,0.006083615613099258,0.8137055837563452,0.1862944162436548,S-DIAB__T1-AGE,0.004301545636788665,33.89617961789468
ORACLE-OL,10826,0.005180229039014736,0.004413951914152149,0.010608638116599293,0.003662975081586801,0.003121135330328332,0.0036629750815867913,56.08115957637352,114.84911625030395,233.6430554896802,1035631.0,95.66146314428228,0.0,3.210219171081867e-06,0.005180238669672248,0.8136892665804545,0.18631073341954554,S-DIAB__T1-AGE,0.003662975081586801,39.655368233258706
ORACLE-OL,14874,0.0043637570646116505,0.003635996202158705,0.009199746094492993,0.0030856422118376095,0.0025710375709149568,0.003085642211837602,64.9065225790337,136.83702340948878,280.3559774905148,1422845.0,95.65987629420465,0.0,9.924338139275064e-06,0.00436364789689212,0.8137017614629555,0.1862982385370445,S-DIAB__T1-AGE,0.0030856422118376095,45.895842258872605
ORACLE-OL,20434,0.0037313167717297944,0.0031100945867162653,0.00775569425994234,0.002638439392045241,0.0021991689723986525,0.002638439392045235,76.24572691352662,158.47985650766176,322.3527546991823,1954737.0,95.6610061661936,0.0,5.143738472329118e-06,0.0037312565228648895,0.8136928648331213,0.18630713516687872,S-DIAB__T1-AGE,0.002638439392045241,53.91387053705246
ORACLE-OL,28072,0.003219524224220766,0.002647858540946028,0.00682825898122213,0.0022765474111408677,0.0018723187299256568,0.0022765474111408625,90.37848402232534,191.68288612086764,366.903946498818,2685394.0,95.66094328868624,0.0,5.409779398824394e-06,0.0032195025851031707,0.8136933599316044,0.18630664006839556,S-DIAB__T1-AGE,0.0022765474111408677,63.90723892554644
ORACLE-OL,38566,0.002800516427308841,0.0023290822869276315,0.00588606811771182,0.001980264156574409,0.0016469098790280058,0.0019802641565744043,108.00471653559276,227.00210302767405,470.2051832221663,3689247.0,95.66060778924441,0.0,6.829310580702896e-06,0.0028004549635136143,0.8136960016594929,0.18630399834050718,S-DIAB__T1-AGE,0.001980264156574409,76.37086746244866
ORACLE-OL,52983,0.002400113467989532,0.002004993384580651,0.005044320580702021,0.0016971365088325637,0.0014177444184711497,0.0016971365088325591,127.16521187448934,267.26323732733516,572.591945444415,5068520.0,95.66313723269728,0.0,3.873013794658221e-06,0.0024001095949757367,0.8136760847819112,0.18632391521808883,S-DIAB__T1-AGE,0.0016971365088325637,89.91938364747573
ORACLE-OL,72790,0.001983513013004084,0.0016519380200568634,0.004098951036988383,0.001402555502066952,0.0011680965760820874,0.0014025555020669486,144.37991221656725,298.3626459823844,724.0409282574105,6963254.0,95.66223382332738,0.0,5.059977332529243e-08,0.0019835140249995506,0.8136831982415167,0.1863168017584833,S-DIAB__T1-AGE,0.001402555502066952,102.09201499545344
ORACLE-OL,100000,0.0016896912880729259,0.0014256580214729508,0.003504551958148787,0.001194792167908201,0.001008092454636522,0.001194792167908198,168.96912880729255,350.4551958148787,789.4009354577576,9566264.0,95.66264,0.0,1.769173279743729e-06,0.0016896753655134082,0.81368,0.18632,S-DIAB__T1-AGE,0.001194792167908201,119.4792167908201
ORACLE-OL-iid,10,0.18205316019079804,0.18280394274887277,0.38288148220036516,0.12873102410735413,0.1292619075453654,0.1287310241073541,1.82053160190798,3.8288148220036518,7.484893676981105,955.7755,95.57755,0.0,0.051929094730409346,0.1715816423918279,0.8143499999999999,0.18565,S-DIAB__T1-AGE,0.12873102410735413,1.2873102410735413
ORACLE-OL-iid,14,0.15171898618391952,0.14239784096678434,0.3444283498772265,0.10728152396539765,0.10069047897393683,0.10728152396539761,2.124065806574873,4.821996898281171,7.905925163076685,1341.1845,95.79889285714286,0.0,0.045375281442715916,0.14231505381550913,0.8126071428571429,0.18739285714285714,S-DIAB__T1-AGE,0.10728152396539765,1.501941335515567
ORACLE-OL-iid,19,0.12963307694233112,0.1446981453796333,0.2935627308925907,0.09166442777199987,0.10231703982305564,0.09166442777199982,2.4630284619042913,5.577691886959224,9.97865729914482,1820.9455,95.83923684210527,0.0,0.038871875270832114,0.12538037481289432,0.8122894736842106,0.18771052631578947,S-DIAB__T1-AGE,0.09166442777199987,1.7416241276679976
ORACLE-OL-iid,26,0.11175382069936507,0.09577541583360542,0.23058156009864725,0.07902188444002665,0.06772344600690389,0.0790218844400266,2.9055993381834915,5.9951205625648285,12.389655748285403,2491.4425,95.82471153846154,0.0,0.03229084158131427,0.106699207371992,0.8124038461538461,0.18759615384615386,S-DIAB__T1-AGE,0.07902188444002665,2.054568995440693
ORACLE-OL-iid,36,0.09385445187833477,0.08066629657748259,0.19851742677524037,0.06636511936771707,0.05703968532314318,0.06636511936771702,3.378760267620051,7.146627363908653,14.217695175774129,3451.8535,95.88481944444445,0.0,0.02738741879051465,0.08985060408883015,0.8119305555555556,0.18806944444444446,S-DIAB__T1-AGE,0.06636511936771707,2.3891442972378143
ORACLE-OL-iid,49,0.08174699356831497,0.05963266794365778,0.17125934223970457,0.05780385349376865,0.04216666388320613,0.0578038534937686,4.005602684847433,8.391707769745524,16.87698914398409,4691.955,95.75418367346938,0.0,0.02344459827082677,0.07763557086308058,0.8129591836734694,0.1870408163265306,S-DIAB__T1-AGE,0.05780385349376865,2.832388821194664
ORACLE-OL-iid,67,0.07012994549247262,0.053601906483644574,0.13803256692382954,0.049589360021970404,0.03790227155911231,0.04958936002197034,4.698706347995665,9.248181983896579,19.036089263565316,6411.627,95.69592537313433,0.0,0.019945392618051477,0.06561146597981636,0.8134179104477612,0.1865820895522388,S-DIAB__T1-AGE,0.049589360021970404,3.322487121472017
ORACLE-OL-iid,92,0.05902213860224373,0.05084873277363855,0.11824201924923136,0.04173495444577889,0.03595548375898253,0.04173495444577884,5.430036751406423,10.878265770929286,21.648646163651915,8810.7495,95.76901630434783,0.0,0.01687752724094945,0.05599443231972583,0.8128423913043478,0.18715760869565215,S-DIAB__T1-AGE,0.04173495444577889,3.839615809011658
ORACLE-OL-iid,127,0.05015329589138891,0.04213396244747784,0.10262805574819316,0.03546373562365656,0.029793210564870977,0.03546373562365651,6.369468578206392,13.033763080020531,27.175898703751475,12165.838,95.794,0.0,0.014323058259165404,0.047757720872111706,0.8126456692913386,0.18735433070866142,S-DIAB__T1-AGE,0.03546373562365656,4.5038944242043835
ORACLE-OL-iid,174,0.04294950823229747,0.03325492235999382,0.0886600399135492,0.030369888519685036,0.023514781108583835,0.030369888519684987,7.47321443241976,15.426846944957562,32.65641417572767,16664.39,95.77235632183908,0.0,0.012440536148923867,0.04132122350876771,0.812816091954023,0.187183908045977,S-DIAB__T1-AGE,0.030369888519685036,5.284360602425196
ORACLE-OL-iid,240,0.037227606505593674,0.029597473491787506,0.07673792557089039,0.026323893007449767,0.02092857421203209,0.026323893007449726,8.934625561342484,18.417102137013693,39.6303055726101,22969.6,95.70666666666666,0.0,0.01046643074599519,0.03566408476893227,0.8133333333333332,0.18666666666666665,S-DIAB__T1-AGE,0.026323893007449767,6.3177343217879445
ORACLE-OL-iid,329,0.03159130021610311,0.026337761379934498,0.06502445457555091,0.022338422609306595,0.01862360967302489,0.022338422609306553,10.393537771097925,21.39304555535625,48.263103240445126,31487.959,95.7080820668693,0.0,0.00896092356700785,0.030366513153759784,0.8133221884498482,0.18667781155015198,S-DIAB__T1-AGE,0.022338422609306595,7.34934103846187
ORACLE-OL-iid,452,0.026763082174781384,0.02260984010838042,0.05560993657154737,0.01892435689124076,0.01598757126217941,0.01892435689124073,12.096913143001185,25.135691330339412,46.98920035068852,43255.561,95.69814380530974,0.0,0.007749641936173553,0.025789950893316226,0.813400442477876,0.1865995575221239,S-DIAB__T1-AGE,0.01892435689124076,8.553809314840825
ORACLE-OL-iid,621,0.02298832086713579,0.01974807951873797,0.04707587782546424,0.01625519757324396,0.013964000943110828,0.016255197573243934,14.275747258491325,29.234120129613295,54.20448005039854,59438.3485,95.7139267310789,0.0,0.006720167116535145,0.021923407325275725,0.8132761674718197,0.18672383252818037,S-DIAB__T1-AGE,0.01625519757324396,10.0944776929845
ORACLE-OL-iid,853,0.019374396835256318,0.01657929146979006,0.04055362193807348,0.013699767383608953,0.01172332942555684,0.013699767383608927,16.52636050047364,34.59223951317668,72.88799122717708,81635.9875,95.70455744431419,0.0,0.005697839370916198,0.01850273177013397,0.8133499413833529,0.18665005861664713,S-DIAB__T1-AGE,0.013699767383608953,11.685901578218438
ORACLE-OL-iid,1172,0.016233358056123484,0.013629248683422125,0.03343075893820822,0.011478717562914213,0.009637334166525636,0.011478717562914189,19.025495641776725,39.18084947558003,95.16943894986545,112151.661,95.69254351535835,0.0,0.004843271539421064,0.015424028158284083,0.8134445392491467,0.18655546075085325,S-DIAB__T1-AGE,0.011478717562914213,13.453056983735458
ORACLE-OL-iid,1610,0.013915237959683305,0.011517206933497625,0.028908513091085376,0.009839559123116544,0.008143895123004907,0.009839559123116523,22.40353311509012,46.54270607664745,120.36607965379325,154069.5935,95.69539968944099,0.0,0.0041627575353197395,0.013189546650331655,0.813422049689441,0.186577950310559,S-DIAB__T1-AGE,0.009839559123116544,15.841690188217637
ORACLE-OL-iid,2212,0.012119420411073136,0.01005507088937429,0.024469130000383272,0.008569724356720489,0.007110008811188043,0.008569724356720472,26.808157949293776,54.1257155608478,150.93525098324346,211645.8485,95.6807633363472,0.0,0.00352618864130619,0.011561054857029419,0.8135372965641953,0.18646270343580468,S-DIAB__T1-AGE,0.008569724356720489,18.95623027706572
ORACLE-OL-iid,3039,0.010204773079630287,0.008575065568060782,0.021207648479939188,0.00721586424507652,0.006063487012295067,0.007215864245076504,31.012305388996438,64.45004373053519,144.8535635006686,290719.9085,95.66301694636394,0.0,0.0030316944750128022,0.009781191678206276,0.8136770319183942,0.18632296808160578,S-DIAB__T1-AGE,0.00721586424507652,21.929011440787544
ORACLE-OL-iid,4175,0.00883659807039832,0.0075644457669789104,0.017840588287629668,0.006248418418198628,0.005348870897748673,0.006248418418198613,36.892796943913,74.48445610085386,198.9352495896638,399334.8165,95.64905784431139,0.0,0.002541335046847355,0.008475763154390392,0.8137869461077845,0.18621305389221557,S-DIAB__T1-AGE,0.006248418418198628,26.087146895979274
ORACLE-OL-iid,5736,0.007416276380479662,0.006372418126455047,0.015077473771461387,0.005244099319790804,0.004505980069772464,0.005244099319790793,42.53976131843135,86.48438955310252,250.0984382916612,548619.364,95.64493793584379,0.0,0.0021618542491339673,0.007034578405041675,0.8138193863319386,0.18618061366806138,S-DIAB__T1-AGE,0.005244099319790804,30.080153698320053
ORACLE-OL-iid,7880,0.0063797128979126505,0.005488841273669161,0.01284705904743502,0.004511138252137326,0.0038811968854680816,0.004511138252137316,50.27213763555169,101.23482529378796,232.7566865944591,753723.6735,95.65021237309645,0.0,0.0018809434598274844,0.006072859749090163,0.8137778553299492,0.18622214467005074,S-DIAB__T1-AGE,0.004511138252137326,35.54776942684213
ORACLE-OL-iid,10826,0.0054340694686210835,0.004730233321955931,0.01100809299409386,0.0038424673707007557,0.003344780058549611,0.0038424673707007466,58.829236067291845,119.17361475406013,284.55474373510737,1035443.2305,95.64411883428782,0.0,0.0016326642500809182,0.00517914182939516,0.8138258359504895,0.18617416404951045,S-DIAB__T1-AGE,0.0038424673707007557,41.59855175520638
ORACLE-OL-iid,14874,0.004559501337187038,0.0038261553472925063,0.009435850128789204,0.003224054314354094,0.002705500391943712,0.0032240543143540862,67.81802288932,140.34883481561064,327.02502504883574,1422613.4155,95.64430654161623,0.0,0.0013756732508248557,0.004363787316971155,0.8138243579400296,0.18617564205997042,S-DIAB__T1-AGE,0.003224054314354094,47.954583871702795
ORACLE-OL-iid,20434,0.003974988561578246,0.0033263281058907006,0.008231549202336713,0.002810741367030945,0.002352069160126721,0.002810741367030938,81.22491626728988,168.20347640054837,320.9385411367943,1954441.09,95.64652490946462,0.0,0.0011609931447245584,0.003863132680163546,0.8138068904766567,0.18619310952334345,S-DIAB__T1-AGE,0.002810741367030945,57.43468909391033
ORACLE-OL-iid,28072,0.0033298653797006255,0.0026982366245309397,0.0070811298963479015,0.0023545703904246356,0.0019079414144517338,0.0023545703904246304,93.47598093895596,198.78147845027829,458.8278280532701,2685021.763,95.64768320746651,0.0,0.0009914586870632043,0.0032172930057923228,0.8137977700199487,0.18620222998005131,S-DIAB__T1-AGE,0.0023545703904246356,66.09750000000037
ORACLE-OL-iid,38566,0.002792820596481311,0.0024013421684515464,0.005811648171169252,0.0019748223824093986,0.0016980053312613055,0.0019748223824093934,107.70791912389824,224.13202336931337,422.1635746357392,3688850.6965,95.65033180780999,0.0,0.0008516841550387036,0.002686563786643454,0.813776914899134,0.18622308510086605,S-DIAB__T1-AGE,0.0019748223824093986,76.16100000000087
ORACLE-OL-iid,52983,0.002382229601814162,0.0020316852208771352,0.004836376082890787,0.0016844907057861269,0.0014366183969187125,0.0016844907057861228,126.21767099291974,256.2457139998026,602.6195248877318,5068099.9475,95.65520917086613,0.0,0.0007192287309421208,0.0022920215311915174,0.8137385104656211,0.18626148953437893,S-DIAB__T1-AGE,0.0016844907057861269,89.24937106466636
ORACLE-OL-iid,72790,0.002052017244118209,0.0017490814162897566,0.004176765810794053,0.0014509953084277203,0.001236787330305859,0.0014509953084277168,149.36633519936447,304.02678336769907,610.9038432682647,6963031.4325,95.6591761574392,0.0,0.0006183803038827689,0.0019670142578046023,0.8137072743508724,0.18629272564912763,S-DIAB__T1-AGE,0.0014509953084277203,105.61794850045376
ORACLE-OL-iid,100000,0.0017871908080367455,0.0015414927829878766,0.0036796529386984296,0.0012637347396370513,0.0010900000000008533,0.0012637347396370483,178.71908080367456,367.965293869843,749.8029557111379,9565872.6495,95.658726495,0.0,0.0005263292555083723,0.0017100223828618948,0.813710815,0.186289185,S-DIAB__T1-AGE,0.0012637347396370513,126.37347396370514
ETC(eps=0.1),10,0.21890713018839728,0.1828039427488728,0.46564665522349175,0.15479071620630214,0.1292619075453654,0.15479071620630208,2.1890713018839723,4.656466552234917,7.484893676981105,1355.0,135.5,0.0,0.1685575629367671,0.15728765162486558,0.5,0.5,S-DIAB__T1-AGE,0.15479071620630214,1.5479071620630214
ETC(eps=0.1),14,0.20180555073755627,0.16064792239887882,0.3444283498772266,0.14269807340761198,0.11359523531177755,0.14269807340761193,2.825277710325788,4.8219968982811725,9.064637585400455,1897.0,135.5,0.0,0.1685575629367671,0.1346157325192869,0.5,0.5,S-DIAB__T1-AGE,0.14269807340761198,1.9977730277065677
ETC(eps=0.1),19,0.18009762989771774,0.15303102564628135,0.37632790391571724,0.12734825537630137,0.10820927596641806,0.12734825537630132,3.4218549680566372,7.150230174398628,11.392870861517912,2511.0,132.1578947368421,0.0,0.15441678640256123,0.11651386458846505,0.5263157894736842,0.47368421052631576,S-DIAB__T1-AGE,0.12734825537630137,2.419616852149726
ETC(eps=0.1),26,0.18352355905415776,0.2045610744776895,0.3133467331217738,0.12977075311468483,0.1446465229299807,0.12977075311468478,4.771612535408101,8.147015061166119,13.803869310658499,3523.0,135.5,0.0,0.1685575629367671,0.10040993805251103,0.5,0.5,S-DIAB__T1-AGE,0.12977075311468483,3.3740395809818056
ETC(eps=0.1),36,0.17649442863724182,0.15923371670932127,0.3163685569729982,0.1248004073310389,0.1125952408786988,0.12480040733103885,6.353799430940704,11.389268051027935,18.460335862893412,4878.0,135.5,0.0,0.1685575629367671,0.08545985790974768,0.5,0.5,S-DIAB__T1-AGE,0.1248004073310389,4.4928146639174
ETC(eps=0.1),49,0.16898265042065164,0.17125934223970452,0.2867053473313857,0.1194887780153186,0.12109864223924283,0.11948877801531856,8.280149870611929,14.048562019237899,22.533843393476467,6576.0,134.20408163265307,0.0,0.16307440468880968,0.07467097189785478,0.5102040816326531,0.4897959183673469,S-DIAB__T1-AGE,0.1194887780153186,5.854950122750611
ETC(eps=0.1),67,0.1681796445657038,0.15747474461681735,0.2630130701670481,0.11892096712995247,0.11135145978417137,0.11892096712995244,11.268036185902155,17.621875701192224,28.935584200176983,9015.0,134.55223880597015,0.0,0.16454749197930568,0.06300312042225012,0.5074626865671642,0.4925373134328358,S-DIAB__T1-AGE,0.11892096712995247,7.967704797706816
ETC(eps=0.1),92,0.17070157736734595,0.1643576788918323,0.25658899817703396,0.12070424291569042,0.11621842928449574,0.12070424291569039,15.704545117795828,23.606187832287123,41.990964143137354,12466.0,135.5,0.0,0.16855756293676685,0.05324132594705049,0.5,0.5,S-DIAB__T1-AGE,0.12070424291569042,11.104790348243519
ETC(eps=0.1),127,0.1683006534555883,0.16944129491542595,0.23625453408265884,0.11900653333657368,0.11981308864772738,0.11900653333657366,21.374182988859715,30.004325828497674,46.97488857697481,17145.0,135.0,0.0,0.16644201369149186,0.046374898669009304,0.5039370078740157,0.49606299212598426,S-DIAB__T1-AGE,0.11900653333657368,15.113829733744858
ETC(eps=0.1),174,0.16986876525164962,0.17142521293667518,0.22831886199766174,0.12011535582122725,0.12121593053387089,0.12011535582122725,29.55716515378704,39.727481987593144,58.11225829844359,23577.0,135.5,0.0,0.1685575629367672,0.03932993276526952,0.5,0.5,S-DIAB__T1-AGE,0.12011535582122725,20.90007191289354
ETC(eps=0.1),240,0.1701261074178489,0.17101882972909666,0.2240518383180885,0.12029732421203197,0.12092857421203178,0.12029732421203196,40.830265780283725,53.77244119634124,73.57143106956498,32520.0,135.5,0.0,0.16855756293676769,0.03384650441925067,0.5,0.5,S-DIAB__T1-AGE,0.12029732421203197,28.871357810887673
ETC(eps=0.1),329,0.16917118191888475,0.1703382304969529,0.21547270589183937,0.11962208991618647,0.12044731787971256,0.11962208991618645,55.65731885131307,70.89052023841515,96.34636436113085,44516.0,135.30699088145897,0.0,0.1677409223466467,0.029683915369512086,0.5015197568389058,0.49848024316109424,S-DIAB__T1-AGE,0.11962208991618647,39.35566758242535
ETC(eps=0.1),452,0.16989767959668614,0.1696630202666471,0.2103373041402089,0.12013580135067613,0.11996987214713682,0.12013580135067611,76.79375117770215,95.07246147137442,130.42780053070115,61246.0,135.5,0.0,0.16855756293676818,0.02522088974365036,0.5,0.5,S-DIAB__T1-AGE,0.12013580135067613,54.30138221050561
ETC(eps=0.1),621,0.16892825315863338,0.17005097020573398,0.20193340156358183,0.11945031334246749,0.12024419417982604,0.11945031334246749,104.90444521151134,125.40064237098431,162.17019499268358,84082.0,135.39774557165862,0.0,0.16812491437936042,0.021605422891021832,0.500805152979066,0.499194847020934,S-DIAB__T1-AGE,0.11945031334246749,74.17864458567232
ETC(eps=0.1),853,0.16881765246495722,0.16987209540243503,0.1980568909010782,0.11937210684196514,0.12011771059342996,0.11937210684196514,144.0014575526085,168.9425279386197,201.4694398732007,115518.0,135.4255568581477,0.0,0.16824258667164363,0.01804307238407491,0.5005861664712778,0.49941383352872215,S-DIAB__T1-AGE,0.11937210684196514,101.82440713619627
ETC(eps=0.1),1172,0.16932849056644636,0.1692892738934288,0.19342261113528972,0.11973332392761656,0.11970559355219029,0.11973332392761656,198.4529909438751,226.69130025055955,273.3603478088708,158806.0,135.5,0.0,0.16855756293676588,0.0154317290452563,0.5,0.5,S-DIAB__T1-AGE,0.11973332392761656,140.32745564316662
ETC(eps=0.1),1610,0.16917522813582658,0.16962803999384085,0.1898310908848853,0.1196249510236242,0.11994513735902776,0.1196249510236242,272.37211729868085,305.62805632466535,369.26766663145565,218155.0,135.5,0.0,0.16855756293676535,0.01298331133408681,0.5,0.5,S-DIAB__T1-AGE,0.1196249510236242,192.59617114803495
ETC(eps=0.1),2212,0.16910103168090437,0.16924999721437203,0.18715143471277004,0.1195724862072087,0.11967782074608674,0.1195724862072087,374.0514820781605,413.97897358464735,479.03279745381946,299726.0,135.5,0.0,0.16855756293676505,0.01119121475973893,0.5,0.5,S-DIAB__T1-AGE,0.1195724862072087,264.4943394903456
ETC(eps=0.1),3039,0.169009659918132,0.16912250848307894,0.18447922041408304,0.1195078766141434,0.11958767259966452,0.1195078766141434,513.6203564912033,560.6323508383985,639.8283103312946,411721.0,135.4791049687397,0.0,0.16846915400153933,0.009474199466264502,0.500164527805199,0.4998354721948009,S-DIAB__T1-AGE,0.1195078766141434,363.1844370303818
ETC(eps=0.1),4175,0.16863741829246348,0.1689158574657027,0.1814490075993061,0.11924466203639326,0.11944154826393868,0.11924466203639326,704.0612213710351,757.549606727103,828.2602848457379,565649.0,135.48479041916167,0.0,0.16849320970223755,0.008148723194455414,0.5001197604790419,0.49988023952095806,S-DIAB__T1-AGE,0.11924466203639326,497.84646400194185
ETC(eps=0.1),5736,0.1685486404540945,0.16884918549114736,0.17895775523614166,0.11918188662486348,0.11939440405861551,0.11918188662486348,966.7950016446861,1026.5016840345086,1111.3544977768715,777228.0,135.5,0.0,0.1685575629367744,0.0068559698413329165,0.5,0.5,S-DIAB__T1-AGE,0.11918188662486348,683.6273016802169
ETC(eps=0.1),7880,0.16857449558983847,0.16862591337988986,0.17795828714174353,0.11920016896667653,0.11923652683469549,0.11920016896667653,1328.3670252479274,1402.311302676939,1511.2057469796348,1067740.0,135.5,0.0,0.1685575629367824,0.005791075472760948,0.5,0.5,S-DIAB__T1-AGE,0.11920016896667653,939.297331457411
ETC(eps=0.1),10826,0.15432307151881328,0.15424795856866075,0.16156330675754538,0.10912289036448942,0.10906977748808164,0.10912289036448942,1670.7015722626722,1749.0843589571864,1891.9199287568536,1430292.1995,132.11640490485868,0.0,0.15424123883709007,0.004969645086168436,0.5266424810641049,0.4733575189358951,S-DIAB__T1-AGE,0.10912289036448942,1181.3644110859625
ETC(eps=0.1),14874,0.10710857541896564,0.1070825711558692,0.11202670892939372,0.07573720000198136,0.0757188122112061,0.07573720000198136,1593.132950781695,1666.2852686158021,1831.7482554134133,1799287.1605,120.96861372193088,0.0,0.10707383639003518,0.004302495325471153,0.614420364394245,0.38557963560575503,S-DIAB__T1-AGE,0.07573720000198136,1126.5151128294708
ETC(eps=0.1),20434,0.07276987098086672,0.07273419382067262,0.07792485728245076,0.051456069236641026,0.051430841674734294,0.051456069236641026,1486.9795436230306,1592.3165337095988,1742.223171321134,2306103.328,112.85618713908194,0.0,0.07274936052064407,0.0037111935279724685,0.678297739062347,0.3217022609376529,S-DIAB__T1-AGE,0.051456069236641026,1051.4533187815227
ETC(eps=0.1),28072,0.047792945757186935,0.04773022504312443,0.05438516988458686,0.03379471603778772,0.03375036579555325,0.03379471603778772,1341.6435732957516,1526.7004890001224,1871.6271768628953,3002339.772,106.95140253633514,0.0,0.047765635300941266,0.0031964009511110726,0.7247921060131092,0.2752078939868909,S-DIAB__T1-AGE,0.03379471603778772,948.6852686127769
ETC(eps=0.1),38566,0.02959975925240305,0.029648200265623946,0.03738922819221707,0.020930190488863444,0.020964443457799492,0.020930190488863444,1141.544315328176,1441.9529744610436,1982.0411339313202,3958911.18,102.65288544313644,0.0,0.029578186116308074,0.0027776766923665245,0.7586386972981383,0.24136130270186174,S-DIAB__T1-AGE,0.020930190488863444,807.1937263935076
ETC(eps=0.1),52983,0.01637132631477379,0.01619883896798966,0.024980453108766204,0.011576275854194318,0.011454308881614384,0.011576275854194318,867.4019821356596,1323.5393470617598,2235.707094792395,5273081.186,99.52402064813242,0.0,0.0164210319934774,0.0023876188130207057,0.7832754279674613,0.21672457203253875,S-DIAB__T1-AGE,0.011576275854194318,613.3458235827776
ETC(eps=0.1),72790,0.008249115454460443,0.007324612076030268,0.016261304245435114,0.005833005476639728,0.005179282868521879,0.005833005476639728,600.4531139301757,1183.6603360252218,2402.712426790842,7078572.667,97.24649906580575,0.0,0.008446443057092225,0.0020002398885013185,0.8012086687731831,0.1987913312268169,S-DIAB__T1-AGE,0.005833005476639728,424.5844686446058
ETC(eps=0.1),100000,0.006322113346734995,0.005201608233020784,0.013127400571863818,0.004470409218906294,0.0036780924546447723,0.004470409218906293,632.2113346734994,1312.7400571863818,2760.2751061021036,9558877.8705,95.588778705,0.0,0.006563266777151517,0.0016696752209475279,0.814261585,0.185738415,S-DIAB__T1-AGE,0.004470409218906294,447.0409218906294
N1-CHEAPEST,10,0.19566388682335753,0.1828039427488728,0.38288148220036516,0.1383552612061133,0.1292619075453654,0.13835526120611324,1.9566388682335756,3.8288148220036518,7.484893676981105,720.0,72.0,0.0,0.10011719121314265,0.17057383941553175,1.0,0.0,S-DIAB__T1-AGE,0.1383552612061133,1.383552612061133
N1-CHEAPEST,14,0.16871998652670228,0.16064792239887882,0.3626784313093209,0.11930304659473416,0.11359523531177752,0.11930304659473412,2.362079811373832,5.077498038330493,9.32013872544978,1008.0,72.0,0.0,0.10011719121314265,0.1489208444567189,1.0,0.0,S-DIAB__T1-AGE,0.11930304659473416,1.6702426523262783
N1-CHEAPEST,19,0.15128182257422923,0.1446981453796334,0.29356273089259083,0.10697240261249767,0.10231703982305575,0.10697240261249762,2.874354628910355,5.577691886959226,11.234546136451607,1368.0,72.0,0.0,0.10011719121314261,0.1294622041715031,1.0,0.0,S-DIAB__T1-AGE,0.10697240261249767,2.0324756496374556
N1-CHEAPEST,26,0.13601945183066108,0.12179590145456302,0.2849743894206894,0.09618027676273745,0.08612270783925007,0.09618027676273741,3.536505747597188,7.409334124937925,13.066188374430308,1872.0,72.0,0.0,0.10011719121314261,0.1087399485789795,1.0,0.0,S-DIAB__T1-AGE,0.09618027676273745,2.5006871958311736
N1-CHEAPEST,36,0.12469023118404615,0.11575225375211391,0.23360338394987204,0.0881693080179574,0.08184920356574579,0.08816930801795735,4.488848322625662,8.409721822195394,15.480789634060875,2592.0,72.0,0.0,0.10011719121314261,0.0917159204520008,1.0,0.0,S-DIAB__T1-AGE,0.0881693080179574,3.1740950886464665
N1-CHEAPEST,49,0.11620510780408355,0.1173556704894983,0.2328016755811797,0.08216941973678132,0.08298299041381832,0.0821694197367813,5.694050282400094,11.407282103477804,21.30677704008948,3528.0,72.0,0.0,0.10011719121314258,0.07965408859316522,1.0,0.0,S-DIAB__T1-AGE,0.08216941973678132,4.026301567102285
N1-CHEAPEST,67,0.10830697682771462,0.09581723670373704,0.20135556225396814,0.07658459776469133,0.06775301782776907,0.07658459776469127,7.25656744745688,13.490822671015865,23.390317607627537,4824.0,72.0,0.0,0.10011719121314258,0.06737529476477663,1.0,0.0,S-DIAB__T1-AGE,0.07658459776469133,5.131168050234319
N1-CHEAPEST,92,0.10294593516789213,0.09696439241623964,0.1891957117014416,0.07279376885280726,0.06856417941115653,0.07279376885280721,9.471026035446076,17.406005476532627,31.548141100263578,6624.0,72.0,0.0,0.1001171912131425,0.0567127710854064,1.0,0.0,S-DIAB__T1-AGE,0.07279376885280726,6.697026734458269
N1-CHEAPEST,127,0.1005459559070363,0.09781166175350534,0.1757604407819437,0.07109672724274901,0.06916328930502852,0.07109672724274899,12.769336400193609,22.32157597930685,36.463711603037815,9144.0,72.0,0.0,0.10011719121314258,0.0491304882054001,1.0,0.0,S-DIAB__T1-AGE,0.07109672724274901,9.029284359829125
N1-CHEAPEST,174,0.0996489974013069,0.0967877040651187,0.1699366814292443,0.0704624818009048,0.06843924187992223,0.07046248180090477,17.3389255478274,29.56898256868851,45.12533175479256,12528.0,72.0,0.0,0.10011719121314258,0.042277663384083,1.0,0.0,S-DIAB__T1-AGE,0.0704624818009048,12.260471833357434
N1-CHEAPEST,240,0.09873452821787944,0.10003876972574645,0.15896433482462546,0.0698158544401171,0.07073809245463483,0.06981585444011708,23.696286772291067,38.15144035791011,53.707789544013906,17280.0,72.0,0.0,0.10011719121314244,0.036375367762482,1.0,0.0,S-DIAB__T1-AGE,0.0698158544401171,16.755805065628106
N1-CHEAPEST,329,0.09895569139466248,0.09831936113927464,0.14990161873342978,0.06997224042216914,0.06952228698351023,0.06997224042216914,32.556422468843955,49.317632563298396,73.35926312364057,23688.0,72.0,0.0,0.10011719121314216,0.031534981751434106,1.0,0.0,S-DIAB__T1-AGE,0.06997224042216914,23.020867098893646
N1-CHEAPEST,452,0.09914136720184087,0.099413011512307,0.14321608645306458,0.07010353304452727,0.07029561457852862,0.07010353304452724,44.81189797523207,64.73367107678519,94.43215588662036,32544.0,72.0,0.0,0.10011719121314194,0.026713862271462142,1.0,0.0,S-DIAB__T1-AGE,0.07010353304452727,31.686796936126324
N1-CHEAPEST,621,0.09912556579899554,0.09867237981040941,0.1351094442193769,0.07009235976542307,0.06977190887975508,0.07009235976542305,61.55697636117623,83.90296486023306,119.25830391956138,44712.0,72.0,0.0,0.10011719121314176,0.02278555625194944,1.0,0.0,S-DIAB__T1-AGE,0.07009235976542307,43.52735541432772
N1-CHEAPEST,853,0.09941704629562781,0.1003703555551393,0.12855515105378515,0.07029846760117536,0.07097255904314387,0.07029846760117536,84.80274049017052,109.65754384887873,167.64029990617686,61416.0,72.0,0.0,0.10011719121314157,0.019016561537096265,1.0,0.0,S-DIAB__T1-AGE,0.07029846760117536,59.96459286380259
N1-CHEAPEST,1172,0.09942940296038884,0.09979743635332694,0.1263441073193754,0.07030720508262074,0.07056744399047035,0.07030720508262074,116.53126026957574,148.07529377830795,207.47226339798112,84384.0,72.0,0.0,0.10011719121314154,0.016090274759767265,1.0,0.0,S-DIAB__T1-AGE,0.07030720508262074,82.40004435683151
N1-CHEAPEST,1610,0.09961670164082788,0.10003876972574717,0.12112021413379435,0.07043964524966648,0.07073809245463533,0.07043964524966646,160.3828896417329,195.00354475540888,272.7852906859314,115920.0,72.0,0.0,0.1001171912131415,0.013809145877154922,1.0,0.0,S-DIAB__T1-AGE,0.07043964524966648,113.40782885196303
N1-CHEAPEST,2212,0.09964429876373032,0.09991090231504571,0.11909101392046764,0.07045915936241201,0.07064767654143554,0.07045915936241201,220.41318886537147,263.42932279207446,355.35320434632877,159264.0,72.0,0.0,0.10011719121314139,0.01204583289200144,1.0,0.0,S-DIAB__T1-AGE,0.07045915936241201,155.85566050965537
N1-CHEAPEST,3039,0.09975141307067671,0.0993872728559498,0.1166054044149509,0.07053490061521592,0.07027741460007979,0.07053490061521592,303.1445443217865,354.36382401703577,436.38821063465423,218808.0,72.0,0.0,0.10011719121314136,0.010169330994768461,1.0,0.0,S-DIAB__T1-AGE,0.07053490061521592,214.35556296964117
N1-CHEAPEST,4175,0.09999879913883208,0.09970003593835172,0.1139268550089255,0.07070982898157967,0.070498571496551,0.07070982898157967,417.49498640462394,475.644619662264,612.8233352124365,300600.0,72.0,0.0,0.10011719121314136,0.008647986895432573,1.0,0.0,S-DIAB__T1-AGE,0.07070982898157967,295.2135359980951
N1-CHEAPEST,5736,0.10009695563938993,0.09989083943678423,0.1122183635160418,0.07077923610874165,0.07063348994416674,0.07077923610874165,574.1561375475408,643.6845331280157,765.3068994921249,412992.0,72.0,0.0,0.10011719121314132,0.007369891161563859,1.0,0.0,S-DIAB__T1-AGE,0.07077923610874165,405.9896983197421
N1-CHEAPEST,7880,0.10010221192044398,0.10003876972573722,0.11026848711854179,0.0707829528607188,0.07073809245462828,0.0707829528607188,788.8054299330986,868.9156784941093,993.3664719830041,567360.0,72.0,0.0,0.10011719121314132,0.006274013260233945,1.0,0.0,S-DIAB__T1-AGE,0.0707829528607188,557.7696685424642
N1-CHEAPEST,10826,0.1001090493208512,0.10035228464812934,0.10871268257829271,0.07078778763291242,0.07095978098225492,0.07078778763291242,1083.7805679475352,1176.923501592597,1338.143847703189,779472.0,72.0,0.0,0.10011719121314132,0.005292078910438888,1.0,0.0,S-DIAB__T1-AGE,0.07078778763291242,766.3485889139099
N1-CHEAPEST,14874,0.10012030045923886,0.10019089704186868,0.10722678541188864,0.07079574338916239,0.07084566271146855,0.07079574338916239,1489.1893490307186,1594.8912062164316,1849.44964744363,1070928.0,72.0,0.0,0.10011719121314132,0.004495366983304411,1.0,0.0,S-DIAB__T1-AGE,0.07079574338916239,1053.0158871704014
N1-CHEAPEST,20434,0.10012898345673582,0.10021871272577906,0.10637830003375648,0.07080188319557354,0.07086533137018493,0.07080188319557354,2046.0356479549398,2173.7341828897797,2397.1799257447715,1471248.0,72.0,0.0,0.10011719121314132,0.0038224719464923515,1.0,0.0,S-DIAB__T1-AGE,0.07080188319557354,1446.7656812183498
N1-CHEAPEST,28072,0.10010927385375198,0.1001798283598114,0.10542418686091913,0.07078794640164918,0.07083783597132705,0.07078794640164918,2810.267535622526,2959.467773559722,3202.571084931682,2021184.0,72.0,0.0,0.10011719121314132,0.0033150243376762934,1.0,0.0,S-DIAB__T1-AGE,0.07078794640164918,1987.1592313870956
N1-CHEAPEST,38566,0.10011117455591323,0.10012677762262406,0.10475085920265044,0.0707892904010364,0.07080032343531494,0.0707892904010364,3860.88755792335,4039.821636009417,4305.552364379322,2776752.0,72.0,0.0,0.10011719121322164,0.0028917123976718337,1.0,0.0,S-DIAB__T1-AGE,0.0707892904010364,2730.05977360637
N1-CHEAPEST,52983,0.1001460842536041,0.10020425911080726,0.10407457537345904,0.0708139752850028,0.07085511112102569,0.0708139752850028,5306.039982008706,5514.18322701198,5809.753861548052,3814776.0,72.0,0.0,0.10011719121328723,0.0024874192517027193,1.0,0.0,S-DIAB__T1-AGE,0.0708139752850028,3751.9368525253035
N1-CHEAPEST,72790,0.10012103075371662,0.10013591312201933,0.10334164519773824,0.07079625978533989,0.07080678320888686,0.07079625978533989,7287.809828563032,7522.238353943366,7871.549103849557,5240880.0,72.0,0.0,0.10011719121320307,0.002039000322820739,1.0,0.0,S-DIAB__T1-AGE,0.07079625978533989,5153.25974977489
N1-CHEAPEST,100000,0.10013421499911196,0.1001519068107772,0.10295346387783871,0.07080558245466378,0.07081809245466372,0.07080558245466378,10013.421499911197,10295.346387783871,10751.995947074161,7200000.0,72.0,0.0,0.10011719121309876,0.0017204551118912596,1.0,0.0,S-DIAB__T1-AGE,0.07080558245466378,7080.558245466378
N2-UNIFORM,10,0.21890713018839728,0.1828039427488728,0.46564665522349175,0.15479071620630214,0.1292619075453654,0.15479071620630208,2.1890713018839723,4.656466552234917,7.484893676981105,1355.0,135.5,0.0,0.1685575629367671,0.15728765162486558,0.5,0.5,S-DIAB__T1-AGE,0.15479071620630214,1.5479071620630214
N2-UNIFORM,14,0.20180555073755627,0.16064792239887882,0.3444283498772266,0.14269807340761198,0.11359523531177755,0.14269807340761193,2.825277710325788,4.8219968982811725,9.064637585400455,1897.0,135.5,0.0,0.1685575629367671,0.1346157325192869,0.5,0.5,S-DIAB__T1-AGE,0.14269807340761198,1.9977730277065677
N2-UNIFORM,19,0.18009762989771774,0.15303102564628135,0.37632790391571724,0.12734825537630137,0.10820927596641806,0.12734825537630132,3.4218549680566372,7.150230174398628,11.392870861517912,2511.0,132.1578947368421,0.0,0.15441678640256123,0.11651386458846505,0.5263157894736842,0.47368421052631576,S-DIAB__T1-AGE,0.12734825537630137,2.419616852149726
N2-UNIFORM,26,0.18352355905415776,0.2045610744776895,0.3133467331217738,0.12977075311468483,0.1446465229299807,0.12977075311468478,4.771612535408101,8.147015061166119,13.803869310658499,3523.0,135.5,0.0,0.1685575629367671,0.10040993805251103,0.5,0.5,S-DIAB__T1-AGE,0.12977075311468483,3.3740395809818056
N2-UNIFORM,36,0.17649442863724182,0.15923371670932127,0.3163685569729982,0.1248004073310389,0.1125952408786988,0.12480040733103885,6.353799430940704,11.389268051027935,18.460335862893412,4878.0,135.5,0.0,0.1685575629367671,0.08545985790974768,0.5,0.5,S-DIAB__T1-AGE,0.1248004073310389,4.4928146639174
N2-UNIFORM,49,0.16898265042065164,0.17125934223970452,0.2867053473313857,0.1194887780153186,0.12109864223924283,0.11948877801531856,8.280149870611929,14.048562019237899,22.533843393476467,6576.0,134.20408163265307,0.0,0.16307440468880968,0.07467097189785478,0.5102040816326531,0.4897959183673469,S-DIAB__T1-AGE,0.1194887780153186,5.854950122750611
N2-UNIFORM,67,0.1681796445657038,0.15747474461681735,0.2630130701670481,0.11892096712995247,0.11135145978417137,0.11892096712995244,11.268036185902155,17.621875701192224,28.935584200176983,9015.0,134.55223880597015,0.0,0.16454749197930568,0.06300312042225012,0.5074626865671642,0.4925373134328358,S-DIAB__T1-AGE,0.11892096712995247,7.967704797706816
N2-UNIFORM,92,0.17070157736734595,0.1643576788918323,0.25658899817703396,0.12070424291569042,0.11621842928449574,0.12070424291569039,15.704545117795828,23.606187832287123,41.990964143137354,12466.0,135.5,0.0,0.16855756293676685,0.05324132594705049,0.5,0.5,S-DIAB__T1-AGE,0.12070424291569042,11.104790348243519
N2-UNIFORM,127,0.1683006534555883,0.16944129491542595,0.23625453408265884,0.11900653333657368,0.11981308864772738,0.11900653333657366,21.374182988859715,30.004325828497674,46.97488857697481,17145.0,135.0,0.0,0.16644201369149186,0.046374898669009304,0.5039370078740157,0.49606299212598426,S-DIAB__T1-AGE,0.11900653333657368,15.113829733744858
N2-UNIFORM,174,0.16986876525164962,0.17142521293667518,0.22831886199766174,0.12011535582122725,0.12121593053387089,0.12011535582122725,29.55716515378704,39.727481987593144,58.11225829844359,23577.0,135.5,0.0,0.1685575629367672,0.03932993276526952,0.5,0.5,S-DIAB__T1-AGE,0.12011535582122725,20.90007191289354
N2-UNIFORM,240,0.1701261074178489,0.17101882972909666,0.2240518383180885,0.12029732421203197,0.12092857421203178,0.12029732421203196,40.830265780283725,53.77244119634124,73.57143106956498,32520.0,135.5,0.0,0.16855756293676769,0.03384650441925067,0.5,0.5,S-DIAB__T1-AGE,0.12029732421203197,28.871357810887673
N2-UNIFORM,329,0.16917118191888475,0.1703382304969529,0.21547270589183937,0.11962208991618647,0.12044731787971256,0.11962208991618645,55.65731885131307,70.89052023841515,96.34636436113085,44516.0,135.30699088145897,0.0,0.1677409223466467,0.029683915369512086,0.5015197568389058,0.49848024316109424,S-DIAB__T1-AGE,0.11962208991618647,39.35566758242535
N2-UNIFORM,452,0.16989767959668614,0.1696630202666471,0.2103373041402089,0.12013580135067613,0.11996987214713682,0.12013580135067611,76.79375117770215,95.07246147137442,130.42780053070115,61246.0,135.5,0.0,0.16855756293676818,0.02522088974365036,0.5,0.5,S-DIAB__T1-AGE,0.12013580135067613,54.30138221050561
N2-UNIFORM,621,0.16892825315863338,0.17005097020573398,0.20193340156358183,0.11945031334246749,0.12024419417982604,0.11945031334246749,104.90444521151134,125.40064237098431,162.17019499268358,84082.0,135.39774557165862,0.0,0.16812491437936042,0.021605422891021832,0.500805152979066,0.499194847020934,S-DIAB__T1-AGE,0.11945031334246749,74.17864458567232
N2-UNIFORM,853,0.16881765246495722,0.16987209540243503,0.1980568909010782,0.11937210684196514,0.12011771059342996,0.11937210684196514,144.0014575526085,168.9425279386197,201.4694398732007,115518.0,135.4255568581477,0.0,0.16824258667164363,0.01804307238407491,0.5005861664712778,0.49941383352872215,S-DIAB__T1-AGE,0.11937210684196514,101.82440713619627
N2-UNIFORM,1172,0.16932849056644636,0.1692892738934288,0.19342261113528972,0.11973332392761656,0.11970559355219029,0.11973332392761656,198.4529909438751,226.69130025055955,273.3603478088708,158806.0,135.5,0.0,0.16855756293676588,0.0154317290452563,0.5,0.5,S-DIAB__T1-AGE,0.11973332392761656,140.32745564316662
N2-UNIFORM,1610,0.16917522813582658,0.16962803999384085,0.1898310908848853,0.1196249510236242,0.11994513735902776,0.1196249510236242,272.37211729868085,305.62805632466535,369.26766663145565,218155.0,135.5,0.0,0.16855756293676535,0.01298331133408681,0.5,0.5,S-DIAB__T1-AGE,0.1196249510236242,192.59617114803495
N2-UNIFORM,2212,0.16910103168090437,0.16924999721437203,0.18715143471277004,0.1195724862072087,0.11967782074608674,0.1195724862072087,374.0514820781605,413.97897358464735,479.03279745381946,299726.0,135.5,0.0,0.16855756293676505,0.01119121475973893,0.5,0.5,S-DIAB__T1-AGE,0.1195724862072087,264.4943394903456
N2-UNIFORM,3039,0.169009659918132,0.16912250848307894,0.18447922041408304,0.1195078766141434,0.11958767259966452,0.1195078766141434,513.6203564912033,560.6323508383985,639.8283103312946,411721.0,135.4791049687397,0.0,0.16846915400153933,0.009474199466264502,0.500164527805199,0.4998354721948009,S-DIAB__T1-AGE,0.1195078766141434,363.1844370303818
N2-UNIFORM,4175,0.16863741829246348,0.1689158574657027,0.1814490075993061,0.11924466203639326,0.11944154826393868,0.11924466203639326,704.0612213710351,757.549606727103,828.2602848457379,565649.0,135.48479041916167,0.0,0.16849320970223755,0.008148723194455414,0.5001197604790419,0.49988023952095806,S-DIAB__T1-AGE,0.11924466203639326,497.84646400194185
N2-UNIFORM,5736,0.1685486404540945,0.16884918549114736,0.17895775523614166,0.11918188662486348,0.11939440405861551,0.11918188662486348,966.7950016446861,1026.5016840345086,1111.3544977768715,777228.0,135.5,0.0,0.1685575629367744,0.0068559698413329165,0.5,0.5,S-DIAB__T1-AGE,0.11918188662486348,683.6273016802169
N2-UNIFORM,7880,0.16857449558983847,0.16862591337988986,0.17795828714174353,0.11920016896667653,0.11923652683469549,0.11920016896667653,1328.3670252479274,1402.311302676939,1511.2057469796348,1067740.0,135.5,0.0,0.1685575629367824,0.005791075472760948,0.5,0.5,S-DIAB__T1-AGE,0.11920016896667653,939.297331457411
N2-UNIFORM,10826,0.16865142194331667,0.16861739251111882,0.1767165280059542,0.11925456411287294,0.11923050167060589,0.11925456411287294,1825.8202939583466,1913.1331321924602,2065.8681969287445,1466923.0,135.5,0.0,0.1685575629367717,0.004938915532503398,0.5,0.5,S-DIAB__T1-AGE,0.11925456411287294,1291.0499110859625
N2-UNIFORM,14874,0.16874295754030053,0.1687892137523544,0.17544478383209822,0.11931928955422016,0.11935199763543546,0.11931928955422016,2509.88275045443,2609.565714718629,2801.898759201354,2015427.0,135.5,0.0,0.16855756293675866,0.004222681847409715,0.5,0.5,S-DIAB__T1-AGE,0.11931928955422016,1774.7551128294708
N2-UNIFORM,20434,0.1687046820053034,0.1687960722866542,0.17454040651768882,0.11929222466387014,0.11935684735154785,0.11929222466387014,3447.31147209637,3566.558666782453,3763.1343519522843,2768807.0,135.5,0.0,0.1685575629367236,0.0035774528550962903,0.5,0.5,S-DIAB__T1-AGE,0.11929222466387014,2437.6173187815225
N2-UNIFORM,28072,0.16866412451695048,0.16863762564498505,0.1735746778362279,0.1192635461888279,0.11924480865676737,0.1192635461888279,4734.739303439833,4872.58835621859,5093.2056719487655,3803756.0,135.5,0.0,0.16855756293667984,0.003068298731933255,0.5,0.5,S-DIAB__T1-AGE,0.1192635461888279,3347.9662686127767
N2-UNIFORM,38566,0.16865471148841998,0.1686640073225243,0.17291772233666253,0.11925689017252249,0.11926346331985443,0.11925689017252249,6504.3376032624055,6668.744879635727,6933.20281579949,5225693.0,135.5,0.0,0.16855756293668303,0.002662842398553876,0.5,0.5,S-DIAB__T1-AGE,0.11925689017252249,4599.2612263935025
N2-UNIFORM,52983,0.16862649382568404,0.16870264563463136,0.17215923843472383,0.11923693727185267,0.11929078473235895,0.11923693727185267,8934.337522366219,9121.512929986973,9424.154632334823,7179133.0,135.49880150236868,0.0,0.16855249197521896,0.002267855707786023,0.500009436989223,0.49999056301077704,S-DIAB__T1-AGE,0.11923693727185267,6317.530647474569
N2-UNIFORM,72790,0.16863772527724555,0.1686598642572459,0.17157416614428397,0.1192448791074144,0.11926053373030118,0.1192448791074144,12275.140022930704,12488.88355364243,12886.277564673173,9863045.0,135.5,0.0,0.1685575629367778,0.0018698275193916886,0.5,0.5,S-DIAB__T1-AGE,0.1192448791074144,8679.834750228694
N2-UNIFORM,100000,0.16857030750801577,0.1685910964473778,0.17103910012385953,0.11919720754561954,0.11921190754561611,0.11919720754561954,16857.03075080158,17103.910012385953,17516.718951247094,13550000.0,135.5,0.0,0.16855756293680677,0.0016065332053266709,0.5,0.5,S-DIAB__T1-AGE,0.11919720754561954,11919.720754561953
N1-EXPENSIVE,10,0.441125707221713,0.46564665522349175,0.6070680114608012,0.31192297893218496,0.32926190754536544,0.31192297893218485,4.41125707221713,6.070680114608012,7.484893676981105,1990.0,199.0,0.0,0.43723231708667676,0.1462311833957924,0.0,1.0,S-DIAB__T1-AGE,0.31192297893218496,3.1192297893218495
N1-EXPENSIVE,14,0.43832627151042314,0.44544360433244756,0.6474741132428896,0.3099434789572361,0.31497619325965115,0.309943478957236,6.136567801145923,9.064637585400455,10.478851147773549,2786.0,199.0,0.0,0.4372323170866767,0.12062830796738067,0.0,1.0,S-DIAB__T1-AGE,0.3099434789572361,4.3392087054013055
N1-EXPENSIVE,19,0.43489361899466605,0.4507601966721959,0.5996247821851532,0.30751622708588716,0.3187355917558916,0.30751622708588705,8.262978760898655,11.392870861517912,14.221297986264101,3781.0,199.0,0.0,0.4372323170866767,0.10707340988156142,0.0,1.0,S-DIAB__T1-AGE,0.30751622708588716,5.842808314631856
N1-EXPENSIVE,26,0.4364649022922161,0.422132391765858,0.5853108797319843,0.3086272921607499,0.29849267677613456,0.30862729216074986,11.348087459597616,15.218082873031591,19.460723560150875,5174.0,199.0,0.0,0.4372323170866767,0.09171190338183553,0.0,1.0,S-DIAB__T1-AGE,0.3086272921607499,8.024309596179497
N1-EXPENSIVE,36,0.4359678122686896,0.43421968717075615,0.552070817368514,0.3082757964342541,0.307039685323143,0.30827579643425407,15.694841241672824,19.874549425266505,25.531403674758884,7164.0,199.0,0.0,0.4372323170866767,0.07870094431788174,0.0,1.0,S-DIAB__T1-AGE,0.3082757964342541,11.097928671633149
N1-EXPENSIVE,49,0.43671300019738896,0.4310128536959872,0.5464588587876684,0.3088027238718957,0.30477211162699785,0.3088027238718957,21.39893700967206,26.776484080595754,33.847551892461226,9751.0,199.0,0.0,0.4372323170866767,0.06770331061727972,0.0,1.0,S-DIAB__T1-AGE,0.3088027238718957,15.13133346972289
N1-EXPENSIVE,67,0.4373201686458095,0.4318743910474177,0.5374127165976486,0.30923205679909654,0.3053813105304399,0.30923205679909654,29.30045129926924,36.00665201204245,43.077719823907934,13333.0,199.0,0.0,0.437232317086677,0.05782054881864374,0.0,1.0,S-DIAB__T1-AGE,0.30923205679909654,20.71854780553947
N1-EXPENSIVE,92,0.43757759038769506,0.44105163674743764,0.517911069485106,0.3094140814584087,0.31187060319753906,0.30941408145840865,40.25713831566795,47.64781839262975,57.547313329241504,18308.0,199.0,0.0,0.4372323170866777,0.04905409017427326,0.0,1.0,S-DIAB__T1-AGE,0.3094140814584087,28.4660954941736
N1-EXPENSIVE,127,0.43798597420825797,0.43669425158435826,0.5035074907515915,0.3097028524272555,0.30878946660048395,0.3097028524272555,55.62421872444877,63.94545132545212,78.08758694918316,25273.0,199.0,0.0,0.43723231708667787,0.04171890258097197,0.0,1.0,S-DIAB__T1-AGE,0.3097028524272555,39.332262258261444
N1-EXPENSIVE,174,0.43744366061754725,0.43963812993847107,0.49653177899945766,0.3093193788097343,0.3108711029476654,0.3093193788097343,76.11519694745323,86.39652954590564,100.53866516963653,34626.0,199.0,0.0,0.4372323170866783,0.03535969708866611,0.0,1.0,S-DIAB__T1-AGE,0.3093193788097343,53.82157191289377
N1-EXPENSIVE,240,0.4383523334696922,0.44207642918394086,0.4892168812630434,0.3099619075453661,0.31259524087869917,0.3099619075453661,105.20456003272612,117.41205150313041,132.96840068923433,47760.0,199.0,0.0,0.437232317086677,0.030170141555106524,0.0,1.0,S-DIAB__T1-AGE,0.3099619075453661,74.39085781088787
N1-EXPENSIVE,329,0.43852083551116466,0.43899582213317767,0.4819810367949729,0.31008105648153517,0.3104169227429334,0.31008105648153517,144.27335488317317,158.57176110554607,179.7849645411425,65471.0,199.0,0.0,0.4372323170866749,0.026337427485678293,0.0,1.0,S-DIAB__T1-AGE,0.31008105648153517,102.01666758242507
N1-EXPENSIVE,452,0.4384042714014046,0.4387390520455949,0.47315575378476277,0.30999863320908083,0.31023535887279774,0.30999863320908083,198.15873067343486,213.86640071071278,235.07960414630898,89948.0,199.0,0.0,0.43723231708667326,0.022333095115388737,0.0,1.0,S-DIAB__T1-AGE,0.30999863320908083,140.11938221050454
N1-EXPENSIVE,621,0.43802394442670234,0.4387743202218745,0.46837943505416096,0.30972970142620065,0.3102602972394052,0.30972970142620065,272.0128694889821,290.86362916863396,317.7336868537228,123579.0,199.0,0.0,0.43723231708667226,0.018748129499540505,0.0,1.0,S-DIAB__T1-AGE,0.30972970142620065,192.3421445856706
N1-EXPENSIVE,853,0.4379534357169258,0.43845661721303375,0.4633255544177211,0.309679844239385,0.3100356472874505,0.309679844239385,373.5742806665377,395.21669791831613,424.9151827281533,169747.0,199.0,0.0,0.4372323170866714,0.01601213892852879,0.0,1.0,S-DIAB__T1-AGE,0.309679844239385,264.1569071361954
N1-EXPENSIVE,1172,0.43794460073699754,0.43837598414019596,0.46009598765787185,0.30967359696516605,0.30997863109485896,0.30967359696516605,513.271072063761,539.2324975350258,574.5878365943552,233228.0,199.0,0.0,0.4372323170866706,0.013696344888496274,0.0,1.0,S-DIAB__T1-AGE,0.30967359696516605,362.9374556431746
N1-EXPENSIVE,1610,0.43803611180358515,0.4384164561964469,0.45686272005348744,0.3097383050609037,0.3100072491602826,0.3097383050609037,705.238140003772,735.5489792861148,782.2180268444222,320390.0,199.0,0.0,0.43723231708667026,0.011876618371831373,0.0,1.0,S-DIAB__T1-AGE,0.3097383050609037,498.678671148055
N1-EXPENSIVE,2212,0.4380439172750761,0.4377715596902799,0.4537549860281296,0.30974382436272524,0.3095512384676084,0.30974382436272524,968.9531450124682,1003.7060290942227,1075.830920775244,440188.0,199.0,0.0,0.43723231708668997,0.010157041337596814,0.0,1.0,S-DIAB__T1-AGE,0.30974382436272524,685.1533394903482
N1-EXPENSIVE,3039,0.4379489638362911,0.4380976447290768,0.45159293703207787,0.3096766821422635,0.30978181540978517,0.3096766821422635,1330.9269010984888,1372.3909356404847,1440.2731866343895,604761.0,199.0,0.0,0.4372323170867061,0.0087903022118384,0.0,1.0,S-DIAB__T1-AGE,0.3096766821422635,941.1074370303388
N1-EXPENSIVE,4175,0.43748957851317527,0.43753175086970636,0.44972616721591613,0.30935184766511076,0.3093816680243925,0.30935184766511076,1826.5189902925067,1877.60674812645,1946.9032126827267,830825.0,199.0,0.0,0.4372323170866847,0.007593691946435013,0.0,1.0,S-DIAB__T1-AGE,0.30935184766511076,1291.5439640018374
N1-EXPENSIVE,5736,0.43730703339288607,0.4375892104190604,0.4472046792008861,0.30922276877268173,0.30942229806138466,0.30922276877268173,2508.393143541594,2565.1660398962827,2658.504135012899,1141464.0,199.0,0.0,0.43723231708665866,0.006328030992461185,0.0,1.0,S-DIAB__T1-AGE,0.30922276877268173,1773.7018016801023
N1-EXPENSIVE,7880,0.43743964526262175,0.4374700652117108,0.44608456406880526,0.3093165395250376,0.30933804967732187,0.3093165395250376,3447.024404669459,3515.1463648621852,3632.52609053915,1568120.0,199.0,0.0,0.4372323170866395,0.005324211678544377,0.0,1.0,S-DIAB__T1-AGE,0.3093165395250376,2437.4143314572966
N1-EXPENSIVE,10826,0.43743749692614736,0.4374564384527081,0.4447717866415947,0.3093150204217484,0.30932841410362544,0.3093150204217484,4735.698341722473,4815.099362181904,4925.408020047007,2154374.0,199.0,0.0,0.43723231708662547,0.004553436661741873,0.0,1.0,S-DIAB__T1-AGE,0.3093150204217484,3348.6444110858483
N1-EXPENSIVE,14874,0.43748142360084596,0.43748408582887766,0.44366425804578313,0.3093460812713027,0.309347963750797,0.3093460812713027,6507.098694638982,6599.062174172978,6726.341394786554,2959926.0,199.0,0.0,0.43723231708661553,0.0038148578565746875,0.0,1.0,S-DIAB__T1-AGE,0.3093460812713027,4601.213612829356
N1-EXPENSIVE,20434,0.43736546376964325,0.4373609997990662,0.4427316062608528,0.309264085288314,0.30926092878444794,0.309264085288314,8937.125886668891,9046.777642334266,9188.057577215339,4066366.0,199.0,0.0,0.4372323170866083,0.003330836800921359,0.0,1.0,S-DIAB__T1-AGE,0.309264085288314,6319.502318781409
N1-EXPENSIVE,28072,0.43734578439751953,0.4372535673155183,0.44188835100526996,0.3092501698708358,0.3091849625468115,0.3092501698708358,12277.170859607168,12404.68978941994,12563.08170840613,5586328.0,199.0,0.0,0.43723231708667504,0.002781900581915095,0.0,1.0,S-DIAB__T1-AGE,0.3092501698708358,8681.270768614102
N1-EXPENSIVE,38566,0.4373691312484811,0.4374181223110568,0.44134547470774643,0.3092666785874701,0.3093013205000349,0.3092666785874701,16867.577915728925,17020.929577578947,17215.94962783022,7674634.0,199.0,0.0,0.4372323170870016,0.0024120304259329945,0.0,1.0,S-DIAB__T1-AGE,0.3092666785874701,11927.178726404372
N1-EXPENSIVE,52983,0.43736645448165806,0.4373960156903585,0.4407591870634063,0.3092647858274979,0.30928568875863005,0.3092647858274979,23172.98685780169,23352.744008180456,23588.917673095697,10543617.0,199.0,0.0,0.43723231708723903,0.0020599392531593205,0.0,1.0,S-DIAB__T1-AGE,0.3092647858274979,16385.77614749832
N1-EXPENSIVE,72790,0.43735645822893343,0.43739735559874193,0.4401173706932885,0.30925771740940977,0.3092866362169341,0.30925771740940977,31835.176594484063,32036.14341276447,32242.618592870112,14485210.0,199.0,0.0,0.43723231708671256,0.0017358872573933785,0.0,1.0,S-DIAB__T1-AGE,0.30925771740940977,22510.86925023094
N1-EXPENSIVE,100000,0.43728594573267493,0.43727753116198026,0.4397099784892567,0.30920785754514707,0.3092019075451481,0.30920785754514707,43728.59457326749,43970.99784892567,44393.84770407441,19900000.0,199.0,0.0,0.43723231708632865,0.0014766048581140326,0.0,1.0,S-DIAB__T1-AGE,0.30920785754514707,30920.785754514705
