policy,T,err_l2_mean,err_l2_med,err_l2_q90,err_linf_mean,err_linf_med,err_tv_mean,S_norm_mean,S_norm_q90,S_norm_max,cost_mean,cost_per_sample,uncertain_mean,alloc_err,samp_err,pull_PHONE,pull_ONLINE,scenario,err_scalar_mean,S_scalar_mean
ALG1,10,0.04914392129246507,3.140184917367551e-17,0.1414213562373095,0.03475000000000001,2.2204460492503132e-17,0.03475000000000001,0.49143921292465065,1.414213562373095,4.242640687119286,22.4575,2.24575,0.0,0.10744487540129591,0.13346640494896087,0.622875,0.37712500000000004,EXAMPLE-1,0.03475000000000001,0.3475000000000001
ALG1,15,0.03724095714249152,3.140184917367551e-17,0.09428090415820638,0.026333333333333347,2.2204460492503132e-17,0.026333333333333347,0.5586143571373728,1.4142135623730956,5.65685424949238,34.135,2.2756666666666665,0.0,0.09149961748553925,0.11266568046905659,0.6378333333333334,0.3621666666666667,EXAMPLE-1,0.026333333333333347,0.39500000000000024
ALG1,22,0.034005407931607584,0.012856486930664476,0.07713892158398698,0.02404545454545453,0.009090909090909073,0.02404545454545453,0.7481189744953667,1.6970562748477136,5.939696961966998,50.1575,2.2798863636363635,0.0,0.08673307495599537,0.09624687528468712,0.6399431818181818,0.3600568181818182,EXAMPLE-1,0.02404545454545453,0.5289999999999997
ALG1,33,0.02178103160836745,0.008570991287109702,0.03428396514843866,0.015401515151515157,0.006060606060606086,0.015401515151515157,0.7187740430761258,1.1313708498984756,5.374011537017762,76.49,2.317878787878788,0.0,0.07154634976914796,0.07794245201715354,0.6589393939393939,0.34106060606060606,EXAMPLE-1,0.015401515151515157,0.5082500000000002
ALG1,50,0.010465180361560912,3.140184917367551e-17,0.028284271247461888,0.007400000000000009,2.2204460492503132e-17,0.007400000000000009,0.5232590180780459,1.4142135623730945,4.242640687119286,115.99,2.3198,0.0,0.06008993426523281,0.06303149847496886,0.6598999999999999,0.34009999999999996,EXAMPLE-1,0.007400000000000009,0.37000000000000044
ALG1,74,0.011146487300731167,0.00764439763444914,0.026755391720572043,0.007881756756756744,0.005405405405405389,0.007881756756756744,0.8248400602541064,1.9798989873223312,4.808326112068523,171.45,2.316891891891892,0.0,0.04934458673036934,0.05150890681062277,0.658445945945946,0.34155405405405403,EXAMPLE-1,0.007881756756756744,0.583249999999999
ALG1,110,0.004740829555682545,2.997449239305389e-17,0.012856486930664487,0.003352272727272735,2.119516683375299e-17,0.003352272727272735,0.52149125112508,1.4142135623730936,4.242640687119284,255.62,2.323818181818182,0.0,0.04292138161802343,0.044145961998169246,0.6619090909090909,0.33809090909090905,EXAMPLE-1,0.003352272727272735,0.36875000000000085
ALG1,165,0.003031988167815055,2.8547135612432276e-17,0.008570991287109652,0.002143939393939401,2.0185873175002847e-17,0.002143939393939401,0.5002780476894841,1.4142135623730925,4.242640687119282,383.8625,2.326439393939394,0.0,0.03523320243348608,0.03573674817160378,0.663219696969697,0.33678030303030304,EXAMPLE-1,0.002143939393939401,0.3537500000000012
ALG1,245,0.001998658963149742,2.7556724785062175e-17,0.0057723002545840485,0.0014132653061224565,1.948554696280887e-17,0.0014132653061224565,0.4896714459716868,1.4142135623730918,4.242640687119282,569.86,2.3259591836734694,0.0,0.029317512993032466,0.02956427882891594,0.6629795918367347,0.3370204081632653,EXAMPLE-1,0.0014132653061224565,0.34625000000000183
ALG1,366,0.002669038301118058,0.002318382889136197,0.0054095600746512,0.001887295081967201,0.0016393442622950646,0.001887295081967201,0.9768680182092091,1.9798989873223394,5.091168824543137,850.9475,2.324993169398907,0.0,0.02380109833559475,0.023794336385501446,0.6624965846994535,0.33750341530054645,EXAMPLE-1,0.001887295081967201,0.6907499999999955
ALG1,546,0.0017710046213783798,0.0015540808377726076,0.001554080837772628,0.0012522893772893662,0.0010989010989010818,0.0012522893772893662,0.9669685232725953,0.8485281374238549,5.091168824543132,1270.79,2.3274542124542124,0.0,0.019888349521395277,0.019812588080553868,0.6637271062271062,0.33627289377289377,EXAMPLE-1,0.0012522893772893662,0.683749999999994
ALG1,815,0.0006854163891256207,2.5911341802818127e-17,0.0017352313648749508,0.00048466257668712374,1.832208549841516e-17,0.00048466257668712374,0.558614357137381,1.414213562373085,5.656854249492361,1900.55,2.331963190184049,0.0,0.015743754173510552,0.015840927129943554,0.6659815950920245,0.33401840490797546,EXAMPLE-1,0.00048466257668712374,0.39500000000000585
ALG1,1216,0.0008199182248955708,0.0006978027445919638,0.0018608073189119408,0.0005797697368420948,0.000493421052631562,0.0005797697368420948,0.9970205614730141,2.26274169979692,6.505382386916203,2834.67,2.3311430921052634,0.0,0.012323196469494509,0.01231272942832563,0.6655715460526316,0.3344284539473684,EXAMPLE-1,0.0005797697368420948,0.7049999999999872
ALG1,1814,0.00047829108076949444,0.00031184422544057233,0.0010914547890420563,0.0003382028665931522,0.00022050716648289517,0.0003382028665931522,0.8676200205158628,1.97989898732229,4.808326112068488,4229.17,2.3314057331863287,0.0,0.010255776964177543,0.010258505601150148,0.6657028665931642,0.3342971334068357,EXAMPLE-1,0.0003382028665931522,0.6134999999999781
ALG1,2706,0.0003668802368018745,0.00031357285196740344,0.000836194271913113,0.00025942350332593177,0.00022172949002215641,0.00025942350332593177,0.9927779207858723,2.2627416997968837,6.505382386916171,6309.48,2.331662971175166,0.0,0.008563674587230435,0.008567332937170049,0.6658314855875832,0.33416851441241685,EXAMPLE-1,0.00025942350332593177,0.7019999999999713
ALG1,4037,0.00018330127483567895,7.006259907716856e-05,0.00042037559446312213,0.00012961357443644768,4.9541738915020234e-05,0.00012961357443644768,0.7399872465116362,1.6970562748476241,5.9396969619669,9414.5975,2.3320776566757493,0.0,0.006828563640809553,0.006816215107722196,0.6660388283378746,0.33396117166212536,EXAMPLE-1,0.00012961357443644768,0.5232499999999393
ALG1,6023,0.00012567786970948494,4.696043707035805e-05,0.0001878417482813135,8.88676739166562e-05,3.320604349993431e-05,8.88676739166562e-05,0.7569578092602279,1.1313708498983512,5.374011537017618,14051.16,2.332917150921468,0.0,0.005752653541115855,0.005753299247125574,0.6664585754607338,0.33354142453926616,EXAMPLE-1,8.88676739166562e-05,0.5352500000000203
ALG1,8986,0.00010426402015046107,9.442779183436992e-05,9.442779183437259e-05,7.372579568216184e-05,6.677053193855467e-05,7.372579568216184e-05,0.9369164850720431,0.8485281374236721,5.091168824542943,20964.905,2.3330630981526816,0.0,0.004632470087742261,0.004630817601385159,0.666531549076341,0.33346845092365907,EXAMPLE-1,7.372579568216184e-05,0.6624999999999064
ALG1,13406,7.168119615338797e-05,6.329465444006763e-05,6.329465444006989e-05,5.0686259883623704e-05,4.475607936743104e-05,5.0686259883623704e-05,0.9609581156323191,0.848528137423577,5.0911688245428275,31280.5875,2.3333274280173057,0.0,0.0038108920255198408,0.003811366735428147,0.6666637140086529,0.3333362859913472,EXAMPLE-1,5.0686259883623704e-05,0.6794999999998593
ALG1,20000,2.4130018908001654e-05,2.344148040814876e-17,7.07106781186323e-05,1.706250000000758e-05,1.6575629757653586e-17,1.706250000000758e-05,0.48260037816003304,1.4142135623726462,5.656854249491943,46667.2875,2.333364375,0.0,0.0031613153196592904,0.003161014799277285,0.6666821875,0.3333178125,EXAMPLE-1,1.706250000000758e-05,0.3412500000001516
