policy,T,err_l2_mean,err_l2_med,err_l2_q90,err_linf_mean,err_linf_med,err_tv_mean,S_norm_mean,S_norm_q90,S_norm_max,cost_mean,cost_per_sample,uncertain_mean,alloc_err,samp_err,pull_PORTAL,pull_ONLINE,variant,pull_LANDLINE
ALG1,10,0.1314702435945094,0.0780563860144552,0.21947774225176467,0.09296350076992492,0.05519419986573611,0.09296350076992486,1.3147024359450943,2.194777422517647,4.876290389347828,720.0,72.0,0.0,0.024917254490346045,0.12742318947465792,0.3146,0.6854,a_ordering_violated,
ALG1,16,0.09915498398848678,0.04568730069319064,0.21947774225176475,0.07011316156670258,0.032305800134263984,0.07011316156670253,1.5864797438157885,3.511643876028236,4.973637498210335,1152.0,72.0,0.0,0.025047659357504158,0.09451159892471934,0.334,0.666,a_ordering_violated,
ALG1,24,0.07890927913403929,0.07515008324263009,0.16055217715288575,0.05579728637422136,0.05313913346759732,0.05579728637422133,1.8938226992169431,3.853252251669258,7.460456247315502,1728.0,72.0,0.0,0.025140085487577565,0.07553891546124222,0.34775,0.65225,a_ordering_violated,
ALG1,38,0.06521568769444418,0.07061315673880732,0.14504544949528608,0.04611445500848559,0.049931041970999235,0.04611445500848556,2.4781961323888786,5.511727080820871,11.45883566765627,2736.0,72.0,0.0,0.02515273327379814,0.0623893197774932,0.3496315789473684,0.6503684210526316,a_ordering_violated,
ALG1,60,0.05629999569640519,0.05448615997490361,0.11197456388111783,0.039810108737701584,0.03852753319906942,0.03981010873770155,3.3779997417843113,6.71847383286707,11.754450972732798,4320.0,72.0,0.0,0.025083061366114105,0.050983694203809944,0.3392666666666667,0.6607333333333333,a_ordering_violated,
ALG1,94,0.04521779581414143,0.03893984067222071,0.09672914108106713,0.03197381005048811,0.027534625397651023,0.031973810050488084,4.250472806529294,9.09253926162031,13.559839959800424,6768.0,72.0,0.0,0.02495884446113965,0.03912082491037536,0.3207872340425532,0.6792127659574467,a_ordering_violated,
ALG1,146,0.03984542410379434,0.03543625125800588,0.08110725416356773,0.02817496958304691,0.025057213564366305,0.02817496958304689,5.8174319191539725,11.84165910788089,19.315828307399823,10512.0,72.0,0.0,0.02474139852699447,0.03162181366750938,0.28843835616438357,0.7115616438356165,a_ordering_violated,
ALG1,229,0.03619326316418038,0.03420958997581347,0.0712632204310038,0.02559250181666124,0.024189833053509066,0.025592501816661225,8.28825726459731,16.31927747869987,24.804558852938456,16488.0,72.0,0.0,0.02450192323671827,0.026654626300011173,0.2528122270742358,0.7471877729257642,a_ordering_violated,
ALG1,358,0.031388843640089883,0.02986251601179679,0.05751473650512553,0.022195264191511802,0.021115987575233384,0.02219526419151179,11.23720602315218,20.590275668834938,36.146624854938985,25776.0,72.0,0.0,0.024282188870793704,0.02149312348094431,0.22012290502793297,0.7798770949720671,a_ordering_violated,
ALG1,559,0.028023230491866107,0.027205415345941557,0.049974506690052295,0.01981541631155216,0.01923713367611185,0.01981541631155215,15.664985844953152,27.935749239739234,44.90631198821637,40248.0,72.0,0.0,0.02402992275709537,0.017287221058316794,0.18259391771019676,0.8174060822898033,a_ordering_violated,
ALG1,875,0.026198727111247322,0.0255284536977404,0.04653962662442644,0.018525297598818838,0.018051342722879046,0.01852529759881883,22.92388622234141,40.722173296373136,59.106949607222504,63000.0,72.0,0.0,0.023769622519808097,0.013638500356492823,0.14386971428571427,0.8561302857142857,a_ordering_violated,
ALG1,1368,0.02450004954029956,0.024092973766008333,0.041667265111286635,0.01732415116935218,0.017036305128894095,0.017324151169352174,33.5160677711298,57.000818672240115,76.79980854546196,98496.0,72.0,0.0,0.023521699527688775,0.010594511209628081,0.10698684210526316,0.8930131578947369,a_ordering_violated,
ALG1,2139,0.024096976204605453,0.02443660111101458,0.036337416502652715,0.01703913528036739,0.017279286354749138,0.01703913528036739,51.54343210165106,77.72573389917416,118.73792720799162,154008.0,72.0,0.0,0.023291335837346373,0.00818836845676086,0.07271622253389434,0.9272837774661057,a_ordering_violated,
ALG1,3344,0.023307257341436318,0.022824241503112123,0.03424283186916113,0.016480719716989566,0.016139175942290022,0.016480719716989563,77.93946854976303,114.50802977047482,149.86336882980166,240768.0,72.0,0.0,0.023122912335582436,0.006564447868181341,0.047660287081339715,0.9523397129186603,a_ordering_violated,
ALG1,5230,0.02298534155173179,0.02302914701962928,0.03157391730088952,0.016253090879118474,0.016284066022521835,0.016253090879118474,120.21333631555727,165.1315874836522,218.730281497605,376560.0,72.0,0.0,0.02300937609483652,0.00551080160383137,0.030769789674952197,0.9692302103250477,a_ordering_violated,
ALG1,8178,0.02299751390342783,0.02294390590583336,0.029947531398145426,0.016261698031545726,0.016223791452920848,0.016261698031545726,188.0736687022328,244.91091177403328,307.13630851848,588816.0,72.0,0.0,0.022934817627516473,0.004218990483155734,0.01967791636096845,0.9803220836390315,a_ordering_violated,
ALG1,12789,0.02289022497219044,0.02314212727065778,0.028284118876753316,0.01618583330072151,0.016363955124164244,0.01618583330072151,292.7430871693435,361.72559631479817,433.85048799578897,920808.0,72.0,0.0,0.022887127364639583,0.0034746437384845937,0.01258315740089139,0.9874168425991087,a_ordering_violated,
ALG1,20000,0.022796273907438408,0.022760635725667333,0.02728611912525668,0.016119399865735656,0.016094199865736167,0.016119399865735656,455.9254781487682,545.7223825051337,631.9894098098453,1440000.0,72.0,0.0,0.022856631061207496,0.002715797910074748,0.0080463,0.9919537,a_ordering_violated,
ALG1,10,0.10781829811693523,0.04138258651156329,0.18280394274887282,0.07623904973447772,0.029261907545365395,0.07623904973447768,1.0781829811693524,1.8280394274887282,4.656466552234918,1178.47,117.84700000000001,0.0,0.11241887743635647,0.1599883976193422,,0.639,b_gap_scale_1.0,0.361
ALG1,16,0.08974208979967674,0.04138258651156329,0.21815928180820016,0.06345724025520356,0.029261907545365423,0.06345724025520351,1.4358734367948278,3.4905485089312025,7.733189196050486,1815.956,113.49725,0.0,0.09841981319046593,0.12878303641717337,,0.67325,b_gap_scale_1.0,0.32675
ALG1,24,0.06718767115923174,0.041382586511563284,0.15923371670932124,0.047508857888824634,0.0292619075453654,0.047508857888824585,1.6125041078215614,3.8216092010237097,8.064249888142992,2586.012,107.7505,0.0,0.07943045949017671,0.11151719610030617,,0.7185,b_gap_scale_1.0,0.28150000000000003
ALG1,38,0.04273565176385309,0.04138258651156328,0.11581487926804199,0.030218669160647416,0.029261907545365395,0.030218669160647364,1.6239547670264174,4.400965412185595,11.472033224051065,3997.364,105.1937894736842,0.0,0.06985304923028768,0.08756684537328584,,0.7386315789473684,b_gap_scale_1.0,0.2613684210526316
ALG1,60,0.031323484874883276,0.017812360472011714,0.06495281255111493,0.022149048565424278,0.012595240878698752,0.022149048565424222,1.8794090924929965,3.8971687530668957,12.382450127305447,6125.94,102.09899999999999,0.0,0.05818634887871814,0.06979357459089829,,0.763,b_gap_scale_1.0,0.23700000000000002
ALG1,94,0.021878231848451783,0.011292936248305963,0.05642741164319187,0.015470246100411806,0.007985311800684574,0.015470246100411752,2.0565537937544676,5.304176694460036,13.7894580686986,9414.68,100.15617021276596,0.0,0.04940551437804072,0.056529886689721864,,0.7782978723404255,b_gap_scale_1.0,0.22170212765957448
ALG1,146,0.013153820314978335,0.007049384802583799,0.03169619224873389,0.009301155543230603,0.004984667797100448,0.009301155543230548,1.920457765986837,4.627644068315148,15.941352567299882,14457.89,99.02664383561644,0.0,0.042422496350431944,0.04706461605754938,,0.7871917808219179,b_gap_scale_1.0,0.21280821917808218
ALG1,229,0.008981975101048261,0.007416758594305519,0.019767968746035668,0.006351215502400005,0.005244440296457088,0.006351215502399951,2.056872298140052,4.526864842842168,17.254786904199936,22411.28,97.86585152838427,0.0,0.034155765608566244,0.03655032205969505,,0.7963318777292577,b_gap_scale_1.0,0.20366812227074235
ALG1,358,0.006632575153149963,0.0058297315915691395,0.013730366018234647,0.004689938867521796,0.0041222427408960215,0.004689938867521742,2.3744619048276863,4.915471034528004,14.814965971139614,34578.624,96.58833519553073,0.0,0.027306762230528137,0.029130493876942956,,0.8063910614525139,b_gap_scale_1.0,0.19360893854748604
ALG1,559,0.004021320434064012,0.0021691514189282886,0.009758848533631827,0.0028435029482507487,0.0015338216777446723,0.002843502948250694,2.247918122641783,5.455196330300192,13.940477704538711,53801.186,96.24541323792486,0.0,0.022026443551492705,0.02272320171331072,,0.8090912343470482,b_gap_scale_1.0,0.1909087656529517
ALG1,875,0.0022654389039545465,0.0017846067651166183,0.005017094907683721,0.001601907211350134,0.0012619075453654052,0.0016019072113500797,1.9822590409602283,4.389958044223256,14.289452980834884,84168.106,96.19212114285715,0.0,0.017793722361876745,0.018151090867209133,,0.8095108571428572,b_gap_scale_1.0,0.19048914285714286
ALG1,1368,0.00143174317686061,0.001065094601803996,0.004166440133323896,0.0010123953092757618,0.0007531356155408464,0.0010123953092757078,1.9586246659453144,5.6996901023870885,11.356544351879508,131223.138,95.92334649122807,0.0,0.013661364741618965,0.013581676917779504,,0.8116271929824562,b_gap_scale_1.0,0.18837280701754386
ALG1,2139,0.0010521434548424154,0.0007214672567968776,0.002704936488736692,0.0007439777717001683,0.0005101543896851839,0.0007439777717001139,2.2505348499079263,5.785859149407784,12.856926961273276,204734.594,95.71509770920991,0.0,0.010971323913589733,0.011061621245694308,,0.8132669471715754,b_gap_scale_1.0,0.1867330528284245
ALG1,3344,0.0006639330834115673,0.00036024334464037966,0.0016289756075348932,0.0004694715855344672,0.0002547305118725907,0.00046947158553441295,2.2201922309282813,5.447294431596683,12.51836224346219,319868.68,95.65450956937799,0.0,0.008950551835302491,0.00902498251881977,,0.8137440191387559,b_gap_scale_1.0,0.18625598086124404
ALG1,5230,0.0003708724989491682,0.00028115984221137953,0.0008219680878607551,0.0002622464589626118,0.0001988100310250603,0.00026224645896255757,1.9396631695041497,4.298893099511749,15.612601598496333,500365.696,95.672217208413,0.0,0.007230152032233186,0.0072675580717821,,0.8136045889101339,b_gap_scale_1.0,0.18639541108986615
ALG1,8178,0.0002740493552193415,0.0002254786802112602,0.0007442657537157219,0.00019378215745545163,0.00015943750379042638,0.0001937821574553974,2.241175626983775,6.0866053338871735,15.986100270498767,783166.386,95.76502641232575,0.0,0.005769454073147832,0.005750853210591428,,0.8128738077769626,b_gap_scale_1.0,0.18712619222303742
ALG1,12789,0.00017770201218554138,8.078296583250184e-05,0.00041252435977411593,0.00012565429784694513,5.712218294457808e-05,0.00012565429784689081,2.2726310338408884,5.275774037151168,20.83212322325508,1224601.906,95.75431276878567,0.0,0.004822734948764368,0.00484056993603852,,0.812958167174916,b_gap_scale_1.0,0.18704183282508405
ALG1,20000,0.00010065476441098434,8.755049026889812e-05,0.00022897184650621936,7.11736664737957e-05,6.19075453653981e-05,7.11736664737414e-05,2.0130952882196866,4.579436930124387,13.064718304362906,1914373.194,95.71865969999999,0.0,0.003967733187028256,0.0039679694076983595,,0.8132389,b_gap_scale_1.0,0.1867611
ALG1,10,0.13369813554873547,0.10003876972574623,0.3242252989861823,0.09453885827850911,0.0707380924546347,0.09453885827850907,1.3369813554873549,3.242252989861823,6.070680114608012,1287.69,128.769,0.0,0.07820229380587461,0.17381764651191195,,0.553,b_gap_scale_0.5,0.44699999999999995
ALG1,16,0.1032941602490221,0.047005761136755156,0.2181592818082002,0.07304000116905351,0.0332380924546347,0.07304000116905346,1.6527065639843537,3.4905485089312034,7.733189196050486,2017.378,126.086125,0.0,0.07558124694530972,0.1394285838681102,,0.574125,b_gap_scale_0.5,0.425875
ALG1,24,0.08133883038722864,0.04138258651156329,0.1592337167093213,0.05751523854059184,0.029261907545365423,0.0575152385405918,1.9521319292934873,3.821609201023711,10.892677012889182,2902.242,120.92675000000001,0.0,0.06753628436597028,0.12039677924182408,,0.61475,b_gap_scale_0.5,0.38525000000000004
ALG1,38,0.056805488049017326,0.04138258651156329,0.15303102564628115,0.040167545808071595,0.029261907545365413,0.040167545808071546,2.158608545862659,5.815178974558684,10.057819661677971,4460.406,117.3791052631579,0.0,0.06082390822532068,0.09033760202038325,,0.6426842105263159,b_gap_scale_0.5,0.3573157894736842
ALG1,60,0.04245186414816797,0.029328091607091464,0.08852303859066651,0.03001800101317971,0.020738092454634698,0.030018001013179654,2.5471118488900784,5.311382315439991,13.79666368967854,6734.778,112.2463,0.0,0.05168850509202525,0.07163568485736976,,0.6830999999999999,b_gap_scale_0.5,0.3169
ALG1,94,0.032365108548368694,0.026337761379934592,0.07147223677482066,0.02288558772839026,0.018623609673024972,0.022885587728390205,3.0423202035466574,6.718390256833142,19.44631231819097,10178.458,108.28146808510638,0.0,0.043336763639276334,0.05842063916197448,,0.7143191489361702,b_gap_scale_0.5,0.2856808510638298
ALG1,146,0.022564450621689026,0.012323403723075076,0.05106898077439274,0.015955476048345373,0.008713962339886002,0.01595547604834532,3.2944097907665983,7.45607119306134,21.59820681679226,15437.06,105.73328767123287,0.0,0.037516213105102926,0.047737564880135294,,0.7343835616438356,b_gap_scale_0.5,0.2656164383561644
ALG1,229,0.015509956106782241,0.007416758594305578,0.03829478397363065,0.01096719513901148,0.0052444402964571465,0.010967195139011426,3.551779948453133,8.769505529961418,28.56849540318469,23543.358,102.80942358078603,0.0,0.03136889394619189,0.037007747007237336,,0.7574061135371178,b_gap_scale_0.5,0.2425938864628821
ALG1,358,0.012265103426296308,0.006021220048428799,0.02953163487156526,0.00867273780468853,0.004257645527260443,0.008672737804688479,4.390907026614079,10.572325284020362,30.37131515724357,35687.334,99.68529050279331,0.0,0.024354967157863575,0.029381692490513884,,0.7820055865921789,b_gap_scale_0.5,0.21799441340782125
ALG1,559,0.007819860450264454,0.0046990504571628,0.019878444686569775,0.005529476352314534,0.0033227304433976223,0.005529476352314484,4.37130199169783,11.112050579792504,42.22474895200044,54797.374,98.02750268336315,0.0,0.020641765181646135,0.02348043598796276,,0.7950590339892665,b_gap_scale_0.5,0.20494096601073344
ALG1,875,0.004591483087156996,0.0034008508363999384,0.011482071192817744,0.0032466688266321046,0.0024047646882223613,0.003246668826632056,4.017547701262372,10.046812293715526,43.98793779067104,85115.526,97.27488685714286,0.0,0.01694663056365476,0.018272671757375066,,0.8009851428571428,b_gap_scale_0.5,0.19901485714285716
ALG1,1368,0.0029096773037802803,0.0020988764456439006,0.007267785664843819,0.0020574525525676743,0.001484129767587566,0.002057452552567626,3.980438551571424,9.942330789506345,31.155534225102695,132238.63,96.66566520467836,0.0,0.014191835440701602,0.014650155792482834,,0.8057821637426901,b_gap_scale_0.5,0.19421783625730993
ALG1,2139,0.00211731090296116,0.0013826236674434355,0.005349562131322972,0.0014971648973640958,0.0009776625710783181,0.0014971648973640486,4.528928021433922,11.442713398899837,32.6559168344963,205830.35,96.22737260402057,0.0,0.011895748800386727,0.01229031956321706,,0.8092332865825153,b_gap_scale_0.5,0.1907667134174848
ALG1,3344,0.0013628308109764804,0.0007831540989385194,0.003743529379025661,0.0009636669080514779,0.000553773574073521,0.0009636669080514312,4.55730623190535,12.51836224346181,32.31735211668488,320472.184,95.83498325358852,0.0,0.009410883587218866,0.009640387048720627,,0.8123229665071771,b_gap_scale_0.5,0.18767703349282297
ALG1,5230,0.0007313210169221383,0.0005515639650359611,0.0016331804563347776,0.0005171220502899327,0.0003900146199351094,0.0005171220502898859,3.824808918502784,8.541533786630886,24.097882972734773,500896.302,95.77367151051625,0.0,0.007508025106798563,0.0075693889460553545,,0.8128057361376674,b_gap_scale_0.5,0.18719426386233268
ALG1,8178,0.0005487560486522452,0.00039840770471267974,0.0014359818517215308,0.0003880291232191844,0.0002817167896793471,0.0003880291232191375,4.4877269658780605,11.743459583378678,34.37087658134791,784328.69,95.90715211543164,0.0,0.005893373062019465,0.005916448670189388,,0.8117547077525067,b_gap_scale_0.5,0.18824529224749328
ALG1,12789,0.00035814808112860945,0.00019136343047966768,0.000854846218362859,0.0002532489368350362,0.00013531437936334503,0.00025324893683498955,4.580355809553786,10.932628286642602,36.38847240935872,1226076.122,95.86958495582141,0.0,0.00512894234155462,0.005144771339793735,,0.8120505121588866,b_gap_scale_0.5,0.18794948784111346
ALG1,20000,0.0002142764392008149,0.0001414213562373008,0.0005118145589807796,0.0001515163232074498,0.00010000000000003566,0.00015151632320740317,4.285528784016299,10.236291179615593,41.348989551823,1914863.414,95.74317070000001,0.0,0.0041997531123752745,0.004217599811243519,,0.8130459,b_gap_scale_0.5,0.18695409999999998
ALG1,10,0.14897312293385936,0.10003876972574623,0.3242252989861823,0.10533990544106919,0.0707380924546347,0.10533990544106915,1.489731229338594,3.242252989861823,6.070680114608012,1355.762,135.5762,0.0,0.046162483593005406,0.17077427452961252,,0.49939999999999996,b_gap_scale_0.25,0.5006
ALG1,16,0.11666312421765182,0.04700576113675516,0.223782456433392,0.0824932862487102,0.0332380924546347,0.08249328624871015,1.8666099874824291,3.580519302934272,7.823159990053559,2148.442,134.277625,0.0,0.046086592348626394,0.13923150167552514,,0.509625,b_gap_scale_0.25,0.490375
ALG1,24,0.09451930023744881,0.07646854368619463,0.21815928180820016,0.06683523815090736,0.05407142578796803,0.06683523815090732,2.268463205698771,5.235822763396804,10.892677012889182,3140.748,130.8645,0.0,0.04382805015828474,0.12034889765226922,,0.5365,b_gap_scale_0.25,0.4635
ALG1,38,0.06735808629552037,0.04138258651156333,0.15303102564628132,0.04762935958731116,0.029261907545365447,0.04762935958731111,2.559607279229774,5.81517897455869,10.05781966167797,4875.95,128.31447368421053,0.0,0.04171947627350622,0.09110394066819981,,0.5565789473684211,b_gap_scale_0.25,0.443421052631579
ALG1,60,0.051460403989387504,0.041382586511563305,0.11209326463021801,0.03638800062349523,0.029261907545365434,0.03638800062349517,3.08762423936325,6.725595877813081,13.796663689678546,7418.546,123.64243333333334,0.0,0.03790095107423687,0.07255743398975883,,0.5933666666666666,b_gap_scale_0.25,0.40663333333333335
ALG1,94,0.03905919853118168,0.02633776137993465,0.08651706190644926,0.02761902414911026,0.018623609673025013,0.027619024149110202,3.6715646619310784,8.13260381920623,20.860525880564065,11226.97,119.43585106382979,0.0,0.033439040600500236,0.057518895234296326,,0.6264893617021277,b_gap_scale_0.25,0.37351063829787234
ALG1,146,0.029449725271438854,0.022009797985904477,0.06075537503722209,0.020824100443515306,0.015563277408379135,0.020824100443515257,4.299659889630073,8.870284755434424,28.669274628657714,16898.576,115.74367123287672,0.0,0.029461428090825387,0.0465423027181709,,0.6555616438356164,b_gap_scale_0.25,0.34443835616438356
ALG1,229,0.02135631922223222,0.013592363670170625,0.05064599412536059,0.015101198143225069,0.009611252523531382,0.015101198143225017,4.890597101891177,11.597932654707574,32.81113609030398,25512.366,111.40771179039302,0.0,0.025349704548994007,0.03652433972945297,,0.689703056768559,b_gap_scale_0.25,0.3102969432314411
ALG1,358,0.017481195936311714,0.009971537261761386,0.04533290372489568,0.01236107218981678,0.007050941616645871,0.01236107218981673,6.258268145199594,16.229179533512653,37.44238296910905,38225.302,106.77458659217878,0.0,0.020717236291792576,0.029624942263140514,,0.7261843575418994,b_gap_scale_0.25,0.2738156424581005
ALG1,559,0.012388876776128328,0.007950444734009977,0.02999804083950779,0.008760258779684919,0.0056218133848673635,0.008760258779684874,6.925382117855736,16.768904829284853,50.710030326239725,57840.548,103.4714633273703,0.0,0.017461651196244914,0.02346903212416546,,0.7521932021466905,b_gap_scale_0.25,0.24780679785330947
ALG1,875,0.008019401807667676,0.005017094907683586,0.01972491595636383,0.0056705733992615135,0.0035476218310796018,0.005670573399261471,7.016976581709216,17.259301461818353,58.1300734144028,88681.432,101.350208,0.0,0.015089817130785476,0.018314397651578312,,0.768896,b_gap_scale_0.25,0.231104
ALG1,1368,0.005597323142878464,0.0041664401333236425,0.013470476727883549,0.003957905150821801,0.002946118071680945,0.00395790515082176,7.657138059457739,18.427612163744694,55.19716478544596,136833.744,100.02466666666668,0.0,0.0128519772053039,0.014834726446899805,,0.7793333333333333,b_gap_scale_0.25,0.22066666666666668
ALG1,2139,0.004126011122815778,0.0027049364887366126,0.009316500595202613,0.0029175304441941964,0.0019126789338646337,0.0029175304441941582,8.825537791702951,19.92799477313839,73.6681101433204,210818.656,98.55944647031322,0.0,0.011222059713365625,0.012561979748573848,,0.790870500233754,b_gap_scale_0.25,0.2091294997662459
ALG1,3344,0.002794711304263096,0.0016289756075348219,0.006703904659112855,0.001976159314703173,0.0011518596984753978,0.0019761593147031363,9.345514601455793,22.417857180073387,94.5427488611102,325794.754,97.42666088516746,0.0,0.009179996111548846,0.009934839105683746,,0.7997900717703349,b_gap_scale_0.25,0.20020992822966505
ALG1,5230,0.001579658573673328,0.001092372210685214,0.00379641343893213,0.0011169872894039156,0.0007724237977552804,0.0011169872894038796,8.261614340311505,19.855242285615038,84.90906615479278,505384.228,96.63178355640535,0.0,0.007302535883129978,0.0077765227810820525,,0.806048948374761,b_gap_scale_0.25,0.193951051625239
ALG1,8178,0.0009724053207464596,0.0005713367292141156,0.002300626974228896,0.0006875943963617375,0.0004039960755682824,0.0006875943963617014,7.952330713064547,18.81452739524391,47.098798642705546,789896.37,96.58796404988995,0.0,0.005872181355369828,0.005937483555323551,,0.8063939838591342,b_gap_scale_0.25,0.19360601614086573
ALG1,12789,0.0007297646317214668,0.0004125243597739855,0.001739489935540411,0.0005160215197603883,0.0002916987722008631,0.0005160215197603527,9.33295987508584,22.24633678562632,75.98645215580659,1234045.118,96.49269825631401,0.0,0.005112564135891238,0.005237848205223635,,0.8071441082179999,b_gap_scale_0.25,0.19285589178200016
ALG1,20000,0.00043797788267382464,0.00022897184650610747,0.0010774999839298733,0.0003096971308484226,0.00016190754536531517,0.00030969713084838746,8.759557653476492,21.549999678597466,73.87590148640952,1921091.24,96.054562,0.0,0.004094889553756314,0.004167387729668771,,0.8105939999999999,b_gap_scale_0.25,0.189406
ALG1,10,0.16037033706161452,0.10003876972574623,0.3242252989861823,0.11339895283743996,0.0707380924546347,0.1133989528374399,1.603703370616145,3.242252989861823,6.070680114608012,1384.464,138.44639999999998,0.0,0.024645636397832855,0.17041886094182485,,0.4768,b_gap_scale_0.125,0.5232
ALG1,16,0.1253427584218564,0.12977093415988172,0.23205897373570658,0.08863071445272197,0.0917619075453654,0.08863071445272191,2.0054841347497026,3.7129435797713053,7.823159990053559,2204.068,137.75425,0.0,0.02493209761863322,0.13855452918903952,,0.48225,b_gap_scale_0.125,0.51775
ALG1,24,0.10792644874379852,0.07646854368619464,0.21815928180820018,0.07631552377612234,0.05407142578796804,0.07631552377612226,2.5902347698511643,5.235822763396804,10.892677012889182,3261.398,135.89158333333333,0.0,0.024534557694493603,0.12219136934245563,,0.4969166666666667,b_gap_scale_0.125,0.5030833333333333
ALG1,38,0.07896388766909751,0.07026585262315474,0.15303102564628132,0.055835900439671717,0.049685460875687336,0.05583590043967166,3.000627731425706,5.81517897455869,10.05781966167797,5117.504,134.67115789473684,0.0,0.02426186657641575,0.09404039325319238,,0.5065263157894737,b_gap_scale_0.125,0.4934736842105263
ALG1,60,0.060141115721130886,0.05289831764664299,0.12481444525574549,0.042526190754536584,0.03740475912130134,0.04252619075453653,3.608466943267853,7.488866715344729,15.210877252051642,7880.318,131.33863333333335,0.0,0.023028250772936396,0.07427442774582285,,0.5327666666666667,b_gap_scale_0.125,0.46723333333333333
ALG1,94,0.04522601151201926,0.03384153914658006,0.10156188703807784,0.03197961942616973,0.02392958181633683,0.03197961942616968,4.25124508212981,9.546817381579316,20.860525880564065,12100.984,128.73387234042553,0.0,0.021812868301375084,0.05847059898638694,,0.5532765957446809,b_gap_scale_0.125,0.44672340425531915
ALG1,146,0.035131955430538396,0.02905918278848825,0.08012816356288066,0.02484204392127731,0.020547945205479468,0.02484204392127726,5.1292654928586074,11.698711880180577,31.497701753403902,18332.152,125.56268493150684,0.0,0.020081361330662753,0.047230455178692815,,0.5782465753424658,b_gap_scale_0.125,0.42175342465753424
ALG1,229,0.026268593030028438,0.019767968746035647,0.05682159920122579,0.01857470026376283,0.013978064750605597,0.018574700263762785,6.0155078038765115,13.012146217080707,34.22534965267708,27929.684,121.96368558951966,0.0,0.018339121001311874,0.037339229756321944,,0.6065851528384278,b_gap_scale_0.125,0.39341484716157205
ALG1,358,0.020897092727788592,0.013730366018234633,0.05323353815156097,0.014776475974903449,0.00970883491966711,0.014776475974903402,7.481159196548317,19.057606658258827,40.27081009385524,41846.072,116.88846927374301,0.0,0.015891727543008254,0.029866674590070905,,0.6465474860335195,b_gap_scale_0.125,0.3534525139664805
ALG1,559,0.015606158863305464,0.01011959615293808,0.037587737954211276,0.011035220760517874,0.00715563506261188,0.011035220760517835,8.723842804587754,21.0115455164041,57.78109813810534,62811.836,112.36464400715565,0.0,0.013720356219509691,0.023799657977331024,,0.6821681574239714,b_gap_scale_0.125,0.31783184257602864
ALG1,875,0.011017668758790003,0.008249583050250454,0.026028267834369387,0.007790668292207621,0.005833336116793711,0.0077906682922075825,9.640460163941253,22.774734355073214,65.20114122626842,95404.812,109.03407085714286,0.0,0.012188719964881625,0.018098637662289925,,0.7083931428571429,b_gap_scale_0.125,0.29160685714285717
ALG1,1368,0.008339415440193622,0.006171378305076036,0.019673167790923353,0.005896857208892742,0.004363823448786843,0.005896857208892707,11.408320322184874,26.912893537983148,66.5108732844346,145906.878,106.6570745614035,0.0,0.010575266792917553,0.014583371172987893,,0.7271096491228071,b_gap_scale_0.125,0.272890350877193
ALG1,2139,0.0063661070348087455,0.004027249310029763,0.015266908291021916,0.0045015174540726805,0.002847695296650926,0.004501517454072648,13.617102947455907,32.655916834495876,90.63867289179741,222466.842,104.00506872370266,0.0,0.009291902681955,0.012423174859961271,,0.7479915848527349,b_gap_scale_0.125,0.2520084151472651
ALG1,3344,0.0046257580133283035,0.0028977078704292827,0.010933012202094416,0.003270904859352484,0.002048988885078213,0.003270904859352455,15.468534796569841,36.55999280380373,125.6554472333061,340464.524,101.81355382775119,0.0,0.00795482068977459,0.009802999602178335,,0.7652476076555024,b_gap_scale_0.125,0.2347523923444976
ALG1,5230,0.0030527587227822768,0.0016331804563346998,0.007582071158477595,0.0021586263942057595,0.0011548329755756515,0.0021586263942057317,15.965928120151307,39.65423215883783,155.61974427341897,522335.426,99.87293040152963,0.0,0.0063813074479687525,0.0076582474138942105,,0.7805281070745698,b_gap_scale_0.125,0.2194718929254302
ALG1,8178,0.0019066290313330268,0.0012630528272200374,0.00422013914619731,0.0013481903172627486,0.000893113219124158,0.0013481903172627217,15.592412218241494,34.512297937601595,117.80947676135064,807884.396,98.78752702372218,0.0,0.005412262181052538,0.005927393328692526,,0.7890745903643922,b_gap_scale_0.125,0.21092540963560774
ALG1,12789,0.0013618770057674636,0.0007442657537158817,0.003409254951713397,0.0009629924659202302,0.0005262753614574328,0.0009629924659202046,17.417045026760096,43.600961577462634,102.85650984089787,1254938.396,98.12638955352256,0.0,0.004798419727138761,0.005240872477239373,,0.7942803972163578,b_gap_scale_0.125,0.20571960278364218
ALG1,20000,0.0008695754226748545,0.0005118145589811712,0.0020038098672846573,0.0006148826781265723,0.00036190754536560686,0.0006148826781265479,17.39150845349709,40.076197345693146,112.05966767046026,1940201.946,97.0100973,0.0,0.003963657664027572,0.0041634492538956975,,0.8030701,b_gap_scale_0.125,0.1969299
ALG1,10,0.1179941706007888,0.04138258651156329,0.3242252989861823,0.0834344781723002,0.029261907545365416,0.08343447817230012,1.179941706007888,3.242252989861823,6.070680114608012,1148.498,114.8498,0.0,0.10326150911058721,0.1724515652525733,,0.6626000000000001,c_drift,0.33740000000000003
ALG1,16,0.09273921216317868,0.041382586511563325,0.21815928180820016,0.06557652580248166,0.029261907545365458,0.06557652580248159,1.4838273946108589,3.4905485089312025,7.733189196050486,1814.686,113.417875,0.0,0.09941855105452137,0.13707039383290093,,0.673875,c_drift,0.326125
ALG1,24,0.06703022226972637,0.04138258651156329,0.1592337167093212,0.0473975247113651,0.02926190754536541,0.04739752471136505,1.6087253344734327,3.8216092010237093,9.478463450516085,2583.472,107.64466666666668,0.0,0.08152435573028265,0.11355469535394955,,0.7193333333333333,c_drift,0.2806666666666667
ALG1,38,0.0444220322268088,0.04138258651156328,0.11581487926804197,0.03141112022166391,0.029261907545365395,0.031411120221663855,1.6880372246187343,4.400965412185595,8.643606099304879,4016.668,105.70178947368422,0.0,0.07149956886228626,0.08711714801319906,,0.7346315789473684,c_drift,0.2653684210526316
ALG1,60,0.031227048915647503,0.017812360472011714,0.06495281255111492,0.02208085804469843,0.012595240878698753,0.022080858044698375,1.87362293493885,3.897168753066895,10.968236564932361,6138.894,102.31490000000001,0.0,0.05804872056920813,0.06742310818882573,,0.7613,c_drift,0.2387
ALG1,94,0.020178352956569435,0.011292936248305954,0.05642741164319182,0.014268250208765921,0.007985311800684566,0.014268250208765865,1.8967651779175267,5.304176694460032,16.617885193444785,9450.24,100.53446808510638,0.0,0.04932270407099261,0.054878436519240764,,0.7753191489361702,c_drift,0.2246808510638298
ALG1,146,0.012995183117557308,0.0070493848025838055,0.03169619224873388,0.009188982105185768,0.004984667797100452,0.009188982105185714,1.897296735163367,4.6276440683151465,11.698711880180609,14466.018,99.08231506849314,0.0,0.041027767031322854,0.04419955874278044,,0.7867534246575343,c_drift,0.21324657534246574
ALG1,229,0.008581892412184487,0.0074167585943055135,0.019767968746035657,0.006068314320069084,0.0052444402964570876,0.006068314320069029,1.9652533623902477,4.526864842842166,13.012146217080723,22425.758,97.92907423580786,0.0,0.033166277373496096,0.03554233927075343,,0.7958340611353713,c_drift,0.2041659388646288
ALG1,358,0.006382676786044993,0.0020709028350960586,0.013730366018234635,0.0045132340375344275,0.0014643494378749242,0.004513234037534374,2.2849982894041077,4.915471034527999,13.400752408766559,34766.838,97.11407262569833,0.0,0.02810105325652359,0.02928227986150818,,0.8022513966480448,c_drift,0.1977486033519553
ALG1,559,0.0036729251934324437,0.002169151418928283,0.009758848533631789,0.002597150311067047,0.0015338216777446673,0.002597150311066993,2.053165183128736,5.45519633030017,16.76890482928492,54061.028,96.71024686940966,0.0,0.02237863239547071,0.023090663833688494,,0.8054311270125224,c_drift,0.19456887298747763
ALG1,875,0.0023768251680865867,0.0017846067651166165,0.006633338978967229,0.0016806691940489354,0.0012619075453654007,0.0016806691940488812,2.0797220220757637,5.804171606596325,14.289452980834875,84371.814,96.42493028571428,0.0,0.01882626305128755,0.018888602688615166,,0.8076777142857142,c_drift,0.19232228571428572
ALG1,1368,0.0016346149203169565,0.001065094601803997,0.004166440133323944,0.0011558472947848818,0.0007531356155408471,0.0011558472947848278,2.236153210993596,5.699690102387156,21.256039288491152,131343.026,96.01098391812866,0.0,0.015053984761974388,0.015116700651772839,,0.810937134502924,c_drift,0.18906286549707602
ALG1,2139,0.0011216274517034633,0.0007214672567968769,0.0027049364887366985,0.0007931103770645597,0.0005101543896851822,0.0007931103770645056,2.3991611191937077,5.785859149407798,14.27114052364632,204382.804,95.5506330060776,0.0,0.011823124020986935,0.01185178372996348,,0.8145619448340345,c_drift,0.1854380551659654
ALG1,3344,0.0007382085191221159,0.00036024334464037933,0.0016289756075349065,0.0005219922498009811,0.0002547305118725913,0.0005219922498009273,2.468569287944356,5.447294431596727,21.003643617700657,317893.83,95.06394437799044,0.0,0.009671410572950635,0.009715532182000178,,0.8183941387559809,c_drift,0.18160586124401912
ALG1,5230,0.00046280990070955404,0.0002811598422113802,0.0010923722106854297,0.0003272560191920519,0.00019881003102506116,0.0003272560191919984,2.4204957807109677,5.713106661884798,19.855242285615546,494043.128,94.46331319311663,0.0,0.007821536128666068,0.007802770613417543,,0.8231235181644359,c_drift,0.17687648183556404
ALG1,8178,0.00038039027362377797,0.00022547868021127607,0.0009171947782171864,0.0002689765419768327,0.00015943750379043944,0.00026897654197677973,3.110831657695256,7.50081889626015,23.057168082364168,764489.766,93.48126265590608,0.0,0.00594945188459206,0.005944675566516037,,0.8308561995597946,c_drift,0.16914380044020544
ALG1,12789,0.00030629310930639983,0.00019136343047968413,0.0007442657537157021,0.00021658193462131944,0.0001353143793633577,0.00021658193462126778,3.917182574919549,9.518414724270114,22.24633678562787,1175942.872,91.94955602470873,0.0,0.0047025076675890854,0.004690069893874934,,0.8429168816952068,c_drift,0.15708311830479318
ALG1,20000,0.00037201586625244343,0.00022897184650617742,0.0009360786276926741,0.0002630549417361385,0.00016190754536537345,0.00026305494173609046,7.440317325048869,18.72157255385348,61.147979425053265,1787412.564,89.3706282,0.0,0.003795541229442362,0.003804260072143281,,0.8632234000000001,c_drift,0.1367766
ETC(eps=0.1),10,0.2248540327713442,0.1828039427488728,0.46564665522349175,0.1589958113497597,0.1292619075453654,0.15899581134975965,2.248540327713442,4.656466552234917,7.484893676981105,1355.0,135.5,0.0,0.16855579508142132,0.1737984928086254,,0.5,c_drift,0.5
ETC(eps=0.1),16,0.19829739195377166,0.21815928180820013,0.3949359771048371,0.14021743054211874,0.1542619075453654,0.1402174305421187,3.1727582712603466,6.318975633677393,9.147402758423581,2168.0,135.5,0.0,0.16855579508142143,0.13594495736552656,,0.5,c_drift,0.5
ETC(eps=0.1),24,0.18656803960638524,0.15923371670932127,0.336010412005958,0.13192352595835544,0.11259524087869881,0.13192352595835538,4.477632950553245,8.064249888142992,12.306890575262276,3252.0,135.5,0.0,0.16855579508142143,0.10495148129860928,,0.5,c_drift,0.5
ETC(eps=0.1),38,0.1742175395521477,0.1716390988354009,0.3018956111592385,0.12319040361895923,0.12136717070326006,0.12319040361895918,6.620266502981613,11.472033224051064,18.543101035916536,5149.0,135.5,0.0,0.16855579508142143,0.08306643871623015,,0.5,c_drift,0.5
ETC(eps=0.1),60,0.17247695116093273,0.18280394274887254,0.2770848469070789,0.12195962176427654,0.1292619075453652,0.12195962176427651,10.348617069655964,16.625090814424734,23.69615862629021,8130.0,135.5,0.0,0.16855579508142143,0.062192348912676505,,0.5,c_drift,0.5
ETC(eps=0.1),94,0.1692785331467434,0.17678601269622102,0.25201013835436437,0.11969799869737406,0.12500658839642897,0.11969799869737402,15.91218211579388,23.68895300531025,29.345807254802633,12737.0,135.5,0.0,0.16855579508142143,0.05047733081265816,,0.5,c_drift,0.5
ETC(eps=0.1),146,0.16735328225608145,0.16730571192834542,0.23511047176815128,0.11833664073710154,0.11830300343577613,0.1183366407371015,24.43357920938789,34.32612887815009,45.63983737713485,19783.0,135.5,0.0,0.16855579508142143,0.04178461868492799,,0.5,c_drift,0.5
ETC(eps=0.1),229,0.16624096993540258,0.16798249056679637,0.22356293624958212,0.11755011715235213,0.11878155820038697,0.11755011715235211,38.069182115207184,51.1959124011543,66.75226158725852,30966.0,135.22270742358077,0.0,0.1673860708706925,0.03449847000010736,,0.5021834061135371,c_drift,0.4978165938864629
ETC(eps=0.1),358,0.16891462742679597,0.16779273733820932,0.2112462266848699,0.11944067849508662,0.11864738240570102,0.1194406784950866,60.47143661879295,75.6261491531834,99.66777971352543,48509.0,135.5,0.0,0.16855579508142143,0.02849471197652327,,0.5,c_drift,0.5
ETC(eps=0.1),559,0.16693135618299082,0.16661258890417363,0.1997542663050455,0.11803829394965971,0.11781289144518772,0.11803829394965971,93.31462810629188,111.66263486452044,141.21969831811705,75681.0,135.38640429338105,0.0,0.1680786930067724,0.022100501733797625,,0.5008944543828264,c_drift,0.4991055456171735
ETC(eps=0.1),875,0.16735588191554404,0.1666415020360364,0.19573389531913934,0.11833847897393628,0.11783333611679318,0.11833847897393628,146.43639667610103,171.2671584042469,219.35041952493174,118499.0,135.42742857142858,0.0,0.16825227190982112,0.017426168402258607,,0.5005714285714286,c_drift,0.49942857142857144
ETC(eps=0.1),1368,0.1678327140863798,0.16802086238195874,0.1902471720245177,0.11867565023542213,0.11880869117109472,0.11867565023542213,229.5951528701675,260.2581313295402,315.4124602620903,185364.0,135.5,0.0,0.16855579508142116,0.014025006164634637,,0.5,c_drift,0.5
ETC(eps=0.1),2139,0.15618843028188018,0.1560932237587462,0.17460560325685456,0.1104418981951998,0.11037457701707856,0.1104418981951998,334.08705237294174,373.48138536641187,417.3220057999842,283589.656,132.58048433847594,0.0,0.1565394885225536,0.011437064682560642,,0.5229883122954652,c_drift,0.47701168770453484
ETC(eps=0.1),3344,0.09463804615731294,0.09509225230742743,0.10570731224032547,0.06691920419608148,0.06724037644488406,0.06691920419608148,316.4696263500545,353.48525213164834,401.4270918960999,392734.676,117.44458014354066,0.0,0.09484802826373609,0.009788840083321987,,0.6421686602870813,c_drift,0.35783133971291864
ETC(eps=0.1),5230,0.056418137357104936,0.05652521738974089,0.07112704002227672,0.039893647507122994,0.039969364524329545,0.039893647507122994,295.0668583776589,371.9944193165073,448.3619516847592,563569.532,107.75708068833652,0.0,0.056757306232950264,0.007970259613743149,,0.7184481835564054,c_drift,0.28155181644359467
ETC(eps=0.1),8178,0.034720655352700504,0.03533007065400655,0.05123954090815102,0.024551210847135522,0.024982132539247876,0.024551210847135522,283.9455194743847,419.03696554685905,563.2867489089655,830593.012,101.56432037172902,0.0,0.034699890230632933,0.006024411088131993,,0.7672100758131573,c_drift,0.23278992418684277
ETC(eps=0.1),12789,0.024921411727304277,0.024519065652865657,0.04254368139037332,0.017622099229118806,0.01733759759149947,0.017622099229118806,318.7199345804944,544.0911413014843,812.7917181523685,1248251.592,97.60353366174056,0.0,0.02502340730896735,0.004673897156994402,,0.7983973727422004,c_drift,0.20160262725779965
ETC(eps=0.1),20000,0.024026252453396197,0.024305957745916693,0.042167475038693614,0.016989126036296376,0.017186907545371388,0.016989126036296376,480.52504906792393,843.3495007738724,1285.8569244399494,1901413.352,95.0706676,0.0,0.02378178805682835,0.003806187161082131,,0.8183412,c_drift,0.1816588
ORACLE-OL,10,0.1743469423392992,0.18280394274887277,0.38288148220036516,0.12328190520725851,0.1292619075453654,0.12328190520725844,1.743469423392992,3.8288148220036518,6.070680114608012,974.0,97.4,0.0,0.007361549723549951,0.17316909438353117,,0.8,c_drift,0.2
ORACLE-OL,16,0.1377315383345809,0.12977093415988175,0.30654762945651864,0.09739090473963713,0.09176190754536545,0.09739090473963707,2.2037046133532945,4.904762071304298,9.237373552426654,1533.0,95.8125,0.0,0.0006521942550215719,0.13773675588862108,,0.8125,c_drift,0.1875
ORACLE-OL,24,0.1082863319198108,0.08838834764831843,0.21815928180820018,0.07656999961031556,0.06250000000000006,0.0765699996103155,2.5988719660754596,5.235822763396804,9.478463450516088,2236.0,93.16666666666667,0.0,0.010530359501750014,0.10681208158956579,,0.8333333333333334,c_drift,0.16666666666666666
ORACLE-OL,38,0.08608044372541607,0.07026585262315474,0.1819142917578728,0.06086806548578875,0.049685460875687336,0.06086806548578869,3.2710568615658104,6.912743086799166,11.472033224051064,3625.0,95.39473684210526,0.0,0.00109016435056835,0.08620690279008199,,0.8157894736842105,c_drift,0.18421052631578946
ORACLE-OL,60,0.06742849029769377,0.052898317646643045,0.13566349066976954,0.047679142734670645,0.03740475912130138,0.04767914273467059,4.045709417861626,8.139809440186173,16.625090814424738,5717.0,95.28333333333333,0.0,0.0015364076164633678,0.06736088836256937,,0.8166666666666667,c_drift,0.18333333333333332
ORACLE-OL,94,0.054266274284202894,0.04888636427820865,0.10906566480472366,0.038372050536089074,0.03456787968867721,0.03837205053608902,5.101029782715072,10.252172491644023,20.860525880564065,9054.0,96.31914893617021,0.0,0.0028792377064300366,0.05439296074328581,,0.8085106382978723,c_drift,0.19148936170212766
ORACLE-OL,146,0.04488481941189207,0.04138258651156325,0.08981455782571003,0.031738360178482514,0.029261907545365375,0.031738360178482465,6.553183634136241,13.112925442553665,25.0708407415199,13941.0,95.48630136986301,0.0,0.0005821059390517646,0.04490577522569793,,0.815068493150685,c_drift,0.18493150684931506
ORACLE-OL,229,0.03593790147791825,0.0296368718608849,0.07286610739194019,0.025411933836650077,0.020956433065988517,0.025411933836650035,8.229779438443277,16.686338592754304,30.8284742164853,21949.0,95.8471615720524,0.0,0.0010329931848949475,0.03579741440477253,,0.8122270742358079,c_drift,0.18777292576419213
ORACLE-OL,358,0.028838081611155912,0.02558131765823245,0.061134172578226335,0.02039160306365946,0.018088723187823376,0.020391603063659423,10.324033216793817,21.88603378300503,38.92514939903804,34285.0,95.76815642458101,0.0,0.0008420562486773411,0.028844818061145333,,0.8128491620111732,c_drift,0.1871508379888268
ORACLE-OL,559,0.023079838192647847,0.019878444686569782,0.04770733410714939,0.016319910094709598,0.014056183037315229,0.016319910094709563,12.901629549690147,26.66839976589651,47.88160320149333,53456.0,95.62790697674419,0.0,0.0004747488140201886,0.023129212069305946,,0.813953488372093,c_drift,0.18604651162790697
ORACLE-OL,875,0.018399726426798952,0.015354318677193566,0.037038923484455186,0.01301057132836689,0.010857142857142885,0.013010571328366864,16.099760623449086,32.40905804889829,64.90650651205753,83701.0,95.65828571428571,0.0,0.0009528861229135697,0.018487377920401324,,0.8137142857142857,c_drift,0.18628571428571428
ORACLE-OL,1368,0.015230801382737342,0.013439163969919742,0.0310447680731632,0.01076980294063904,0.00950292397660818,0.010769802940639018,20.835736291584684,42.46924272408726,70.66784226575844,130881.0,95.67324561403508,0.0,0.001561937552989545,0.015261472072326532,,0.8135964912280702,c_drift,0.18640350877192982
ORACLE-OL,2139,0.012038363079817553,0.010518191724195587,0.024414538517004557,0.008512408168124782,0.007437484693998954,0.008512408168124763,25.750058627729747,52.22269788787274,100.2801580285744,204681.0,95.69004207573633,0.0,0.002485639474722529,0.011967847405182983,,0.8134642356241234,c_drift,0.18653576437587657
ORACLE-OL,3344,0.010107439430645754,0.0085208824956215,0.02024958227858843,0.007147038961841926,0.006025173794347728,0.007147038961841911,33.79927745607941,67.7146031395997,138.38336929466578,319889.0,95.66058612440192,0.0,0.0037010837125900967,0.009867347535644925,,0.8136961722488039,c_drift,0.18630382775119617
ORACLE-OL,5230,0.009043653976518753,0.007436113377679732,0.019209448439941268,0.006394829053501108,0.0052581261950293565,0.006394829053501096,47.298310297193076,100.46541534089282,171.17609345953142,500258.0,95.65162523900574,0.0,0.005757700575723264,0.007991564593783897,,0.8137667304015297,c_drift,0.18623326959847036
ORACLE-OL,8178,0.009920532722715019,0.009044858929788423,0.019109328155772404,0.007014875961214842,0.006395681084129096,0.007014875961214833,81.13011660636342,156.27608565790672,252.15976518680714,782364.0,95.66691122523845,0.0,0.009086763947990736,0.006115776026808955,,0.8136463683052091,c_drift,0.1863536316947909
ORACLE-OL,12789,0.014212218113083657,0.014345662905320071,0.021422812642740565,0.01004955580346374,0.010143915520968137,0.010049555803463733,181.7600574482269,273.9763508880091,418.2261342501014,1223449.0,95.66416451638126,0.0,0.014189923342241471,0.004702482328766563,,0.8136679959340057,c_drift,0.1863320040659942
ORACLE-OL,20000,0.02220783050477342,0.02214928206329081,0.027890989126529122,0.01570330754536676,0.015661907545366498,0.015703307545366755,444.1566100954684,557.8197825305824,732.8994215524414,1913202.0,95.6601,0.0,0.02217414389701989,0.0038187589084572996,,0.8137,c_drift,0.1863
ALG1+batch10,10,0.4375487907292687,0.46564665522349175,0.6070680114608012,0.30939371702463964,0.32926190754536544,0.3093937170246395,4.375487907292687,6.070680114608012,7.484893676981105,1990.0,199.0,0.0,0.43723231708667676,0.15259449409202458,,0.0,d_batch_10,1.0
ALG1+batch10,16,0.2442192638977271,0.2181592818082002,0.48332432475315523,0.17268909759846993,0.15426190754536548,0.1726890975984698,3.9075082223636337,7.733189196050484,10.561616320796674,2428.096,151.756,0.0,0.23733829999914405,0.13308881289853944,,0.372,d_batch_10,0.628
ALG1+batch10,24,0.147691577883085,0.10030815161044235,0.2770848469070792,0.10443371624527059,0.07092857421203215,0.10443371624527054,3.54459786919404,6.6500363257699,10.89267701288918,3077.248,128.21866666666668,0.0,0.13774952446091077,0.11022749298350927,,0.5573333333333333,d_batch_10,0.4426666666666667
ALG1+batch10,38,0.09049449418378236,0.07859873288980267,0.19024717202452043,0.06398927049739916,0.055577697019049646,0.06398927049739911,3.4387907789837304,7.229392536931776,14.300460348797248,4396.144,115.688,0.0,0.08473103964199527,0.08692912672558625,,0.656,d_batch_10,0.344
ALG1+batch10,60,0.056801957075913435,0.041382586511563346,0.11209326463021801,0.040165049033045644,0.029261907545365475,0.040165049033045575,3.4081174245548054,6.725595877813081,15.210877252051635,6451.06,107.51766666666667,0.0,0.05945342165829885,0.06913878462340141,,0.7203333333333333,d_batch_10,0.2796666666666667
ALG1+batch10,94,0.03495490556851573,0.02633776137993464,0.07147223677482066,0.024716850763232944,0.01862360967302501,0.024716850763232885,3.2857611234404795,6.718390256833142,15.203671631071705,9719.988,103.40412765957446,0.0,0.052827630407530954,0.05666199343083657,,0.7527234042553191,d_batch_10,0.24727659574468086
ALG1+batch10,146,0.02422126905440472,0.022009797985904436,0.05106898077439253,0.01712702359731351,0.015563277408379098,0.017127023597313454,3.5363052819430894,7.456071193061309,24.42663394153845,14646.612,100.3192602739726,0.0,0.04235724711546896,0.045835592676057135,,0.777013698630137,d_batch_10,0.222986301369863
ALG1+batch10,229,0.014600931169627985,0.01359236367017052,0.03211917889776568,0.010324417441682032,0.009611252523531287,0.010324417441681976,3.3436132378448082,7.35529196758834,22.911641153692358,22554.79,98.4925327510917,0.0,0.03396646244095395,0.036315655024364416,,0.7913973799126637,d_batch_10,0.20860262008733627
ALG1+batch10,358,0.009855168830011115,0.009780048804901817,0.021631000444899896,0.006968656709439209,0.006915538830281507,0.0069686567094391525,3.5281504411439792,7.7438981592741625,21.88603378300503,35006.36,97.78312849162012,0.0,0.028020269937304044,0.02832388018659465,,0.7969832402234637,d_batch_10,0.20301675977653633
ALG1+batch10,559,0.0062549585169706795,0.0046990504571628,0.012288747571866359,0.004422923583390574,0.0033227304433976236,0.004422923583390518,3.49652181098661,6.869409892673295,18.183118391657995,54087.19,96.75704830053668,0.0,0.02285501766992854,0.023280802130391434,,0.8050626118067978,d_batch_10,0.19493738819320214
ALG1+batch10,875,0.003978387710151753,0.0034008508364001266,0.008249583050250775,0.0028131449280375813,0.002404764688222525,0.0028131449280375254,3.481089246382784,7.218385168969428,15.703666543207996,84296.63,96.33900571428572,0.0,0.018423041133694636,0.018872445042227643,,0.8083542857142857,d_batch_10,0.19164571428571428
ALG1+batch10,1368,0.0025844435496552762,0.0020988764456439705,0.005200221977163922,0.0018274775595551332,0.0014841297675876285,0.0018274775595550777,3.535518775928418,7.113903664760246,17.013398601371918,131348.36,96.01488304093566,0.0,0.014614747735978312,0.014747840217362139,,0.810906432748538,d_batch_10,0.18909356725146198
ALG1+batch10,2139,0.001562278754124882,0.0013826236674434628,0.003366092899383272,0.0011046979011454304,0.0009776625710783405,0.001104697901145375,3.3417142550731223,7.200072711780819,14.271140523646334,205152.678,95.9105553997195,0.0,0.011672745582287142,0.011720986575000964,,0.8117279102384292,d_batch_10,0.18827208976157084
ALG1+batch10,3344,0.0009573363179532437,0.0007831540989385291,0.0020518863618330355,0.000676939002300955,0.0005537735740735307,0.0006769390023008994,3.2013326472356467,6.861507993969671,16.76100293058139,320979.676,95.986745215311,0.0,0.009356983632156155,0.009419403675715308,,0.811127990430622,d_batch_10,0.18887200956937797
ALG1+batch10,5230,0.0006825622290586367,0.0005515639650360541,0.0013627763335100913,0.0004826443807492231,0.00039001461993519145,0.0004826443807491676,3.5698004579766702,7.127320224257778,12.784174473750127,501759.14,95.9386500956023,0.0,0.007425245357093898,0.007450052160725699,,0.8115066921606119,d_batch_10,0.18849330783938814
ALG1+batch10,8178,0.00038948542978319424,0.00029330839329315276,0.0009171947782171773,0.00027540778857310913,0.00020740035387657735,0.0002754077885730535,3.1852118447669624,7.500818896260076,18.814527395244646,784155.208,95.88593886035706,0.0,0.005840518839426489,0.005832700699510626,,0.811921741257031,d_batch_10,0.18807825874296893
ALG1+batch10,12789,0.0002903323974081492,0.000250958428109128,0.0005231048244213127,0.00020529600700550538,0.0001774544063119369,0.00020529600700544993,3.71306103045282,6.689987599524168,18.003696098509025,1224621.21,95.75582219094534,0.0,0.004591709744540394,0.004585149707473431,,0.8129462819610603,d_batch_10,0.18705371803893972
ALG1+batch10,20000,0.00017855078960334053,0.0001582611683875414,0.00037039320274350374,0.00012625447411479014,0.00011190754536539173,0.00012625447411473463,3.571015792066811,7.407864054870075,25.792640365720274,1914550.74,95.727537,0.0,0.0037390909712466756,0.0037331195884474804,,0.8131689999999999,d_batch_10,0.186831
ALG1+batch50,10,0.4375487907292687,0.46564665522349175,0.6070680114608012,0.30939371702463964,0.32926190754536544,0.3093937170246395,4.375487907292687,6.070680114608012,7.484893676981105,1990.0,199.0,0.0,0.43723231708667676,0.15259449409202458,,0.0,d_batch_50,1.0
ALG1+batch50,16,0.43843429049706,0.4833243247531553,0.6601010200497921,0.3100198599151839,0.3417619075453653,0.3100198599151838,7.01494864795296,10.561616320796674,11.97582988316977,3184.0,199.0,0.0,0.4372323170866767,0.12345845533537596,,0.0,d_batch_50,1.0
ALG1+batch50,24,0.433355445549306,0.45386154220371583,0.5717126724014738,0.30642857421203196,0.3209285742120319,0.3064285742120319,10.400530693183343,13.721104137635372,16.54953126238156,4776.0,199.0,0.0,0.4372323170866767,0.09782365853556038,,0.0,d_batch_50,1.0
ALG1+batch50,38,0.4362458995846825,0.45076019667219575,0.5624086358069137,0.3084724338611547,0.31873559175589145,0.3084724338611547,16.57734418421793,21.37152816066272,27.028382410155107,7562.0,199.0,0.0,0.4372323170866767,0.07603578081290452,,0.0,d_batch_50,1.0
ALG1+batch50,60,0.34576848558633216,0.3477955250257336,0.4420764291839399,0.2444952408786985,0.24592857421203185,0.24449524087869848,20.746109135179925,26.524585751036394,33.595653562901866,10670.0,177.83333333333334,0.0,0.34767406570337334,0.060679478571594586,,0.16666666666666666,d_batch_50,0.8333333333333334
ALG1+batch50,94,0.1851208458191433,0.17678601269622102,0.2820997886176217,0.13090020541770556,0.12500658839642897,0.13090020541770556,17.401359506999466,26.517380130056438,35.002661504295006,13118.0,139.5531914893617,0.0,0.18570701532931447,0.05449930964946192,,0.46808510638297873,d_batch_50,0.5319148936170213
ALG1+batch50,146,0.08876539730081817,0.0871775483654647,0.15761931766551596,0.06276661436612659,0.061643835616438325,0.06276661436612659,12.959748005919453,23.01242037916533,42.811410252388654,16862.0,115.4931506849315,0.0,0.08390661299912426,0.04506110611068243,,0.6575342465753424,d_batch_50,0.3424657534246575
ALG1+batch50,229,0.04062287092751489,0.03211917889776558,0.08769962458055072,0.02872470750411165,0.022711689204753943,0.028724707504111633,9.30263744240091,20.083214028946117,32.81113609030397,23885.242,104.30236681222706,0.0,0.03655730424725601,0.034928374210783646,,0.745650655021834,d_batch_50,0.25434934497816597
ALG1+batch50,358,0.02778448839790144,0.025581317658232273,0.05718385536489366,0.019646600157955083,0.018088723187823227,0.019646600157955062,9.946846846448716,20.47182022063193,43.099237218601424,36405.392,101.69103910614525,0.0,0.041181455232233245,0.028284747174185974,,0.7662122905027933,d_batch_50,0.2337877094972067
ALG1+batch50,559,0.017209551992212507,0.014818646610100523,0.03758773795421124,0.012168990914875943,0.010478365506009136,0.012168990914875921,9.620139563646791,21.011545516404084,33.73946757776191,55393.004,99.09303041144902,0.0,0.02389004405074605,0.022707823764813742,,0.7866690518783542,d_batch_50,0.2133309481216458
ALG1+batch50,875,0.011032350665903383,0.009865827121534065,0.021179535620518844,0.007801049968288228,0.006976193259650917,0.0078010499682882066,9.65330683266546,18.532093667953987,34.08844285405806,85828.25,98.08942857142857,0.0,0.021668409379431246,0.019347360938150614,,0.7945714285714286,d_batch_50,0.20542857142857143
ALG1+batch50,1368,0.006459433653462916,0.005200221977163685,0.013470476727883532,0.004567509338988247,0.0036771122237277826,0.004567509338988224,8.83650523793727,18.427612163744673,29.741320662729432,132745.36,97.03608187134502,0.0,0.015038224750871567,0.014613192560585308,,0.8028654970760234,d_batch_50,0.1971345029239766
ALG1+batch50,2139,0.00475578936503415,0.004688405720676266,0.009316500595202495,0.003362850909910537,0.003315203478044009,0.0033628509099105125,10.172633451808048,19.92799477313814,32.65591683449609,206708.174,96.63776250584385,0.0,0.011783922601409433,0.011453233195695313,,0.8060018700327256,d_batch_50,0.19399812996727442
ALG1+batch50,3344,0.002986900411899784,0.002474797116131024,0.005858083150516414,0.0021120575359832535,0.0017499458228771845,0.0021120575359832292,9.98819497739288,19.589430055326886,32.317352116684624,322470.656,96.43261244019139,0.0,0.009821319428099464,0.00925516327274758,,0.8076172248803828,d_batch_50,0.1923827751196172
ALG1+batch50,5230,0.0018147750473454182,0.0016331804563345727,0.003526009316107345,0.0012832397423061077,0.0011548329755755415,0.0012832397423060834,9.491273497616538,18.441028723241413,31.168950784599147,503107.88,96.19653537284896,0.0,0.0074790230138234645,0.007201170562780046,,0.8094760994263863,d_batch_50,0.19052390057361376
ALG1+batch50,8178,0.0011294040116657765,0.0010901238027184238,0.0021449908521774864,0.0007986092353481855,0.0007708339332350843,0.0007986092353481612,9.236266007402719,17.541735189107484,31.542449456601194,785405.396,96.03881095622401,0.0,0.006144630173893272,0.00596240517384099,,0.81071802396674,d_batch_50,0.18928197603325997
ALG1+batch50,12789,0.0007464351098579711,0.000663482787883241,0.0015183290062459186,0.0005278093278963214,0.0004691531785128212,0.000527809327896297,9.546158619973593,19.41790966087905,30.731618159863608,1225819.074,95.84948580811636,0.0,0.004909266967008955,0.004847713401319988,,0.8122087731644382,d_batch_50,0.1877912268355618
ALG1+batch50,20000,0.0005366698807502684,0.0005118145589805938,0.0010067893058112014,0.0003794829119371151,0.00036190754536520305,0.0003794829119370906,10.733397615005368,20.13578611622403,38.52056242707392,1916161.1,95.80805500000001,0.0,0.003851754811651917,0.0038185784619754882,,0.812535,d_batch_50,0.18746500000000002
ALG1+delay10,10,0.44032899987439705,0.46564665522349175,0.6070680114608012,0.3113596217642767,0.32926190754536544,0.3113596217642766,4.40328999874397,6.070680114608012,7.484893676981105,1990.0,199.0,0.0,0.43723231708667676,0.14281385918353431,,0.0,e_delay_10,1.0
ALG1+delay10,16,0.28424319169410067,0.3065476294565186,0.4833243247531553,0.20099028835300642,0.21676190754536542,0.20099028835300634,4.547891067105611,7.733189196050485,10.561616320796674,2605.388,162.83675,0.0,0.2842220445983033,0.12126696893321913,,0.28475,e_delay_10,0.71525
ALG1+delay10,24,0.1715307741569207,0.15923371670932127,0.33601041200595777,0.12129057358853688,0.11259524087869881,0.12129057358853683,4.116738579766097,8.064249888142987,13.721104137635368,3201.454,133.39391666666668,0.0,0.15964651692412843,0.09941195813642048,,0.5165833333333333,e_delay_10,0.48341666666666666
ALG1+delay10,38,0.09226082167154445,0.07859873288980265,0.19024717202452054,0.06523825264179192,0.055577697019049646,0.06523825264179187,3.5059112235186896,7.229392536931781,12.886246786424154,4328.072,113.89663157894738,0.0,0.077151583419661,0.08138676320098727,,0.6701052631578946,e_delay_10,0.32989473684210524
ALG1+delay10,60,0.06062356627693712,0.05289831764664296,0.13566349066976924,0.0428673348141344,0.03740475912130131,0.04286733481413434,3.6374139766162275,8.139809440186154,16.625090814424727,6420.834,107.01389999999999,0.0,0.049209960638068255,0.06761275939295823,,0.7242999999999999,e_delay_10,0.2757
ALG1+delay10,94,0.04049147575615175,0.03384153914658003,0.0865170619064491,0.028631797087425647,0.02392958181633681,0.028631797087425588,3.806198721078265,8.132603819206215,18.032098755817866,9731.418,103.52572340425532,0.0,0.05193513168842322,0.05593072350423989,,0.7517659574468085,e_delay_10,0.24823404255319148
ALG1+delay10,146,0.02674359476685926,0.02200979798590447,0.05106898077439272,0.018910577212951304,0.015563277408379131,0.018910577212951245,3.9045648359614527,7.456071193061336,17.355566129672948,14652.962,100.36275342465753,0.0,0.04173288485661435,0.043861380175342676,,0.7766712328767124,e_delay_10,0.22332876712328767
ALG1+delay10,229,0.016189272665127392,0.013592363670170592,0.03211917889776571,0.011447544483989642,0.009611252523531351,0.011447544483989588,3.7073434403141725,7.355291967588347,17.254786904199975,22539.042,98.42376419213974,0.0,0.03262744339236935,0.03499029177271781,,0.791938864628821,e_delay_10,0.20806113537117904
ALG1+delay10,358,0.01083293261434901,0.009780048804901926,0.02163100044489989,0.007660040111743152,0.006915538830281596,0.007660040111743099,3.878189875936945,7.74389815927416,17.6433930958858,34833.894,97.30137988826816,0.0,0.027406911339787444,0.028967076220040286,,0.8007765363128492,e_delay_10,0.19922346368715085
ALG1+delay10,559,0.00694532086092957,0.004699050457162823,0.012541737475689844,0.004911083478279742,0.003322730443397646,0.004911083478279689,3.882434361259629,7.010831248910622,21.01154551640418,54138.498,96.8488336314848,0.0,0.02285850222198431,0.02353549734859106,,0.804339892665474,e_delay_10,0.19566010733452593
ALG1+delay10,875,0.004300693542164928,0.0034008508364001444,0.008249583050250774,0.0030410495674700667,0.002404764688222541,0.0030410495674700142,3.7631068493943123,7.2183851689694265,15.703666543207941,84031.708,96.03623771428572,0.0,0.01815559151261872,0.018543851329812944,,0.8107382857142856,e_delay_10,0.1892617142857143
ALG1+delay10,1368,0.002695905033904258,0.002098876445643956,0.0052002219771639276,0.0019062927309087029,0.0014841297675876127,0.0019062927309086502,3.687998086381025,7.113903664760254,17.01339860137186,131223.138,95.92334649122807,0.0,0.014508957117381647,0.014652153597100299,,0.8116271929824562,e_delay_10,0.18837280701754386
ALG1+delay10,2139,0.0017923521334418688,0.0013826236674434706,0.0033660928993833224,0.0012673843478309742,0.0009776625710783465,0.0012673843478309213,3.8338412134321573,7.200072711780927,15.685354086019329,204909.6,95.7969144460028,0.0,0.011764190963605642,0.011803304181497092,,0.8126227208976158,e_delay_10,0.1873772791023843
ALG1+delay10,3344,0.0010703641941875615,0.0007831540989385348,0.00205188636183306,0.0007568617800493522,0.0005537735740735349,0.0007568617800492992,3.5792978653632055,6.861507993969754,15.346789368208125,320115.314,95.72826375598086,0.0,0.009422045864110952,0.009496206984336926,,0.8131632775119617,e_delay_10,0.1868367224880383
ALG1+delay10,5230,0.0007364709621133755,0.0005515639650360454,0.0013627763335101089,0.0005207636114574017,0.00039001461993518234,0.0005207636114573489,3.8517431318529542,7.127320224257869,17.026815160869486,500375.602,95.67411128107075,0.0,0.007592882196267384,0.007661822301654078,,0.8135896749521988,e_delay_10,0.18641032504780117
ALG1+delay10,8178,0.0004801613588514462,0.00039840770471273623,0.0009171947782171936,0.0003395253529076579,0.0002817167896793974,0.00033952535290760486,3.926759592687127,7.500818896260209,18.814527395244596,781941.598,95.61526021032037,0.0,0.00605071277981912,0.0060946765731988645,,0.8140530692100758,e_delay_10,0.1859469307899242
ALG1+delay10,12789,0.0002807404124422779,0.0002509584281091434,0.0005231048244212914,0.00019851344939109586,0.0001774544063119462,0.0001985134493910429,3.590389134724292,6.689987599523896,18.003696098508396,1222295.586,95.57397654234107,0.0,0.004857239763920067,0.00485930286572307,,0.8143781374618814,e_delay_10,0.18562186253811871
ALG1+delay10,20000,0.0001903356821842742,0.00015826116838753133,0.00037039320274349224,0.00013458765157432087,0.0001119075453653831,0.00013458765157426782,3.806713643685484,7.407864054869846,21.549999678600276,1912362.53,95.6181265,0.0,0.0038734852500840818,0.0038984444283781845,,0.8140305,e_delay_10,0.18596949999999998
ALG1+delay50,10,0.44032899987439705,0.46564665522349175,0.6070680114608012,0.3113596217642767,0.32926190754536544,0.3113596217642766,4.40328999874397,6.070680114608012,7.484893676981105,1990.0,199.0,0.0,0.43723231708667676,0.14281385918353431,,0.0,e_delay_50,1.0
ALG1+delay50,16,0.43313098963816093,0.4833243247531553,0.5717126724014738,0.3062698599151839,0.3417619075453653,0.3062698599151838,6.930095834210575,9.147402758423581,11.97582988316977,3184.0,199.0,0.0,0.4372323170866767,0.11618783682210604,,0.0,e_delay_50,1.0
ALG1+delay50,24,0.4326483387681194,0.45386154220371583,0.5717126724014738,0.305928574212032,0.3209285742120319,0.3059285742120319,10.383560130434867,13.721104137635372,17.963744824754656,4776.0,199.0,0.0,0.4372323170866767,0.09129629836246805,,0.0,e_delay_50,1.0
ALG1+delay50,38,0.43483168602230937,0.4507601966721958,0.5624086358069137,0.30747243386115475,0.3187355917558915,0.30747243386115464,16.52360406884776,21.37152816066272,25.61416884778201,7562.0,199.0,0.0,0.4372323170866767,0.07378225961550677,,0.0,e_delay_50,1.0
ALG1+delay50,60,0.36052344708709144,0.37136575106528513,0.4420764291839399,0.25492857421203186,0.26259524087869845,0.2549285742120318,21.631406825225486,26.524585751036394,33.59565356290187,10865.58,181.093,0.0,0.36146603641640207,0.06153985194354425,,0.14100000000000001,e_delay_50,0.859
ALG1+delay50,94,0.19480971320391213,0.1918308378278497,0.2820997886176217,0.1377512692474928,0.13564488626876942,0.13775126924749279,18.312113041167745,26.517380130056438,35.002661504295006,13320.692,141.7094893617021,0.0,0.19483052400214967,0.05336860902832723,,0.45110638297872346,e_delay_50,0.5488936170212766
ALG1+delay50,146,0.09395020316216636,0.09465775495712472,0.15761931766551596,0.06643282574982166,0.06693314042207743,0.06643282574982166,13.716729661676288,23.01242037916533,37.15455600289627,17064.692,116.88145205479451,0.0,0.08978065282957988,0.04417027512858571,,0.6466027397260273,e_delay_50,0.35339726027397256
ALG1+delay50,229,0.038534551211349743,0.03211917889776534,0.0815240195046857,0.0272480424715257,0.02271168920475374,0.027248042471525687,8.82441222739909,18.669000466573024,35.63956321505016,23499.416,102.61753711790394,0.0,0.029428623870771962,0.035023765166050894,,0.7589170305676856,e_delay_50,0.24108296943231441
ALG1+delay50,358,0.03031857794890161,0.025772806115092334,0.06113417257822635,0.021438472063601274,0.018224125974187926,0.021438472063601256,10.854050905706776,21.886033783005033,33.19974228198979,36225.56,101.18871508379888,0.0,0.04217780994399975,0.02886389490124501,,0.7701675977653633,e_delay_50,0.22983240223463688
ALG1+delay50,559,0.018504785648539163,0.01481864661010067,0.03758773795421125,0.013084859416485566,0.010478365506009262,0.013084859416485545,10.34417517753339,21.011545516404087,35.153681140135056,55336.616,98.99215742397138,0.0,0.025656918056149038,0.023363358143884884,,0.7874633273703041,e_delay_50,0.2125366726296959
ALG1+delay50,875,0.012265140028247775,0.010505586463343002,0.0244120237630859,0.008672763686176588,0.0074285714285714675,0.008672763686176565,10.731997524716805,21.360520792700164,36.916869978804165,85560.28,97.78317714285714,0.0,0.021279585841797122,0.018148814535649555,,0.7969828571428571,e_delay_50,0.20301714285714284
ALG1+delay50,1368,0.007437393121059676,0.006234003821003685,0.015538040415563477,0.005259031110251501,0.004408106375774578,0.005259031110251477,10.174353789609635,21.256039288490836,31.15553422510252,132811.654,97.08454239766083,0.0,0.01532071572351601,0.01485660523056923,,0.8024839181286549,e_delay_50,0.19751608187134503
ALG1+delay50,2139,0.005000524281283667,0.004567784028376241,0.00997765700584915,0.0035359046287836912,0.003229911061460469,0.0035359046287836682,10.696121437665767,21.342208335511334,32.65591683449622,206410.232,96.4984721832632,0.0,0.011952972470779321,0.011575729818858342,,0.807098644226274,e_delay_50,0.19290135577372602
ALG1+delay50,3344,0.003191026341423898,0.0028977078704291673,0.0062809939048145864,0.0022563963649657607,0.0020489888850781166,0.0022563963649657372,10.670792085721514,21.00364361769998,35.145779241430915,321499.106,96.14207715311005,0.0,0.009510531660198279,0.009311270525084112,,0.8099049043062201,e_delay_50,0.19009509569377991
ALG1+delay50,5230,0.0020917854931407315,0.0018820731403863121,0.004337221684581381,0.0014791157069874812,0.0013308266802562493,0.001479115706987458,10.940038129126027,22.683669410360626,32.58316434697242,501992.82,95.98333078393881,0.0,0.007341795013396085,0.0072185472952015425,,0.8111548757170173,e_delay_50,0.18884512428298278
ALG1+delay50,8178,0.001357874548024137,0.001210503171510351,0.002819414047733215,0.0009601623009085089,0.0008559550012228123,0.0009601623009084856,11.104698053741393,23.05716808236223,34.370876581347304,783875.554,95.85174296894107,0.0,0.005812924602158373,0.005782512648576528,,0.8121910002445586,e_delay_50,0.18780899975544144
ALG1+delay50,12789,0.0008208498399015532,0.000744265753715468,0.0017394899355403098,0.0005804284881303037,0.0005262753614571457,0.0005804284881302801,10.497848602500964,22.246336785625022,33.56004528461001,1224332.412,95.73324044100399,0.0,0.004877981233405954,0.00480519052472069,,0.8131240910157166,e_delay_50,0.18687590898428338
ALG1+delay50,20000,0.0005378887194258715,0.00044110388086194153,0.0010774999839298395,0.0003803447610298055,0.0003119075453652062,0.0003803447610297819,10.757774388517428,21.549999678596787,41.34898955181976,1914347.032,95.7173516,0.0,0.003951309435262391,0.003952055892879655,,0.8132492,e_delay_50,0.1867508
ALG1,10,0.11866275715020655,0.04138258651156329,0.3242252989861823,0.08390724025520356,0.029261907545365406,0.08390724025520352,1.186627571502065,3.242252989861823,6.070680114608012,1154.594,115.4594,0.0,0.10324435148798307,0.16647945462154673,,0.6578,reference,0.3422
ALG1,16,0.09184408233744512,0.04138258651156332,0.21815928180820016,0.06494357343266312,0.029261907545365465,0.06494357343266305,1.469505317399122,3.4905485089312025,7.733189196050486,1804.78,112.79875,0.0,0.09826258551604033,0.13593139153011297,,0.67875,reference,0.32125
ALG1,24,0.06532454577456838,0.041382586511563284,0.1592337167093212,0.046191429295128386,0.029261907545365406,0.04619142929512833,1.567789098589641,3.8216092010237093,8.064249888142992,2578.392,107.43299999999999,0.0,0.08138548082237561,0.11265044823380796,,0.721,reference,0.27899999999999997
ALG1,38,0.04327334357368173,0.04138258651156328,0.11581487926804197,0.030598874685565717,0.029261907545365395,0.030598874685565665,1.644387055799906,4.400965412185595,11.472033224051064,4007.778,105.46784210526316,0.0,0.07346062637905948,0.0879603693806147,,0.7364736842105263,reference,0.26352631578947366
ALG1,60,0.030525329772154875,0.01781236047201171,0.06495281255111492,0.02158466767984638,0.01259524087869875,0.021584667679846323,1.8315197863292925,3.897168753066895,12.382450127305459,6190.456,103.17426666666667,0.0,0.06199755320958251,0.0702434214341413,,0.7545333333333333,reference,0.24546666666666667
ALG1,94,0.020538906985351792,0.011292936248305957,0.04138258651156335,0.014523200407502056,0.00798531180068457,0.014523200407502003,1.9306572566230682,3.889963132086955,16.61788519344479,9446.43,100.49393617021276,0.0,0.05021725512462129,0.05603408528463953,,0.7756382978723404,reference,0.22436170212765957
ALG1,146,0.014450073859041169,0.009686394262829369,0.032664831675017054,0.010217745214374529,0.006849315068493162,0.010217745214374475,2.1097107834200104,4.76906542455249,21.59820681679225,14454.588,99.00402739726027,0.0,0.03975063554770321,0.04409387966393787,,0.7873698630136986,reference,0.21263013698630137
ALG1,229,0.009325266353227144,0.007416758594305548,0.019767968746035668,0.006593959074737716,0.005244440296457112,0.0065939590747376604,2.135485994889016,4.526864842842168,17.254786904199975,22392.738,97.78488209606988,0.0,0.0332406288913744,0.03516786947550359,,0.7969694323144105,reference,0.20303056768558952
ALG1,358,0.006269528946437074,0.002070902835096085,0.013730366018234633,0.004433226432871061,0.001464349437874938,0.004433226432871006,2.2444913628244727,4.915471034527998,14.814965971139596,34742.962,97.04737988826815,0.0,0.026738059722736993,0.027783684110473758,,0.8027765363128492,reference,0.19722346368715082
ALG1,559,0.00407920801846428,0.002169151418928292,0.009758848533631822,0.002884435651726687,0.001533821677744675,0.0028844356517266326,2.2802772823215327,5.455196330300188,15.354691266911832,53917.772,96.45397495527727,0.0,0.022374783543332704,0.022982691510251372,,0.8074490161001788,reference,0.1925509838998211
ALG1,875,0.0024833625110572033,0.0017846067651166233,0.006633338978967212,0.0017560024717130555,0.0012619075453654065,0.001756002471713001,2.172942197175053,5.80417160659631,14.289452980834858,84135.34,96.15467428571428,0.0,0.01792142889414083,0.01841918849565305,,0.8098057142857144,reference,0.1901942857142857
ALG1,1368,0.0015103105969924485,0.001065094601804002,0.004166440133323909,0.0010679508648313175,0.0007531356155408499,0.0010679508648312633,2.0661048966856694,5.699690102387107,15.599185038998733,131434.974,96.07819736842104,0.0,0.015312506631052422,0.015475698324534225,,0.810407894736842,reference,0.18959210526315792
ALG1,2139,0.0010543055937157985,0.0007214672567968762,0.002704936488736699,0.0007455066347594045,0.0005101543896851819,0.0007455066347593503,2.2551596649580934,5.785859149407799,14.271140523646386,205173.76,95.92041140719964,0.0,0.012282601538707322,0.012256479080243356,,0.8116503038803179,reference,0.18834969611968208
ALG1,3344,0.0007125832042255962,0.0003602433446403817,0.001628975607534902,0.0005038724158676118,0.0002547305118725926,0.0005038724158675574,2.3828782349303936,5.447294431596712,15.346789368208198,320132.84,95.733504784689,0.0,0.009553103234929012,0.00954898930551984,,0.813122009569378,reference,0.186877990430622
ALG1,5230,0.0003829423718636409,0.00028115984221137866,0.0008219680878607601,0.00027078114794849535,0.0001988100310250599,0.0002707811479484411,2.002788604846842,4.298893099511775,12.784174473750229,500104.584,95.6222913957935,0.0,0.00752453701526688,0.007536873415418169,,0.813997705544933,reference,0.18600229445506694
ALG1,8178,0.0002553998585075564,0.00022547868021126097,0.0005713367292142506,0.00018059497186483222,0.00015943750379042635,0.0001805949718647779,2.088660042874797,4.672391771514142,15.986100270498767,782477.03,95.68073245292248,0.0,0.005900336682382205,0.005901183324032914,,0.8135375397407679,reference,0.1864624602592321
ALG1,12789,0.00016329211365895838,8.078296583250229e-05,0.00041252435977410373,0.00011546496088258824,5.7122182944578445e-05,0.00011546496088253395,2.0883428415844185,5.275774037151013,15.175268973762783,1223501.832,95.66829556650247,0.0,0.004751562607995062,0.004760459002753992,,0.8136354679802956,reference,0.18636453201970446
ALG1,20000,9.885683459235873e-05,5.387086596841224e-05,0.00022897184650621995,6.990233810694797e-05,3.8092454634709166e-05,6.990233810689373e-05,1.9771366918471744,4.579436930124399,17.307358991482122,1912896.438,95.64482190000001,0.0,0.0037309429297105877,0.0037312165011601697,,0.8138203,reference,0.1861797
