scenario,quantity,value
S-DIAB__T1-AGE,ALG1_decomposition_corr,-0.999932942264316
S-DIAB__T1-AGE,ALG1_E|S_T|,1.4273523016117866
S-DIAB__T1-AGE,ETC_decomposition_corr,-0.24978134536642302
S-DIAB__T1-AGE,p_low,0.39994454763447124
S-DIAB__T1-AGE,p_G,0.47073809245463466
S-DIAB__T1-AGE,p_high,0.7799080288205306
S-DIAB__T1-AGE,x_star_high,0.1863167075930054
S-DIAB__T1-AGE,kappa_lb,0.22009197117946944
S-DIAB__T1-AGE,thm1_ES_bound,14.720104677818204
S-DIAB__T1-AGE,thm1_lambda,0.5076
S-DIAB__T1-AGE,thm1_C,646.7275668268848
S-DIAB__T1-AGE,open_loop_const,0.3803629641469521
S-DIAB__T1-AGE,cost_low,72.0
S-DIAB__T1-AGE,cost_high,199.0
S-DIAB__T1-AGE,quota_factor,1.1770084008867776
S-DIAB__T1-AGE,r_star_breakeven,1.9500404079350677
S-DIAB__T1-AGE,r_base,2.763888888888889
