scenario,T,k,empirical,bound
S-DIAB__T1-BLACK,100,0,1.0,1.0
S-DIAB__T1-BLACK,100,1,0.5865,1.0
S-DIAB__T1-BLACK,100,2,0.3395,1.0
S-DIAB__T1-BLACK,100,3,0.208,1.0
S-DIAB__T1-BLACK,100,4,0.112,1.0
S-DIAB__T1-BLACK,100,5,0.053,1.0
S-DIAB__T1-BLACK,100,6,0.0275,1.0
S-DIAB__T1-BLACK,100,7,0.013,1.0
S-DIAB__T1-BLACK,100,8,0.0065,1.0
S-DIAB__T1-BLACK,100,9,0.002,1.0
S-DIAB__T1-BLACK,100,10,0.0005,1.0
S-DIAB__T1-BLACK,100,11,0.0,1.0
S-DIAB__T1-BLACK,100,12,0.0,1.0
S-DIAB__T1-BLACK,100,13,0.0,1.0
S-DIAB__T1-BLACK,100,14,0.0,1.0
S-DIAB__T1-BLACK,100,15,0.0,1.0
S-DIAB__T1-BLACK,100,16,0.0,1.0
S-DIAB__T1-BLACK,100,17,0.0,1.0
S-DIAB__T1-BLACK,100,18,0.0,1.0
S-DIAB__T1-BLACK,100,19,0.0,1.0
S-DIAB__T1-BLACK,100,20,0.0,1.0
S-DIAB__T1-BLACK,100,21,0.0,1.0
S-DIAB__T1-BLACK,100,22,0.0,1.0
S-DIAB__T1-BLACK,100,23,0.0,1.0
S-DIAB__T1-BLACK,100,24,0.0,1.0
S-DIAB__T1-BLACK,1000,0,1.0,1.0
S-DIAB__T1-BLACK,1000,1,0.683,1.0
S-DIAB__T1-BLACK,1000,2,0.502,1.0
S-DIAB__T1-BLACK,1000,3,0.3865,1.0
S-DIAB__T1-BLACK,1000,4,0.297,1.0
S-DIAB__T1-BLACK,1000,5,0.218,1.0
S-DIAB__T1-BLACK,1000,6,0.169,1.0
S-DIAB__T1-BLACK,1000,7,0.124,1.0
S-DIAB__T1-BLACK,1000,8,0.094,1.0
S-DIAB__T1-BLACK,1000,9,0.0685,1.0
S-DIAB__T1-BLACK,1000,10,0.0515,1.0
S-DIAB__T1-BLACK,1000,11,0.0365,1.0
S-DIAB__T1-BLACK,1000,12,0.0285,1.0
S-DIAB__T1-BLACK,1000,13,0.0215,1.0
S-DIAB__T1-BLACK,1000,14,0.0145,1.0
S-DIAB__T1-BLACK,1000,15,0.009,1.0
S-DIAB__T1-BLACK,1000,16,0.007,1.0
S-DIAB__T1-BLACK,1000,17,0.0045,1.0
S-DIAB__T1-BLACK,1000,18,0.0035,1.0
S-DIAB__T1-BLACK,1000,19,0.002,1.0
S-DIAB__T1-BLACK,1000,20,0.001,1.0
S-DIAB__T1-BLACK,1000,21,0.0005,1.0
S-DIAB__T1-BLACK,1000,22,0.0005,1.0
S-DIAB__T1-BLACK,1000,23,0.0005,1.0
S-DIAB__T1-BLACK,1000,24,0.0005,1.0
S-DIAB__T1-BLACK,10000,0,1.0,1.0
S-DIAB__T1-BLACK,10000,1,0.759,1.0
S-DIAB__T1-BLACK,10000,2,0.5845,1.0
S-DIAB__T1-BLACK,10000,3,0.4505,1.0
S-DIAB__T1-BLACK,10000,4,0.348,1.0
S-DIAB__T1-BLACK,10000,5,0.263,1.0
S-DIAB__T1-BLACK,10000,6,0.2065,1.0
S-DIAB__T1-BLACK,10000,7,0.1555,1.0
S-DIAB__T1-BLACK,10000,8,0.118,1.0
S-DIAB__T1-BLACK,10000,9,0.0875,1.0
S-DIAB__T1-BLACK,10000,10,0.07,1.0
S-DIAB__T1-BLACK,10000,11,0.057,1.0
S-DIAB__T1-BLACK,10000,12,0.044,1.0
S-DIAB__T1-BLACK,10000,13,0.032,1.0
S-DIAB__T1-BLACK,10000,14,0.023,1.0
S-DIAB__T1-BLACK,10000,15,0.0195,1.0
S-DIAB__T1-BLACK,10000,16,0.0165,1.0
S-DIAB__T1-BLACK,10000,17,0.0125,1.0
S-DIAB__T1-BLACK,10000,18,0.009,1.0
S-DIAB__T1-BLACK,10000,19,0.0065,1.0
S-DIAB__T1-BLACK,10000,20,0.005,1.0
S-DIAB__T1-BLACK,10000,21,0.0035,1.0
S-DIAB__T1-BLACK,10000,22,0.0025,1.0
S-DIAB__T1-BLACK,10000,23,0.002,1.0
S-DIAB__T1-BLACK,10000,24,0.0015,1.0
S-DIAB__T1-BLACK,100000,0,1.0,1.0
S-DIAB__T1-BLACK,100000,1,0.696,1.0
S-DIAB__T1-BLACK,100000,2,0.516,1.0
S-DIAB__T1-BLACK,100000,3,0.4005,1.0
S-DIAB__T1-BLACK,100000,4,0.3135,1.0
S-DIAB__T1-BLACK,100000,5,0.239,1.0
S-DIAB__T1-BLACK,100000,6,0.187,1.0
S-DIAB__T1-BLACK,100000,7,0.1525,1.0
S-DIAB__T1-BLACK,100000,8,0.1095,1.0
S-DIAB__T1-BLACK,100000,9,0.087,1.0
S-DIAB__T1-BLACK,100000,10,0.067,1.0
S-DIAB__T1-BLACK,100000,11,0.0485,1.0
S-DIAB__T1-BLACK,100000,12,0.041,1.0
S-DIAB__T1-BLACK,100000,13,0.0335,1.0
S-DIAB__T1-BLACK,100000,14,0.0285,1.0
S-DIAB__T1-BLACK,100000,15,0.0235,1.0
S-DIAB__T1-BLACK,100000,16,0.0195,1.0
S-DIAB__T1-BLACK,100000,17,0.015,1.0
S-DIAB__T1-BLACK,100000,18,0.0115,1.0
S-DIAB__T1-BLACK,100000,19,0.008,1.0
S-DIAB__T1-BLACK,100000,20,0.005,1.0
S-DIAB__T1-BLACK,100000,21,0.002,1.0
S-DIAB__T1-BLACK,100000,22,0.0015,1.0
S-DIAB__T1-BLACK,100000,23,0.001,1.0
S-DIAB__T1-BLACK,100000,24,0.001,1.0
