scenario,mode,policy,T,err_l2,deff,ess_frac,ps_fail,cost_per_sample,bias_insulin,sd_insulin,rmse_insulin,truth_insulin,bias_hypertension,sd_hypertension,rmse_hypertension,truth_hypertension,bias_heart_disease,sd_heart_disease,rmse_heart_disease,truth_heart_disease,bias_obese,sd_obese,rmse_obese,truth_obese,bias_disability,sd_disability,rmse_disability,truth_disability,bias_fair_poor_health,sd_fair_poor_health,rmse_fair_poor_health,truth_fair_poor_health
S-DIAB__L2_K3_eth,respondent,ALG2(beta=0.3),1000,0.00531086029732156,1.0002772568024478,0.9997230132389023,0.0,186.96802,0.025671243073326966,0.015476555656863698,0.02997559834148168,0.319293756926673,0.026962358336353742,0.014063697948974883,0.030409807086825474,0.7312176416636463,0.027011165101487433,0.01351570937834933,0.030203930872318815,0.16332883489851255,0.010890691374889516,0.018827934034301275,0.021750822021778724,0.5137793086251105,0.04195511330569318,0.015511595662600278,0.04473076270860529,0.2380648866943068,0.056303513888248,0.01921602911633931,0.05949236464592861,0.428011486111752
S-DIAB__L2_K3_eth,respondent,ALG2(beta=0.3),20000,0.0001095686081967603,1.0000001033245944,0.9999998966754438,0.0,194.94981125,0.01738499307332697,0.003913826252850272,0.017820101573704002,0.319293756926673,0.024042358336353487,0.003868694870366492,0.02435162816679071,0.7312176416636463,0.015489665101487443,0.0038117427444674173,0.015951774437542622,0.16332883489851255,0.02696969137488958,0.004715416100409379,0.02737881301036974,0.5137793086251105,0.032363613305693206,0.0047471978840153695,0.03270992745254017,0.2380648866943068,0.041431513888248006,0.006501447992562889,0.041938516533994,0.428011486111752
S-DIAB__L2_K3_eth,respondent,ORACLE-CL,1000,0.0017230494077661756,1.0000222857028862,0.9999777159341174,0.0,198.873,0.009211243073327047,0.014978984444881435,0.0175845663567776,0.319293756926673,0.016567358336353588,0.01295796183819046,0.021032977374712013,0.7312176416636463,0.005881165101487451,0.011664300236190767,0.013063077851370015,0.16332883489851255,0.040060691374889545,0.01544261635863558,0.042934058664819356,0.5137793086251105,0.0222151133056932,0.014739118019745959,0.026659948596814417,0.2380648866943068,0.027578513888248057,0.016314162558954716,0.03204257056299148,0.428011486111752
S-DIAB__L2_K3_eth,respondent,ORACLE-CL,20000,9.815642613390853e-05,1.0000000770265518,0.9999999229734814,0.0,198.99365,0.010377243073327047,0.0032443734371986215,0.010872586297791028,0.319293756926673,0.017389608336353723,0.002941302421972279,0.01763660222461461,0.7312176416636463,0.0062474151014874635,0.0026544299647005194,0.006787944746960855,0.16332883489851255,0.040722691374889486,0.003602470818757594,0.04088172438650923,0.5137793086251105,0.021189363305693154,0.0030055439503524147,0.021401458168502377,0.2380648866943068,0.026018013888248037,0.003663520130966937,0.02627467271802003,0.428011486111752
S-DIAB__L2_K3_eth,respondent,N1-CHEAPEST,1000,0.09028441717207619,1.0326001508937912,0.9685828599940343,0.0,72.0,-0.0020937569266730183,0.01432270924092227,0.014474937584252008,0.319293756926673,-0.009207641663646404,0.013932691771513512,0.016700316314552745,0.7312176416636463,-0.005838834898512557,0.011220958069612418,0.01264918546674402,0.16332883489851255,0.04414569137488955,0.015614076181445993,0.046825649402512264,0.5137793086251105,-0.029124886694306823,0.012500255997378614,0.03169409132561162,0.2380648866943068,-0.03558148611175199,0.016796282326753145,0.03934662951157061,0.428011486111752
S-DIAB__L2_K3_eth,respondent,N1-CHEAPEST,20000,0.09003746730042618,1.0300680455534028,0.9708171534121791,0.0,72.0,-0.0005987569266729942,0.00337434438076495,0.0034270555666984586,0.319293756926673,-0.009354641663646412,0.002927939719324835,0.009802150358733936,0.7312176416636463,-0.005343084898512568,0.0026742633448297495,0.005974967838424978,0.16332883489851255,0.04438744137488948,0.0034425400415245703,0.04452073712043362,0.5137793086251105,-0.029164636694306828,0.003022170153631327,0.029320803978547506,0.2380648866943068,-0.035828986111752004,0.003380675783035101,0.035988126021593805,0.428011486111752
S-DIAB__L2_K3_eth,respondent,N2-UNIFORM,1000,0.03856657506695812,1.0072820773117028,0.9927896463410405,0.0,182.998,0.024651243073327,0.015903520836594635,0.029336082902464197,0.319293756926673,0.021247358336353606,0.014043816254850402,0.02546917767171563,0.7312176416636463,0.028466165101487417,0.011658172026522856,0.03076094164009194,0.16332883489851255,-0.0016843086251103756,0.013992354162184445,0.014093362641492689,0.5137793086251105,0.036990113305693184,0.014006140617600546,0.03955300819619186,0.2380648866943068,0.055168513888248005,0.01572792421141455,0.05736664993389289,0.428011486111752
S-DIAB__L2_K3_eth,respondent,N2-UNIFORM,20000,0.03549241645507624,1.0058443590817243,0.9941904877946421,0.0,183.125,0.02477499307332698,0.0036085642487698614,0.025036413835070326,0.319293756926673,0.02111985833635366,0.0030863358129017654,0.02134417683813661,0.7312176416636463,0.025826915101487463,0.0026542851085555983,0.025962950007596224,0.16332883489851255,-0.0012923086251104277,0.003441711928677358,0.0036763354828599224,0.5137793086251105,0.0367166133056932,0.003244569732645608,0.03685969242125884,0.2380648866943068,0.05508526388824797,0.0034783943044887837,0.055194977349170275,0.428011486111752
S-DIAB__L2_K3_eth,stratum,ALG2(beta=0.3),1000,0.005193637942876989,1.0003652501712395,0.9996364947228117,0.0,186.642265,,,,,,,,,,,,,,,,,,,,,,,,
S-DIAB__L2_K3_eth,stratum,ALG2(beta=0.3),20000,0.00011102670595646056,1.0000001047495592,0.9999998952504853,0.0,194.8951695,,,,,,,,,,,,,,,,,,,,,,,,
S-DIAB__L2_K3_eth,stratum,ORACLE-CL,1000,0.0016675188007277638,1.0000199339239122,0.9999800673235333,0.0,198.873,,,,,,,,,,,,,,,,,,,,,,,,
S-DIAB__L2_K3_eth,stratum,ORACLE-CL,20000,9.751284938285533e-05,1.0000000773072772,0.9999999226927438,0.0,198.99365,,,,,,,,,,,,,,,,,,,,,,,,
S-DIAB__L2_K3_eth,stratum,N1-CHEAPEST,1000,0.08953986467051733,1.032535613800839,0.968660597879663,0.0,72.0,,,,,,,,,,,,,,,,,,,,,,,,
S-DIAB__L2_K3_eth,stratum,N1-CHEAPEST,20000,0.08995119326739268,1.030219708497084,0.9706726043760072,0.0,72.0,,,,,,,,,,,,,,,,,,,,,,,,
S-DIAB__L2_K3_eth,stratum,N2-UNIFORM,1000,0.039281737208232956,1.0075470186366997,0.9925297544927383,0.0,182.998,,,,,,,,,,,,,,,,,,,,,,,,
S-DIAB__L2_K3_eth,stratum,N2-UNIFORM,20000,0.0354056636233784,1.0057827177503058,0.9942512985064023,0.0,183.125,,,,,,,,,,,,,,,,,,,,,,,,
