policy,T,err_l2_mean,err_l2_med,err_l2_q90,err_linf_mean,err_linf_med,err_tv_mean,S_norm_mean,S_norm_q90,S_norm_max,cost_mean,cost_per_sample,uncertain_mean,alloc_err,samp_err,pull_ONLINE,pull_PORTAL,pull_LANDLINE,pull_CELL,pull_MEDICARE,pull_MEDICAID,pull_VA,pull_ED,pull_INPATIENT,pull_TELEHEALTH,pull_SPANISH,pull_SITE_NE,pull_SITE_MW,pull_SITE_S,pull_SITE_W,pull_RURAL,scenario,experiment
ORACLE-CL,10,0.18486205912150228,0.17525482518170338,0.2803608008658661,0.14784246938534673,0.12926190754536618,0.15023118046208406,1.848620591215023,2.803608008658661,4.717601932171501,1843.188,184.3188,0.0,0.1508031322615139,0.23487358463541733,0.1024,0.0132,0.0872,0.0,0.0988,0.18480000000000002,0.18560000000000001,0.0,0.0,0.0,0.13640000000000002,0.0,0.04,0.0344,0.0,0.1172,S-DIAB__ML_K4_marginals,E2.2
ORACLE-CL,14,0.14863449558920552,0.1393498137320603,0.22384670073166227,0.12035091865462005,0.1006904789739376,0.12138315103742232,2.080882938248877,3.1338538102432714,5.255406149029095,2619.884,187.13457142857143,0.0,0.13366409680096591,0.20176551558396458,0.07571428571428572,0.017714285714285714,0.08971428571428572,0.0,0.09085714285714286,0.20914285714285713,0.17457142857142857,0.0,0.0,0.0,0.11914285714285713,0.0,0.036571428571428574,0.045714285714285714,0.0,0.14085714285714285,S-DIAB__ML_K4_marginals,E2.2
ORACLE-CL,21,0.11913973275619673,0.11515255781305075,0.1870264447358408,0.0943352749049347,0.0952498824066268,0.09988655853806637,2.5019343878801314,3.927555339452657,5.362948162687396,3959.036,188.5255238095238,0.0,0.11433287974677374,0.1698614890180291,0.059238095238095236,0.023238095238095238,0.09390476190476191,0.0,0.0820952380952381,0.21961904761904763,0.1619047619047619,0.0,0.0,0.0,0.10038095238095239,0.0,0.03219047619047619,0.06152380952380952,0.001142857142857143,0.16476190476190475,S-DIAB__ML_K4_marginals,E2.2
ORACLE-CL,30,0.09175725338138445,0.08445754392481761,0.14355764525862408,0.07244691929499923,0.06658705018709819,0.07628452270200264,2.7527176014415335,4.306729357758722,6.654530072171304,5682.472,189.41573333333332,0.0,0.09920610443549308,0.1415880946792128,0.0456,0.029866666666666666,0.09413333333333333,0.0,0.07293333333333334,0.2276,0.1516,0.0,0.0,0.0,0.08533333333333333,0.0,0.030266666666666667,0.07266666666666667,0.0016,0.1884,S-DIAB__ML_K4_marginals,E2.2
ORACLE-CL,44,0.06848195490724314,0.064238008650221,0.10809414943552877,0.05289726787764988,0.04935125467971843,0.05838144466679007,3.013206015918698,4.756142575163265,7.481831687612265,8360.268,190.00609090909091,0.0,0.08528261641948674,0.11554045637185946,0.03563636363636364,0.03518181818181818,0.09327272727272727,0.0,0.06054545454545455,0.23363636363636361,0.14127272727272727,0.0,0.0,0.0,0.07627272727272727,0.0,0.030545454545454546,0.07827272727272727,0.002272727272727273,0.21309090909090908,S-DIAB__ML_K4_marginals,E2.2
ORACLE-CL,63,0.05165158664615795,0.047999550740594796,0.08148379893433069,0.04075949229802236,0.03719841548187407,0.04396116138518399,3.254049958707951,5.133479332862834,8.435863243028898,11946.704,189.63022222222222,0.0,0.07528761444952146,0.09689490781517344,0.030349206349206348,0.043428571428571434,0.08965079365079365,0.0,0.05123809523809524,0.23974603174603173,0.13663492063492064,0.0,0.0,0.0,0.06825396825396825,0.0,0.029142857142857144,0.08228571428571428,0.0024126984126984128,0.22685714285714284,S-DIAB__ML_K4_marginals,E2.2
ORACLE-CL,91,0.038214940290476805,0.034199578612181494,0.06768911073497631,0.029917170680589685,0.027392910992959003,0.0326987116580342,3.4775595664333885,6.159709076882844,11.274038381500722,17207.3,189.09120879120877,0.0,0.06668552207501788,0.08119544691653507,0.02646153846153846,0.05156043956043956,0.09164835164835165,0.0,0.044791208791208785,0.24184615384615385,0.12896703296703296,0.0,0.0,0.0,0.0603956043956044,0.0,0.02918681318681319,0.08993406593406593,0.0027252747252747254,0.23248351648351648,S-DIAB__ML_K4_marginals,E2.2
ORACLE-CL,132,0.029489591347989702,0.02611717519211327,0.05127393219664557,0.022721626083789477,0.021656808813553242,0.02505221850353514,3.892626057934641,6.768159049957214,16.482143020255467,24872.016,188.42436363636364,0.0,0.057251624554366276,0.06927342843132533,0.024090909090909093,0.05918181818181818,0.09306060606060607,0.0,0.04072727272727273,0.24175757575757575,0.12430303030303032,0.0,0.0,0.0,0.054818181818181815,0.0,0.028212121212121213,0.09306060606060607,0.0032727272727272726,0.2375151515151515,S-DIAB__ML_K4_marginals,E2.2
ORACLE-CL,191,0.020922949012915686,0.018782015153429053,0.0348117076956635,0.016448716272079562,0.0138329433212335,0.017668747374073434,3.996283261466896,6.649036169871729,13.202706575777164,35873.876,187.8213403141361,0.0,0.04972449294998975,0.05737077933404525,0.023183246073298427,0.06483769633507853,0.09174869109947645,0.0,0.036921465968586385,0.23821989528795812,0.1187434554973822,0.0,0.0,0.0,0.051685863874345546,0.0,0.027979057591623037,0.09935078534031413,0.0031413612565445023,0.24418848167539267,S-DIAB__ML_K4_marginals,E2.2
ORACLE-CL,275,0.0142125195437437,0.012572171564963494,0.026208952909591816,0.010960204288973603,0.009535596692341082,0.012297750395904859,3.9084428745295168,7.2074620501377495,14.153382840822315,51624.168,187.72424727272727,0.0,0.04286630865749328,0.047106220098044736,0.022676363636363637,0.06610909090909091,0.09003636363636364,0.0,0.03485090909090909,0.24084363636363637,0.1126109090909091,0.0,0.0,0.0,0.04928,0.0,0.027447272727272726,0.10145454545454545,0.0030545454545454543,0.25163636363636366,S-DIAB__ML_K4_marginals,E2.2
ORACLE-CL,398,0.010086893522487043,0.00873346106450321,0.018509386585065696,0.007865682600042579,0.006648842218732987,0.00853959783670042,4.014583621949843,7.3667358608561475,16.17917992454298,74805.26,187.9529145728643,0.0,0.03623495532391925,0.03900174627078612,0.022321608040201005,0.06466331658291458,0.09174874371859296,0.0,0.031728643216080404,0.24153768844221107,0.10798994974874371,0.0,0.0,0.0,0.046844221105527634,0.0,0.027467336683417085,0.11074371859296482,0.002894472361809045,0.25206030150753767,S-DIAB__ML_K4_marginals,E2.2
ORACLE-CL,575,0.007441969860710657,0.006439263802665473,0.012824587004286908,0.005820869472678057,0.00562898247443178,0.006325229709192502,4.279132669908628,7.374137527464972,14.306020089044367,108051.124,187.91499826086957,0.0,0.03150391714777594,0.03335464642437269,0.022267826086956523,0.06501565217391304,0.09393391304347826,0.0,0.029954782608695652,0.24277565217391306,0.10409739130434782,0.0,0.0,0.0,0.044285217391304345,0.0,0.027095652173913045,0.11368347826086955,0.0027686956521739132,0.2541217391304348,S-DIAB__ML_K4_marginals,E2.2
ORACLE-CL,832,0.00486371849330321,0.0041875039174541304,0.008752194864229203,0.0037478189912605897,0.0034596462881100244,0.004163514432462978,4.04661378642827,7.281826127038697,12.354936373172071,155911.428,187.39354326923078,0.0,0.026763733911800213,0.027782104627364825,0.022230769230769228,0.06915865384615384,0.09265384615384614,0.0,0.028639423076923076,0.24339423076923075,0.10372596153846153,0.0,0.0,0.0,0.04374519230769231,0.0,0.026721153846153846,0.11335096153846155,0.0027451923076923074,0.2536346153846154,S-DIAB__ML_K4_marginals,E2.2
ORACLE-CL,1202,0.003384524339937707,0.0030657539742171766,0.006374535950639542,0.0026134259022651857,0.0024162237866544992,0.002874693897738276,4.0681982566051245,7.662192212668729,12.816985084603926,224487.844,186.76193344425957,0.0,0.02270941467415149,0.023328965685327975,0.024309484193011648,0.07205324459234609,0.09045257903494176,0.0,0.027341098169717137,0.24197004991680535,0.10401996672212978,0.0,0.0,0.0,0.04246921797004992,0.0,0.02712479201331115,0.11387021630615642,0.0026455906821963395,0.25374376039933444,S-DIAB__ML_K4_marginals,E2.2
ORACLE-CL,1738,0.0023799740007019246,0.002106849159565908,0.004039284240352784,0.00181184882300998,0.0016465054997180707,0.002036749560055708,4.136394813219946,7.02027600973314,10.593583004635414,324210.532,186.5423084004603,0.0,0.018666612097314014,0.018980143419840736,0.02420253164556962,0.07388952819332566,0.0901150747986191,0.0,0.027300345224395856,0.24225776754890677,0.10425316455696203,0.0,0.0,0.0,0.04194476409666283,0.0,0.026962025316455696,0.1132819332566168,0.0025845799769850402,0.2532082853855006,S-DIAB__ML_K4_marginals,E2.2
ORACLE-CL,2512,0.001666332713957181,0.0014381088495246642,0.0028322861295728753,0.001299584533248027,0.0011336903115959983,0.001416799653614079,4.18582777746044,7.114702757487063,14.555080425455378,469068.148,186.73095063694268,0.0,0.015433465395844344,0.01566636742164353,0.024328025477707006,0.07227866242038217,0.08982165605095542,0.0,0.026757961783439487,0.24344585987261144,0.10329617834394905,0.0,0.0,0.0,0.041347133757961785,0.0,0.02677229299363057,0.11523566878980891,0.00260828025477707,0.2541082802547771,S-DIAB__ML_K4_marginals,E2.2
ORACLE-CL,3631,0.0010669555645818935,0.0009213943327612991,0.001908514521982139,0.0008081363097293488,0.0006857230205210996,0.0009268401880433584,3.874115654996855,6.929816229317147,14.674016593221266,677854.84,186.6854420269898,0.0,0.012680286666288614,0.012749540937761292,0.025043238777196365,0.0719217846323327,0.08870063343431561,0.0,0.026675846874139354,0.2433930046819058,0.10364417515835858,0.0,0.0,0.0,0.041295510878545855,0.0,0.026932525475075738,0.11497438722115119,0.002577802258331038,0.25484109060864774,S-DIAB__ML_K4_marginals,E2.2
ORACLE-CL,5248,0.0007813916461989062,0.0006891121569264915,0.001414393838669695,0.0005997681347167576,0.000489041691707577,0.0006738027821475008,4.10074335925186,7.42273886533856,14.520942901677534,979641.944,186.66957774390244,0.0,0.01043876187931789,0.010502401914546971,0.024689786585365855,0.0724001524390244,0.0883795731707317,0.0,0.026512957317073167,0.24363948170731706,0.10349237804878049,0.0,0.0,0.0,0.04147408536585366,0.0,0.026947408536585362,0.11385289634146341,0.002620426829268293,0.2559908536585366,S-DIAB__ML_K4_marginals,E2.2
ORACLE-CL,7586,0.0005732147107770815,0.00047425055303171077,0.0010313938613625946,0.000438647948806673,0.0003929383916619109,0.0004904049201270872,4.34840679595494,7.824153832296641,11.936055091357108,1415724.932,186.62337621935143,0.0,0.008910123447914784,0.008924919773252845,0.024655417875032955,0.07279831268125495,0.08815396783548642,0.0,0.02681729501713683,0.2434764039019246,0.10343052992354337,0.0,0.0,0.0,0.041590297917215927,0.0,0.026925916161349855,0.11414342209332982,0.0026422356973372003,0.2553662008963881,S-DIAB__ML_K4_marginals,E2.2
ORACLE-CL,10965,0.000377094228692034,0.00035201258143389383,0.0006676880179240264,0.0002914787777728556,0.00024663944621949456,0.0003229665393580412,4.134838217608154,7.321199116536949,13.016122038191424,2044784.068,186.4828151390789,0.0,0.007528445525400132,0.007539562754265399,0.025061194710442315,0.07349931600547195,0.08770597355221159,0.0,0.02673233014135887,0.24346374829001366,0.10419151846785225,0.0,0.0,0.0,0.041550752393980844,0.0,0.02707450980392157,0.1139297765617875,0.0026531691746466027,0.25413771089831283,S-DIAB__ML_K4_marginals,E2.2
ORACLE-CL,15849,0.0002596674354058164,0.0002273389189425174,0.000468778948661592,0.000198982974857827,0.00014699173303767978,0.00022415166045532898,4.115469183746784,7.4296775573375715,13.997249963678728,2954622.468,186.42327389740677,0.0,0.006212818897546224,0.0062266927623077445,0.025299261783077797,0.07373007760742002,0.08712549687677457,0.0,0.02664395229982964,0.24283248154457696,0.10407445264685469,0.0,0.0,0.0,0.04151959114139693,0.0,0.02714619218878163,0.11443169916083033,0.0026906429427724144,0.25450615180768504,S-DIAB__ML_K4_marginals,E2.2
ORACLE-CL,22909,0.00018829055623259766,0.00015552728392505445,0.0003331116123841487,0.0001459567850842622,0.00012488716036457227,0.00016019174628509209,4.31354835273258,7.631253928108462,16.19524967639696,4270656.372,186.41827980269764,0.0,0.005166773512925934,0.005170692049164985,0.025090924963987953,0.07397773800689686,0.087052948622812,0.0,0.026441311275044743,0.2427601379370553,0.103935396569034,0.0,0.0,0.0,0.04170710201230957,0.0,0.027067091536077528,0.1137205465101052,0.0027514077436815226,0.2554953948229953,S-DIAB__ML_K4_marginals,E2.2
ORACLE-CL,33113,0.00011833019584111528,0.00010417006702079419,0.00020605570399107682,9.013796399815393e-05,8.648142759791407e-05,0.00010167185228098421,3.91826777488685,6.823122526256527,14.804301493400992,6175494.432,186.49758197686708,0.0,0.004159251157309951,0.004163110767534244,0.02510119892489355,0.07334303747772779,0.08733440038655513,0.0,0.026506206021804125,0.24282004046749012,0.10377724760668017,0.0,0.0,0.0,0.04170289614350859,0.0,0.027118654304955758,0.11393241325159302,0.0027627819889469393,0.2556011234258448,S-DIAB__ML_K4_marginals,E2.2
ORACLE-CL,47863,8.520326286326161e-05,7.277950124686975e-05,0.00015152956380206633,6.564992491455919e-05,5.854761476551915e-05,7.262897746366728e-05,4.078083770424291,7.252659512258302,13.790241650300535,8925985.848,186.49031293483483,0.0,0.0035377113184910094,0.0035411284577645283,0.025104903578964964,0.07339656937509141,0.08725896830537157,0.0,0.026537743141884125,0.24282213818607276,0.10385341495518459,0.0,0.0,0.0,0.04173754256941688,0.0,0.027109541817270127,0.11391747278691264,0.0027520213943965067,0.2555096838894344,S-DIAB__ML_K4_marginals,E2.2
ORACLE-CL,69183,5.977738162823196e-05,5.324650041887298e-05,0.00010779713467693096,4.587761383179122e-05,4.230157280059459e-05,5.092439086480113e-05,4.135578593185972,7.457729168354113,12.910478455606157,12896951.888,186.41793342295074,0.0,0.002997159291118454,0.0029960694817863544,0.025277828368240753,0.07379356200222599,0.08706977147565152,0.0,0.026444299900264517,0.24254871861584493,0.10380174320280994,0.0,0.0,0.0,0.04162432967636558,0.0,0.027075437607504735,0.11468719194021654,0.0027505601086972235,0.25492655710217826,S-DIAB__ML_K4_marginals,E2.2
ORACLE-CL,100000,4.211564872213314e-05,3.825090244842354e-05,7.366443921714055e-05,3.246633203973835e-05,3.038352043154585e-05,3.620915057237862e-05,4.211564872213314,7.366443921714055,12.260973104482638,18643260.832,186.43260831999999,0.0,0.002454593244788147,0.002454272235437622,0.025205,0.07375084,0.08712896,0.0,0.0264656,0.24259632,0.10379464,0.0,0.0,0.0,0.04148156,0.0,0.02710412,0.11519576,0.0027406799999999997,0.25453652,S-DIAB__ML_K4_marginals,E2.2
ORACLE-OL,10,0.2673194253633426,0.2537606981125015,0.4006961771465316,0.21396778056978127,0.20007961647956846,0.22264571121281362,2.6731942536334254,4.006961771465316,5.484032742614039,1228.0,122.8,0.0,0.04130732451780066,0.26518363775802495,0.6,0.0,0.0,0.0,0.1,0.0,0.0,0.0,0.0,0.0,0.1,0.0,0.0,0.2,0.0,0.0,S-DIAB__ML_K4_marginals,E2.2
ORACLE-OL,14,0.2225255025954025,0.20978595207210837,0.3304967919161253,0.17623591188624693,0.16939875211885358,0.18759940579984938,3.1153570363356353,4.626955086825754,6.8224179980729005,1770.0,126.42857142857143,0.0,0.01792121730514618,0.22320936454898424,0.5714285714285714,0.0,0.0,0.0,0.07142857142857142,0.0,0.07142857142857142,0.0,0.0,0.0,0.07142857142857142,0.0,0.0,0.21428571428571427,0.0,0.0,S-DIAB__ML_K4_marginals,E2.2
ORACLE-OL,21,0.18350422415329326,0.17668630792420198,0.26978851738764503,0.1431491139108033,0.13740475912130054,0.15570150280880024,3.853588707219158,5.665558865140546,9.732092987515593,2528.0,120.38095238095238,0.0,0.011218680920828424,0.18331359430042132,0.6190476190476191,0.0,0.0,0.0,0.09523809523809523,0.0,0.047619047619047616,0.0,0.0,0.0,0.047619047619047616,0.0,0.0,0.19047619047619047,0.0,0.0,S-DIAB__ML_K4_marginals,E2.2
ORACLE-OL,30,0.15180679706304787,0.1444957620243102,0.2357364830306876,0.11825659841544431,0.10407142578796728,0.1287488808854435,4.554203911891436,7.072094490920628,10.381947041975845,3684.0,122.8,0.0,0.009012153806790633,0.1515659239244225,0.6,0.0,0.0,0.0,0.1,0.0,0.03333333333333333,0.0,0.0,0.0,0.06666666666666667,0.0,0.0,0.2,0.0,0.0,S-DIAB__ML_K4_marginals,E2.2
ORACLE-OL,44,0.12414612613156141,0.1208303875333237,0.181350382191371,0.09746511540006879,0.09098870738865938,0.1039483673027297,5.462429549788703,7.979416816420325,13.202871789163526,5454.0,123.95454545454545,0.0,0.0073910952953770296,0.12382149058908379,0.5909090909090909,0.0,0.0,0.0,0.11363636363636363,0.0,0.045454545454545456,0.0,0.0,0.0,0.06818181818181818,0.0,0.0,0.18181818181818182,0.0,0.0,S-DIAB__ML_K4_marginals,E2.2
ORACLE-OL,63,0.10126670699468177,0.09735829214425246,0.14853883739022689,0.07859623561951141,0.07271044176868849,0.08552176204559087,6.379802540664951,9.357946755584294,14.457806305410985,7838.0,124.41269841269842,0.0,0.0044804810806177075,0.10103990591946939,0.5873015873015873,0.0,0.0,0.0,0.1111111111111111,0.0,0.047619047619047616,0.0,0.0,0.0,0.06349206349206349,0.0,0.0,0.19047619047619047,0.0,0.0,S-DIAB__ML_K4_marginals,E2.2
ORACLE-OL,91,0.08444813895276881,0.08103884720697437,0.13007497112736185,0.06679035356653894,0.06140101317936135,0.0710347447723679,7.684780644701962,11.836822372589927,16.61763939171311,11251.0,123.63736263736264,0.0,0.004364338542045841,0.08433895184305606,0.5934065934065934,0.0,0.0,0.0,0.10989010989010989,0.0,0.04395604395604396,0.0,0.0,0.0,0.054945054945054944,0.0,0.0,0.1978021978021978,0.0,0.0,S-DIAB__ML_K4_marginals,E2.2
ORACLE-OL,132,0.07137164908551087,0.07022686860716873,0.10928188974733619,0.05577291928893718,0.05295068655073471,0.06015191212181136,9.421057679287435,14.425209446648378,20.77686667249318,16362.0,123.95454545454545,0.0,0.0017832172759867427,0.07126967586010534,0.5909090909090909,0.0,0.0,0.0,0.10606060606060606,0.0,0.045454545454545456,0.0,0.0,0.0,0.06060606060606061,0.0,0.0,0.19696969696969696,0.0,0.0,S-DIAB__ML_K4_marginals,E2.2
ORACLE-OL,191,0.058704083070268226,0.05558769345926465,0.08747347132946433,0.04599404203450003,0.0444230013214786,0.049559084096072556,11.21247986642123,16.70743302392769,25.27920938562944,23658.0,123.86387434554973,0.0,0.0020328142825337824,0.05872387791122276,0.5916230366492147,0.0,0.0,0.0,0.1099476439790576,0.0,0.041884816753926704,0.0,0.0,0.0,0.05759162303664921,0.0,0.0,0.19895287958115182,0.0,0.0,S-DIAB__ML_K4_marginals,E2.2
ORACLE-OL,275,0.049472923927026145,0.04689525126712874,0.07224718661423936,0.038412181415032165,0.03519419986573619,0.04194561386455196,13.605054079932192,19.867976318915822,28.347923964778403,34024.0,123.72363636363636,0.0,0.0017981737929928163,0.049457701270111246,0.5927272727272728,0.0,0.0,0.0,0.10909090909090909,0.0,0.04363636363636364,0.0,0.0,0.0,0.05818181818181818,0.0,0.0,0.19636363636363635,0.0,0.0,S-DIAB__ML_K4_marginals,E2.2
ORACLE-OL,398,0.04070407769985811,0.040140678888932704,0.05998100029574813,0.03187118787347613,0.031774470359436646,0.03432255693849686,16.200222924543525,23.872438117707752,34.19534573254334,49230.0,123.69346733668341,0.0,0.0008639898227144662,0.04070126787982012,0.592964824120603,0.0,0.0,0.0,0.10804020100502512,0.0,0.04020100502512563,0.0,0.0,0.0,0.06030150753768844,0.0,0.0,0.1984924623115578,0.0,0.0,S-DIAB__ML_K4_marginals,E2.2
ORACLE-OL,575,0.03394811602360438,0.033469928824522946,0.05026416853048981,0.02684188344640736,0.02552070115028588,0.02854800802997254,19.52016671357252,28.901896905031638,41.713774958349575,71118.0,123.68347826086956,0.0,0.00048243620013113675,0.03395368856691063,0.5930434782608696,0.0,0.0,0.0,0.10782608695652174,0.0,0.04173913043478261,0.0,0.0,0.0,0.059130434782608696,0.0,0.0,0.19826086956521738,0.0,0.0,S-DIAB__ML_K4_marginals,E2.2
ORACLE-OL,832,0.027817289898858094,0.027657814219410874,0.041071621544072144,0.02182328589453665,0.020512308787260812,0.023542262563440473,23.143985195849933,34.171589124668024,46.564855177428704,102957.0,123.74639423076923,0.0,0.0007350338450649763,0.02780745532509934,0.5925480769230769,0.0,0.0,0.0,0.10817307692307693,0.0,0.042067307692307696,0.0,0.0,0.0,0.05889423076923077,0.0,0.0,0.19831730769230768,0.0,0.0,S-DIAB__ML_K4_marginals,E2.2
ORACLE-OL,1202,0.022711750962529472,0.0216024582270797,0.03443094131432658,0.018047259237255663,0.01739126538399225,0.01904613767098982,27.299524656960426,41.385991459820545,62.65848534532526,148774.0,123.7720465890183,0.0,0.0001626663957681982,0.022715327440859412,0.5923460898502496,0.0,0.0,0.0,0.10815307820299501,0.0,0.04159733777038269,0.0,0.0,0.0,0.059900166389351084,0.0,0.0,0.19800332778702162,0.0,0.0,S-DIAB__ML_K4_marginals,E2.2
ORACLE-OL,1738,0.01882005459200749,0.01747065930739004,0.029647244639424634,0.014952079610083395,0.013888592313860328,0.015787649658221825,32.709254880909015,51.52691118332002,78.4649815982916,215179.0,123.8084004602992,0.0,0.00012625541893162445,0.018824011408589955,0.5920598388952819,0.0,0.0,0.0,0.10817031070195628,0.0,0.04142692750287687,0.0,0.0,0.0,0.05983889528193326,0.0,0.0,0.19850402761795166,0.0,0.0,S-DIAB__ML_K4_marginals,E2.2
ORACLE-OL,2512,0.01572825608188259,0.015354918281799614,0.02418207671469871,0.012392387956613779,0.01187257831728813,0.013247782097618678,39.50937927768907,60.74537670732316,76.42548297512401,310912.0,123.77070063694268,0.0,7.931080503058187e-05,0.01572743709571231,0.5923566878980892,0.0,0.0,0.0,0.10828025477707007,0.0,0.041401273885350316,0.0,0.0,0.0,0.059713375796178345,0.0,0.0,0.1982484076433121,0.0,0.0,S-DIAB__ML_K4_marginals,E2.2
ORACLE-OL,3631,0.01295240060413057,0.012462535412404122,0.020098734741015308,0.010142865076818698,0.009735716448664621,0.010975858952078418,47.0301665935981,72.9785058446266,110.63825194314398,449392.0,123.76535389699808,0.0,7.456399462513504e-05,0.012952824542913669,0.5923987882126136,0.0,0.0,0.0,0.10795923987882126,0.0,0.041586339851280636,0.0,0.0,0.0,0.059763150647204624,0.0,0.0,0.19829248141007988,0.0,0.0,S-DIAB__ML_K4_marginals,E2.2
ORACLE-OL,5248,0.011102462432326777,0.01084185546404557,0.01672162889914816,0.008801495480391042,0.008384146341463453,0.009383303731367918,58.26572284485093,87.75510846272955,126.40459014336324,649509.0,123.76314786585365,0.0,5.5436652912154574e-05,0.011102834951851853,0.5924161585365854,0.0,0.0,0.0,0.10804115853658537,0.0,0.041539634146341466,0.0,0.0,0.0,0.059641768292682924,0.0,0.0,0.19836128048780488,0.0,0.0,S-DIAB__ML_K4_marginals,E2.2
ORACLE-OL,7586,0.009319518764634145,0.009201591954611366,0.013715227980847152,0.0072752956985589,0.006951419332052091,0.00786087050498184,70.69786934851462,104.0437194627065,144.4605154086514,939003.0,123.7810440284735,0.0,1.7234013218831474e-05,0.009318935838115138,0.5922752438702874,0.0,0.0,0.0,0.10809385710519377,0.0,0.04152385974162932,0.0,0.0,0.0,0.05971526496177169,0.0,0.0,0.19839177432111785,0.0,0.0,S-DIAB__ML_K4_marginals,E2.2
ORACLE-OL,10965,0.00776284430077448,0.007513824134540401,0.011714165788131805,0.006029033498204323,0.0056171829928436025,0.006599446696078762,85.11958775799216,128.44582786686524,188.61752920647726,1357170.0,123.77291381668947,0.0,2.91862820666085e-05,0.007763153249847515,0.5923392612859097,0.0,0.0,0.0,0.10807113543091655,0.0,0.04158686730506156,0.0,0.0,0.0,0.05973552211582307,0.0,0.0,0.1982672138622891,0.0,0.0,S-DIAB__ML_K4_marginals,E2.2
ORACLE-OL,15849,0.0061833224843199424,0.0058166015042198736,0.00958031182001839,0.0048570103014905185,0.004571614363283049,0.005253434147380682,97.99947805398678,151.83836203547145,223.12490702558696,1961675.0,123.77279323616632,0.0,1.7070698464149556e-05,0.006183173975999121,0.5923402107388479,0.0,0.0,0.0,0.10808252886617452,0.0,0.04157991040444192,0.0,0.0,0.0,0.05968830841062528,0.0,0.0,0.19830904157991042,0.0,0.0,S-DIAB__ML_K4_marginals,E2.2
ORACLE-OL,22909,0.0053477657328763134,0.005252248191012838,0.007937882531950236,0.004212494673186616,0.004025991836694567,0.0044965689272673795,122.51196517446344,181.84895092444793,286.5964416816627,2835628.0,123.77790388057096,0.0,9.289806024770225e-06,0.00534815752324134,0.5922999694443232,0.0,0.0,0.0,0.10807979396743637,0.0,0.04155572045920817,0.0,0.0,0.0,0.05971452267667729,0.0,0.0,0.19834999345235496,0.0,0.0,S-DIAB__ML_K4_marginals,E2.2
ORACLE-OL,33113,0.004333992688709772,0.004118099090660841,0.006392209943690568,0.0034177106234419235,0.0032419694489149884,0.003635346992087864,143.51149990124665,211.66524786542575,401.9535493797469,4098636.0,123.77724760668015,0.0,2.2107522729598782e-06,0.00433394382325959,0.5923051369552743,0.0,0.0,0.0,0.10808443813607949,0.0,0.04155467641107722,0.0,0.0,0.0,0.05970464772143871,0.0,0.0,0.19835110077613022,0.0,0.0,S-DIAB__ML_K4_marginals,E2.2
ORACLE-OL,47863,0.0036524727013524483,0.0036630545996488824,0.00527142192912172,0.002922670974555511,0.002811413426733248,0.003055169162474306,174.81830090483223,252.30606779355284,386.34524282325657,5924287.0,123.77592294674383,0.0,7.853083399611379e-06,0.0036528100688793907,0.5923155673484738,0.0,0.0,0.0,0.10807930969642521,0.0,0.04155610805841673,0.0,0.0,0.0,0.0597120949376345,0.0,0.0,0.19833691995904978,0.0,0.0,S-DIAB__ML_K4_marginals,E2.2
ORACLE-OL,69183,0.0030648585400836997,0.0029805956346999367,0.0045010379202409445,0.00241555991646714,0.002291937473075564,0.0025612393859119724,212.03610837861058,311.3953064360293,439.7841544067421,8563211.0,123.77623115505254,0.0,5.661488312225789e-06,0.003065002643904729,0.5923131405113973,0.0,0.0,0.0,0.10809013775060347,0.0,0.04155645172947111,0.0,0.0,0.0,0.05971120072850267,0.0,0.0,0.19832906928002544,0.0,0.0,S-DIAB__ML_K4_marginals,E2.2
ORACLE-OL,100000,0.0024645514504108386,0.002436002663703481,0.0035846415770733747,0.001935143684717006,0.001856908172655541,0.0020787474650120633,246.45514504108388,358.46415770733745,535.6158129126983,12377536.0,123.77536,0.0,4.160825812993036e-06,0.002464521407903275,0.59232,0.0,0.0,0.0,0.10809,0.0,0.04156,0.0,0.0,0.0,0.0597,0.0,0.0,0.19833,0.0,0.0,S-DIAB__ML_K4_marginals,E2.2
ETC(eps=0.1),10,0.25872232622792674,0.25431366305408787,0.37764979008709487,0.19960472002924595,0.19992038352043154,0.22219827314797289,2.5872232622792666,3.776497900870949,5.838538393546941,1736.0,173.6,0.0,0.060835159673173024,0.2524383181888736,0.1,0.1,0.1,0.1,0.1,0.1,0.1,0.1,0.1,0.1,0.0,0.0,0.0,0.0,0.0,0.0,S-DIAB__ML_K4_marginals,E2.2
ETC(eps=0.1),14,0.21932057284186401,0.20887582007396327,0.337299743454965,0.17046049651312198,0.16667845383519822,0.18652671057824244,3.0704880197860964,4.722196408369509,6.73770220460114,2532.0,180.85714285714286,0.0,0.047433944561106126,0.21381625119852954,0.07142857142857142,0.07142857142857142,0.07142857142857142,0.07142857142857142,0.07142857142857142,0.07142857142857142,0.07142857142857142,0.07142857142857142,0.07142857142857142,0.07142857142857142,0.07142857142857142,0.07142857142857142,0.07142857142857142,0.07142857142857142,0.0,0.0,S-DIAB__ML_K4_marginals,E2.2
ETC(eps=0.1),21,0.1840929855421889,0.17635428621617713,0.2718802009836448,0.1440585791305045,0.13740475912130062,0.15539323095732105,3.8659526963859667,5.709484220656541,9.456499429812068,3671.0,174.8095238095238,0.0,0.04942697897003822,0.17660672200685423,0.09523809523809523,0.09523809523809523,0.09523809523809523,0.09523809523809523,0.09523809523809523,0.047619047619047616,0.047619047619047616,0.047619047619047616,0.047619047619047616,0.047619047619047616,0.047619047619047616,0.047619047619047616,0.047619047619047616,0.047619047619047616,0.047619047619047616,0.047619047619047616,S-DIAB__ML_K4_marginals,E2.2
ETC(eps=0.1),30,0.15177852913751655,0.14667781022790255,0.22104771426459982,0.11926338024320259,0.11147246680093045,0.12842977302194505,4.553355874125496,6.631431427937995,9.686666507374532,5462.0,182.06666666666666,0.0,0.045179004451061974,0.14485580118310337,0.06666666666666667,0.06666666666666667,0.06666666666666667,0.06666666666666667,0.06666666666666667,0.06666666666666667,0.06666666666666667,0.06666666666666667,0.06666666666666667,0.06666666666666667,0.06666666666666667,0.06666666666666667,0.06666666666666667,0.06666666666666667,0.03333333333333333,0.03333333333333333,S-DIAB__ML_K4_marginals,E2.2
ETC(eps=0.1),44,0.12866528316624726,0.12208361031555537,0.19492288225163237,0.10215292098445297,0.09744372572718422,0.10832737040348174,5.66127245931488,8.576606819071825,11.4629852835746,7994.0,181.6818181818182,0.0,0.049186184184967945,0.11895023535013255,0.06818181818181818,0.06818181818181818,0.06818181818181818,0.06818181818181818,0.06818181818181818,0.06818181818181818,0.06818181818181818,0.06818181818181818,0.06818181818181818,0.06818181818181818,0.06818181818181818,0.06818181818181818,0.045454545454545456,0.045454545454545456,0.045454545454545456,0.045454545454545456,S-DIAB__ML_K4_marginals,E2.2
ETC(eps=0.1),63,0.10829407400756069,0.10778607546558344,0.1535432217316475,0.08510831502305734,0.0829010382295019,0.09194029046606662,6.8225266624763234,9.673222969093791,14.389379340142364,11521.0,182.87301587301587,0.0,0.046033547500474385,0.09834877723685635,0.06349206349206349,0.06349206349206349,0.06349206349206349,0.06349206349206349,0.06349206349206349,0.06349206349206349,0.06349206349206349,0.06349206349206349,0.06349206349206349,0.06349206349206349,0.06349206349206349,0.06349206349206349,0.06349206349206349,0.06349206349206349,0.06349206349206349,0.047619047619047616,S-DIAB__ML_K4_marginals,E2.2
ETC(eps=0.1),91,0.09435366502637027,0.09128899940761195,0.14002707973213,0.07339747987673044,0.06772344600690453,0.08048316500691631,8.586183517399695,12.742464255623828,16.56396139943588,16585.0,182.25274725274724,0.0,0.04657011055845914,0.08273931387677305,0.06593406593406594,0.06593406593406594,0.06593406593406594,0.06593406593406594,0.06593406593406594,0.06593406593406594,0.06593406593406594,0.06593406593406594,0.06593406593406594,0.06593406593406594,0.06593406593406594,0.054945054945054944,0.054945054945054944,0.054945054945054944,0.054945054945054944,0.054945054945054944,S-DIAB__ML_K4_marginals,E2.2
ETC(eps=0.1),132,0.08052565404432431,0.07930331617464204,0.11465016116158679,0.06328429736073185,0.05956493784839636,0.0679947181406009,10.629386333850807,15.133821273329456,21.606823617550585,23982.0,181.6818181818182,0.0,0.0424689950244689,0.06831158755458008,0.06818181818181818,0.06818181818181818,0.06818181818181818,0.06818181818181818,0.06060606060606061,0.06060606060606061,0.06060606060606061,0.06060606060606061,0.06060606060606061,0.06060606060606061,0.06060606060606061,0.06060606060606061,0.06060606060606061,0.06060606060606061,0.06060606060606061,0.06060606060606061,S-DIAB__ML_K4_marginals,E2.2
ETC(eps=0.1),191,0.07225916915742969,0.0718506844129658,0.10447911629004787,0.05694928145097145,0.055608895121660326,0.06105252867067056,13.801501309069074,19.955511211399145,28.2178816765651,34961.0,183.04188481675394,0.0,0.04461256712534782,0.05851780749595352,0.06282722513089005,0.06282722513089005,0.06282722513089005,0.06282722513089005,0.06282722513089005,0.06282722513089005,0.06282722513089005,0.06282722513089005,0.06282722513089005,0.06282722513089005,0.06282722513089005,0.06282722513089005,0.06282722513089005,0.06282722513089005,0.06282722513089005,0.05759162303664921,S-DIAB__ML_K4_marginals,E2.2
ETC(eps=0.1),275,0.06454511990309582,0.06450617945526994,0.08972292958226075,0.05032316213605124,0.04926190754536638,0.055041817247258686,17.74990797335135,24.673805635121706,41.145025688159066,50153.0,182.37454545454545,0.0,0.04343411747375841,0.049935573307136535,0.06545454545454546,0.06545454545454546,0.06545454545454546,0.06181818181818182,0.06181818181818182,0.06181818181818182,0.06181818181818182,0.06181818181818182,0.06181818181818182,0.06181818181818182,0.06181818181818182,0.06181818181818182,0.06181818181818182,0.06181818181818182,0.06181818181818182,0.06181818181818182,S-DIAB__ML_K4_marginals,E2.2
ETC(eps=0.1),398,0.05855665891349851,0.05737415049066531,0.08411280465068853,0.044973449511841734,0.04377061141533593,0.05031674478734288,23.305550247572405,33.476896250974036,44.28423943733544,72852.0,183.04522613065328,0.0,0.04399745636500361,0.04105851192069172,0.06281407035175879,0.06281407035175879,0.06281407035175879,0.06281407035175879,0.06281407035175879,0.06281407035175879,0.06281407035175879,0.06281407035175879,0.06281407035175879,0.06281407035175879,0.06281407035175879,0.06281407035175879,0.06281407035175879,0.06281407035175879,0.06030150753768844,0.06030150753768844,S-DIAB__ML_K4_marginals,E2.2
ETC(eps=0.1),575,0.05358924249272164,0.05344366644955929,0.07197173274600523,0.0408394968474243,0.03882712493667066,0.04654270364979707,30.813814433314942,41.38374632895301,59.86101664623537,105281.0,183.09739130434784,0.0,0.04415443208708765,0.03324663880633234,0.06260869565217392,0.06260869565217392,0.06260869565217392,0.06260869565217392,0.06260869565217392,0.06260869565217392,0.06260869565217392,0.06260869565217392,0.06260869565217392,0.06260869565217392,0.06260869565217392,0.06260869565217392,0.06260869565217392,0.06260869565217392,0.06260869565217392,0.06086956521739131,S-DIAB__ML_K4_marginals,E2.2
ETC(eps=0.1),832,0.0514704013396689,0.05125320653612544,0.06861883632094055,0.03925405568668394,0.038877292160750476,0.04486027958595413,42.823373914604524,57.09087181902254,70.43323992513429,152360.0,183.125,0.0,0.04392828232914947,0.0281144884899041,0.0625,0.0625,0.0625,0.0625,0.0625,0.0625,0.0625,0.0625,0.0625,0.0625,0.0625,0.0625,0.0625,0.0625,0.0625,0.0625,S-DIAB__ML_K4_marginals,E2.2
ETC(eps=0.1),1202,0.04932042390192015,0.04945201286775631,0.06274348439109138,0.037206134926405135,0.03670324463133325,0.043284299555935976,59.28314953010801,75.41766823809185,94.32843929213242,219894.0,182.94009983361065,0.0,0.04373097525326468,0.02257404752914221,0.0632279534109817,0.0632279534109817,0.06239600665557404,0.06239600665557404,0.06239600665557404,0.06239600665557404,0.06239600665557404,0.06239600665557404,0.06239600665557404,0.06239600665557404,0.06239600665557404,0.06239600665557404,0.06239600665557404,0.06239600665557404,0.06239600665557404,0.06239600665557404,S-DIAB__ML_K4_marginals,E2.2
ETC(eps=0.1),1738,0.047324293082684266,0.04720864878088908,0.05826234880800315,0.034955294149619905,0.03444027348322656,0.04193854467805234,82.24962137770527,101.25996222830946,126.82901769011929,318176.0,183.07019562715766,0.0,0.04382725702190183,0.01815893319028522,0.06271576524741082,0.06271576524741082,0.06271576524741082,0.06271576524741082,0.06271576524741082,0.06271576524741082,0.06271576524741082,0.06271576524741082,0.06271576524741082,0.06271576524741082,0.06214039125431531,0.06214039125431531,0.06214039125431531,0.06214039125431531,0.06214039125431531,0.06214039125431531,S-DIAB__ML_K4_marginals,E2.2
ETC(eps=0.1),2512,0.04660630954155232,0.04685710583290408,0.056501597998426085,0.03385485848341706,0.03404843364751616,0.04158153495542966,117.07504956837944,141.9320141720463,159.90229985366773,460010.0,183.125,0.0,0.04392828232914957,0.015132410573143854,0.0625,0.0625,0.0625,0.0625,0.0625,0.0625,0.0625,0.0625,0.0625,0.0625,0.0625,0.0625,0.0625,0.0625,0.0625,0.0625,S-DIAB__ML_K4_marginals,E2.2
ETC(eps=0.1),3631,0.04553162571811645,0.0458800551978083,0.054428973317865136,0.03292646750629606,0.033165450727043015,0.040413068382855105,165.32533298248083,197.63160211716828,224.0448549622627,664911.0,183.12062792619113,0.0,0.04396401760324833,0.012553924749006606,0.0625172128890113,0.0625172128890113,0.0625172128890113,0.0625172128890113,0.0625172128890113,0.0625172128890113,0.0625172128890113,0.0625172128890113,0.0625172128890113,0.0625172128890113,0.0625172128890113,0.0625172128890113,0.0625172128890113,0.0625172128890113,0.0625172128890113,0.062241806664830625,S-DIAB__ML_K4_marginals,E2.2
ETC(eps=0.1),5248,0.045228508133258696,0.044863223054902264,0.05373180822279696,0.03255813711443963,0.03201308138714566,0.04002234485604069,237.35921068334167,281.9845295532385,324.2686524273529,961040.0,183.125,0.0,0.04392828232914924,0.010774104973846,0.0625,0.0625,0.0625,0.0625,0.0625,0.0625,0.0625,0.0625,0.0625,0.0625,0.0625,0.0625,0.0625,0.0625,0.0625,0.0625,S-DIAB__ML_K4_marginals,E2.2
ETC(eps=0.1),7586,0.04442730046646898,0.04468889656708404,0.05040327133065793,0.0315406585409844,0.031502877753641065,0.03936598363968831,337.0255013386337,382.35921631437105,459.53325629306175,1388964.0,183.09570261007119,0.0,0.043897007704310924,0.008779549480684835,0.06261534405483786,0.06261534405483786,0.06248352227788031,0.06248352227788031,0.06248352227788031,0.06248352227788031,0.06248352227788031,0.06248352227788031,0.06248352227788031,0.06248352227788031,0.06248352227788031,0.06248352227788031,0.06248352227788031,0.06248352227788031,0.06248352227788031,0.06248352227788031,S-DIAB__ML_K4_marginals,E2.2
ETC(eps=0.1),10965,0.040041599045552254,0.04024635968188975,0.04496074878572149,0.02802689511767418,0.027957849314321062,0.03561306627820548,439.05613353448047,492.99461043543613,549.1878870577672,1946628.308,177.53108144094847,0.0,0.03974109781221241,0.00733057544798826,0.08450086639306886,0.08454573643410852,0.05781267669858642,0.05699954400364797,0.0665265845873233,0.05868964888280894,0.06043885088919289,0.05709329685362517,0.05699954400364797,0.05699954400364797,0.06104550843593252,0.05699954400364797,0.05699954400364797,0.0703500227998176,0.05699954400364797,0.05699954400364797,S-DIAB__ML_K4_marginals,E2.2
ETC(eps=0.1),15849,0.027186320938756597,0.027108627634589853,0.033076002749056595,0.01929587219108663,0.019231549140753604,0.024484801154316872,430.8760005583534,524.221567569798,649.7776609441465,2530565.404,159.6671969209414,0.0,0.027338876407052907,0.005965987173254168,0.15475752413401475,0.15494958672471448,0.04284207205501925,0.03943466464761183,0.07938015016720298,0.04652583759227712,0.05383809704082276,0.039828127957599845,0.03943466464761183,0.03943466464761183,0.056398763328916655,0.03943466464761183,0.03943466464761183,0.09543718846614929,0.03943466464761183,0.03943466464761183,S-DIAB__ML_K4_marginals,E2.2
ETC(eps=0.1),22909,0.020515415770809113,0.020157671523448183,0.028267451287616534,0.01535742837264155,0.015053517829547645,0.018122886160346817,469.9876598934659,647.5790415480071,873.3353373100208,3374666.8,147.30746868043127,0.0,0.020813580689565556,0.005123331052820274,0.20336845781134053,0.20365934785455497,0.03248365271290759,0.02728185429307259,0.08827517569514165,0.03810921471910603,0.04927513204417478,0.027882666201056353,0.02728185429307259,0.02728185429307259,0.05318451263695491,0.02728185429307259,0.02728185429307259,0.11278886027325506,0.02728185429307259,0.02728185429307259,S-DIAB__ML_K4_marginals,E2.2
ETC(eps=0.1),33113,0.01826985284177431,0.018086246929314466,0.02664162967722082,0.0139922542023767,0.013676070519710547,0.015775424431831175,604.9696371496727,882.1842835018131,1185.332574195407,4594668.536,138.7572414459578,0.0,0.018603008288169635,0.004176127191859652,0.2369952586597409,0.23735717089964667,0.025318998580617886,0.018874762177996558,0.09442599583245251,0.03228689638510555,0.04611832210914142,0.019619001600579833,0.018874762177996558,0.018874762177996558,0.050959925104943675,0.018874762177996558,0.018874762177996558,0.12479509558179568,0.018874762177996558,0.018874762177996558,S-DIAB__ML_K4_marginals,E2.2
ETC(eps=0.1),47863,0.018398267575281152,0.018067488691417957,0.026836693487580086,0.014358651174754666,0.013852036019469011,0.015577350391508446,880.5962809556817,1284.4846603960457,1829.9566475133797,6358195.708,132.84156254309173,0.0,0.018648236139198485,0.0035447218028300024,0.2602617470697616,0.2606708313310908,0.020361615444079977,0.013058103336606565,0.09868357603994736,0.028258905626475567,0.04393297536719387,0.013901594133255332,0.013058103336606565,0.013058103336606565,0.04942005306813196,0.013058103336606565,0.013058103336606565,0.13310197856381756,0.013058103336606565,0.013058103336606565,S-DIAB__ML_K4_marginals,E2.2
ETC(eps=0.1),69183,0.019255105176197926,0.018957135455724326,0.027661537075200814,0.015267447386452691,0.01441828194787604,0.01617404018779791,1332.125941404901,1913.708119473618,2909.6524091773003,8907242.316,128.7490035991501,0.0,0.019402823979415368,0.0029191350072818004,0.27635737103045543,0.2768000809447408,0.016931731783819723,0.009034011245537198,0.10162866600176343,0.025471691022360986,0.04242157755517974,0.009946142838558606,0.009034011245537198,0.009034011245537198,0.04835592558865617,0.009034011245537198,0.009034011245537198,0.13884873451570473,0.009034011245537198,0.009034011245537198,S-DIAB__ML_K4_marginals,E2.2
ETC(eps=0.1),100000,0.020050563698376826,0.019740748237528,0.029392079529876495,0.015983159315973505,0.015179616479545363,0.016764593013692333,2005.0563698376827,2939.2079529876496,4396.766638890399,12591751.472,125.91751471999999,0.0,0.020218216335377574,0.0024672629349054673,0.28749348,0.28795916,0.014559,0.00625,0.10366616,0.02354388,0.04137552,0.0072096,0.00625,0.00625,0.04761876,0.00625,0.00625,0.14282444,0.00625,0.00625,S-DIAB__ML_K4_marginals,E2.2
N1-CHEAPEST,10,0.2734248281619029,0.2719956652350138,0.4145057391035838,0.21206322798093719,0.19992038352043154,0.23428325805034123,2.7342482816190286,4.145057391035838,6.506489717950155,720.0,72.0,0.0,0.09232138192821146,0.2597106944886455,1.0,0.0,0.0,0.0,0.0,0.0,0.0,0.0,0.0,0.0,0.0,0.0,0.0,0.0,0.0,0.0,S-DIAB__ML_K4_marginals,E2.2
N1-CHEAPEST,14,0.23872312392927772,0.23685058219156213,0.34900849324979766,0.18385503443199325,0.18502380674034816,0.20510915738825428,3.342123735009888,4.886118905497167,7.005728973789431,1008.0,72.0,0.0,0.09232138192821145,0.2251524470322109,1.0,0.0,0.0,0.0,0.0,0.0,0.0,0.0,0.0,0.0,0.0,0.0,0.0,0.0,0.0,0.0,S-DIAB__ML_K4_marginals,E2.2
N1-CHEAPEST,21,0.1990167722146744,0.18858924223540438,0.28990217569670057,0.1539887386984378,0.1428453556886113,0.16966446262400695,4.179352216508162,6.087945689630711,10.738875300262613,1512.0,72.0,0.0,0.09232138192821142,0.18412286545461493,1.0,0.0,0.0,0.0,0.0,0.0,0.0,0.0,0.0,0.0,0.0,0.0,0.0,0.0,0.0,0.0,S-DIAB__ML_K4_marginals,E2.2
N1-CHEAPEST,30,0.16639598849689052,0.16268124668739203,0.24473433700878994,0.12904588076700832,0.1237977366409922,0.1420295470354136,4.9918796549067155,7.342030110263698,11.561184869221462,2160.0,72.0,0.0,0.09232138192821142,0.1463018433548558,1.0,0.0,0.0,0.0,0.0,0.0,0.0,0.0,0.0,0.0,0.0,0.0,0.0,0.0,0.0,0.0,S-DIAB__ML_K4_marginals,E2.2
N1-CHEAPEST,44,0.14789190853909798,0.14600322310756883,0.21137513593947044,0.11506322421314935,0.10973965441119071,0.1263020071232248,6.50724397572031,9.3005059813367,14.737556519211168,3168.0,72.0,0.0,0.09232138192821145,0.12466127337218923,1.0,0.0,0.0,0.0,0.0,0.0,0.0,0.0,0.0,0.0,0.0,0.0,0.0,0.0,0.0,0.0,S-DIAB__ML_K4_marginals,E2.2
N1-CHEAPEST,63,0.13185693952149136,0.1309987173357124,0.1860278068023699,0.10339749513965889,0.1031746031746032,0.11156476858539373,8.306987189853954,11.719751828549304,17.357041653456378,4536.0,72.0,0.0,0.09232138192821145,0.10285782059649026,1.0,0.0,0.0,0.0,0.0,0.0,0.0,0.0,0.0,0.0,0.0,0.0,0.0,0.0,0.0,0.0,S-DIAB__ML_K4_marginals,E2.2
N1-CHEAPEST,91,0.12212013149601937,0.1199112907105175,0.1706083687728939,0.09508616155365007,0.09156330440656016,0.10409198709076238,11.112931966137763,15.525361558333346,20.367446350369033,6552.0,72.0,0.0,0.09232138192821145,0.08467000603236914,1.0,0.0,0.0,0.0,0.0,0.0,0.0,0.0,0.0,0.0,0.0,0.0,0.0,0.0,0.0,0.0,S-DIAB__ML_K4_marginals,E2.2
N1-CHEAPEST,132,0.11264805931619605,0.11249313226784749,0.15202795812195893,0.08689202808990219,0.08438912666902523,0.09654710412090299,14.869543829737879,20.06769047209858,29.674696839383117,9504.0,72.0,0.0,0.09232138192821145,0.07045173432318966,1.0,0.0,0.0,0.0,0.0,0.0,0.0,0.0,0.0,0.0,0.0,0.0,0.0,0.0,0.0,0.0,S-DIAB__ML_K4_marginals,E2.2
N1-CHEAPEST,191,0.10716010434854809,0.10836907955875591,0.13940046876025888,0.08311438209443486,0.08051675932860164,0.09155467840532051,20.467579930572683,26.625489533209446,35.32744477548587,13752.0,72.0,0.0,0.09232138192821135,0.05928808287604727,1.0,0.0,0.0,0.0,0.0,0.0,0.0,0.0,0.0,0.0,0.0,0.0,0.0,0.0,0.0,0.0,S-DIAB__ML_K4_marginals,E2.2
N1-CHEAPEST,275,0.10363088005107338,0.1019492775074442,0.13932409385177832,0.08053761973249776,0.07801081972736117,0.0881679020747553,28.49849201404518,38.31412580923904,46.681074061671495,19800.0,72.0,0.0,0.09232138192821117,0.050294508199659256,1.0,0.0,0.0,0.0,0.0,0.0,0.0,0.0,0.0,0.0,0.0,0.0,0.0,0.0,0.0,0.0,S-DIAB__ML_K4_marginals,E2.2
N1-CHEAPEST,398,0.10089527924763829,0.09859978985656492,0.12778044532453484,0.07800402683382468,0.07626573064558886,0.08551098986034344,40.15632114056004,50.85661723916486,64.28256114493419,28656.0,72.0,0.0,0.09232138192821136,0.04156508865183777,1.0,0.0,0.0,0.0,0.0,0.0,0.0,0.0,0.0,0.0,0.0,0.0,0.0,0.0,0.0,0.0,S-DIAB__ML_K4_marginals,E2.2
N1-CHEAPEST,575,0.09874488882852633,0.09944833558481593,0.12150754496058475,0.07587960870730587,0.07421635332419901,0.08380881939052297,56.77831107640264,69.86683835233623,87.3758127643137,41400.0,72.0,0.0,0.0923213819282115,0.034249751270168674,1.0,0.0,0.0,0.0,0.0,0.0,0.0,0.0,0.0,0.0,0.0,0.0,0.0,0.0,0.0,0.0,S-DIAB__ML_K4_marginals,E2.2
N1-CHEAPEST,832,0.09655744561856108,0.0970518377099763,0.11371132491596461,0.07407295428508534,0.07290155399309486,0.08163407836713646,80.33579475464282,94.60782233008256,112.8655626574569,59904.0,72.0,0.0,0.09232138192821163,0.02730961148694712,1.0,0.0,0.0,0.0,0.0,0.0,0.0,0.0,0.0,0.0,0.0,0.0,0.0,0.0,0.0,0.0,S-DIAB__ML_K4_marginals,E2.2
N1-CHEAPEST,1202,0.09541528198415038,0.09633991810417114,0.10972068062543826,0.07311020747405773,0.07306754336977586,0.08093645521267868,114.68916894494876,131.88425811177677,149.82337075057998,86544.0,72.0,0.0,0.09232138192821163,0.02277277358282935,1.0,0.0,0.0,0.0,0.0,0.0,0.0,0.0,0.0,0.0,0.0,0.0,0.0,0.0,0.0,0.0,S-DIAB__ML_K4_marginals,E2.2
N1-CHEAPEST,1738,0.09444998348508839,0.09443096913705765,0.1060173356023257,0.07221767096577242,0.07257928923254098,0.08028117881414315,164.1540712970836,184.25812927684206,202.9500549415191,125136.0,72.0,0.0,0.09232138192821031,0.01848229962058223,1.0,0.0,0.0,0.0,0.0,0.0,0.0,0.0,0.0,0.0,0.0,0.0,0.0,0.0,0.0,0.0,S-DIAB__ML_K4_marginals,E2.2
N1-CHEAPEST,2512,0.09389793342818899,0.09435828724461642,0.10316580645406148,0.07154686209770043,0.07145465296419098,0.08026148756168727,235.87160877161074,259.15250581260244,295.4340187311404,180864.0,72.0,0.0,0.09232138192820942,0.015324426578858958,1.0,0.0,0.0,0.0,0.0,0.0,0.0,0.0,0.0,0.0,0.0,0.0,0.0,0.0,0.0,0.0,S-DIAB__ML_K4_marginals,E2.2
N1-CHEAPEST,3631,0.09352426977568462,0.09363057247661746,0.10175193805213419,0.07132806325058672,0.07084825494430944,0.08017406723069245,339.58662355551076,369.4612870672992,405.8110228220036,261432.0,72.0,0.0,0.09232138192820889,0.012969633692820491,1.0,0.0,0.0,0.0,0.0,0.0,0.0,0.0,0.0,0.0,0.0,0.0,0.0,0.0,0.0,0.0,S-DIAB__ML_K4_marginals,E2.2
N1-CHEAPEST,5248,0.09299832156564121,0.09321992030638364,0.10077122984148909,0.0710593536721795,0.07058565343023718,0.07983174397852792,488.0551915764851,528.8474142081348,572.1906495752029,377856.0,72.0,0.0,0.09232138192820918,0.010930393710057475,1.0,0.0,0.0,0.0,0.0,0.0,0.0,0.0,0.0,0.0,0.0,0.0,0.0,0.0,0.0,0.0,S-DIAB__ML_K4_marginals,E2.2
N1-CHEAPEST,7586,0.09293007339977251,0.09283569172985714,0.09964455957268543,0.07112118308599652,0.07118628649628156,0.07976755231005586,704.9675368106743,755.9036289183916,823.0027156768735,546192.0,72.0,0.0,0.09232138192820924,0.009106120813409675,1.0,0.0,0.0,0.0,0.0,0.0,0.0,0.0,0.0,0.0,0.0,0.0,0.0,0.0,0.0,0.0,S-DIAB__ML_K4_marginals,E2.2
N1-CHEAPEST,10965,0.09276306270817766,0.09269131554022879,0.09812717628989558,0.07099002058852141,0.07078369208984134,0.07972488655996264,1017.146982595168,1075.964488018705,1151.5685618366138,789480.0,72.0,0.0,0.09232138192820792,0.007704706429361009,1.0,0.0,0.0,0.0,0.0,0.0,0.0,0.0,0.0,0.0,0.0,0.0,0.0,0.0,0.0,0.0,S-DIAB__ML_K4_marginals,E2.2
N1-CHEAPEST,15849,0.0926294701598142,0.09260687300360806,0.0970476229596009,0.07102101251269494,0.07083904519614498,0.07964531107937432,1468.0844725628951,1538.1077762867146,1632.638633314615,1141128.0,72.0,0.0,0.09232138192820762,0.006249063761432231,1.0,0.0,0.0,0.0,0.0,0.0,0.0,0.0,0.0,0.0,0.0,0.0,0.0,0.0,0.0,0.0,S-DIAB__ML_K4_marginals,E2.2
N1-CHEAPEST,22909,0.09242036252881701,0.09241286002598045,0.09590188498721725,0.07071906063309837,0.07080793400164359,0.07955126443917813,2117.2580851726684,2197.01628317216,2294.4331857470606,1649448.0,72.0,0.0,0.09232138192821003,0.0052529490735125075,1.0,0.0,0.0,0.0,0.0,0.0,0.0,0.0,0.0,0.0,0.0,0.0,0.0,0.0,0.0,0.0,S-DIAB__ML_K4_marginals,E2.2
N1-CHEAPEST,33113,0.09245214590067977,0.09246461698903155,0.09527911252996785,0.07076092336698794,0.07091023028572058,0.07963808961466425,3061.367907209209,3154.9772532048255,3253.1238415952535,2384136.0,72.0,0.0,0.09232138192823372,0.004252602596489851,1.0,0.0,0.0,0.0,0.0,0.0,0.0,0.0,0.0,0.0,0.0,0.0,0.0,0.0,0.0,0.0,S-DIAB__ML_K4_marginals,E2.2
N1-CHEAPEST,47863,0.09242770020294672,0.09247621316699745,0.0948021459605931,0.07080169064115095,0.07071093159972056,0.07962916790011051,4423.867014813639,4537.515112111868,4666.18409036311,3446136.0,72.0,0.0,0.09232138192830933,0.003602464065657478,1.0,0.0,0.0,0.0,0.0,0.0,0.0,0.0,0.0,0.0,0.0,0.0,0.0,0.0,0.0,0.0,S-DIAB__ML_K4_marginals,E2.2
N1-CHEAPEST,69183,0.09238151124231601,0.09237904654524581,0.09428594570224774,0.07074641819942626,0.07088552751818994,0.07965908316013828,6391.230092277148,6522.984581518605,6742.371854338422,4981176.0,72.0,0.0,0.09232138192831797,0.0029783349007008715,1.0,0.0,0.0,0.0,0.0,0.0,0.0,0.0,0.0,0.0,0.0,0.0,0.0,0.0,0.0,0.0,S-DIAB__ML_K4_marginals,E2.2
N1-CHEAPEST,100000,0.09238730595003229,0.09240513318609367,0.09403452714514679,0.07075653245466379,0.07086809245466379,0.0796836560537468,9238.730595003228,9403.452714514679,9585.094067105929,7200000.0,72.0,0.0,0.09232138192827362,0.002496608329584613,1.0,0.0,0.0,0.0,0.0,0.0,0.0,0.0,0.0,0.0,0.0,0.0,0.0,0.0,0.0,0.0,S-DIAB__ML_K4_marginals,E2.2
N2-UNIFORM,10,0.25872232622792674,0.25431366305408787,0.37764979008709487,0.19960472002924595,0.19992038352043154,0.22219827314797289,2.5872232622792666,3.776497900870949,5.838538393546941,1736.0,173.6,0.0,0.060835159673173024,0.2524383181888736,0.1,0.1,0.1,0.1,0.1,0.1,0.1,0.1,0.1,0.1,0.0,0.0,0.0,0.0,0.0,0.0,S-DIAB__ML_K4_marginals,E2.2
N2-UNIFORM,14,0.21932057284186401,0.20887582007396327,0.337299743454965,0.17046049651312198,0.16667845383519822,0.18652671057824244,3.0704880197860964,4.722196408369509,6.73770220460114,2532.0,180.85714285714286,0.0,0.047433944561106126,0.21381625119852954,0.07142857142857142,0.07142857142857142,0.07142857142857142,0.07142857142857142,0.07142857142857142,0.07142857142857142,0.07142857142857142,0.07142857142857142,0.07142857142857142,0.07142857142857142,0.07142857142857142,0.07142857142857142,0.07142857142857142,0.07142857142857142,0.0,0.0,S-DIAB__ML_K4_marginals,E2.2
N2-UNIFORM,21,0.1840929855421889,0.17635428621617713,0.2718802009836448,0.1440585791305045,0.13740475912130062,0.15539323095732105,3.8659526963859667,5.709484220656541,9.456499429812068,3671.0,174.8095238095238,0.0,0.04942697897003822,0.17660672200685423,0.09523809523809523,0.09523809523809523,0.09523809523809523,0.09523809523809523,0.09523809523809523,0.047619047619047616,0.047619047619047616,0.047619047619047616,0.047619047619047616,0.047619047619047616,0.047619047619047616,0.047619047619047616,0.047619047619047616,0.047619047619047616,0.047619047619047616,0.047619047619047616,S-DIAB__ML_K4_marginals,E2.2
N2-UNIFORM,30,0.15177852913751655,0.14667781022790255,0.22104771426459982,0.11926338024320259,0.11147246680093045,0.12842977302194505,4.553355874125496,6.631431427937995,9.686666507374532,5462.0,182.06666666666666,0.0,0.045179004451061974,0.14485580118310337,0.06666666666666667,0.06666666666666667,0.06666666666666667,0.06666666666666667,0.06666666666666667,0.06666666666666667,0.06666666666666667,0.06666666666666667,0.06666666666666667,0.06666666666666667,0.06666666666666667,0.06666666666666667,0.06666666666666667,0.06666666666666667,0.03333333333333333,0.03333333333333333,S-DIAB__ML_K4_marginals,E2.2
N2-UNIFORM,44,0.12866528316624726,0.12208361031555537,0.19492288225163237,0.10215292098445297,0.09744372572718422,0.10832737040348174,5.66127245931488,8.576606819071825,11.4629852835746,7994.0,181.6818181818182,0.0,0.049186184184967945,0.11895023535013255,0.06818181818181818,0.06818181818181818,0.06818181818181818,0.06818181818181818,0.06818181818181818,0.06818181818181818,0.06818181818181818,0.06818181818181818,0.06818181818181818,0.06818181818181818,0.06818181818181818,0.06818181818181818,0.045454545454545456,0.045454545454545456,0.045454545454545456,0.045454545454545456,S-DIAB__ML_K4_marginals,E2.2
N2-UNIFORM,63,0.10829407400756069,0.10778607546558344,0.1535432217316475,0.08510831502305734,0.0829010382295019,0.09194029046606662,6.8225266624763234,9.673222969093791,14.389379340142364,11521.0,182.87301587301587,0.0,0.046033547500474385,0.09834877723685635,0.06349206349206349,0.06349206349206349,0.06349206349206349,0.06349206349206349,0.06349206349206349,0.06349206349206349,0.06349206349206349,0.06349206349206349,0.06349206349206349,0.06349206349206349,0.06349206349206349,0.06349206349206349,0.06349206349206349,0.06349206349206349,0.06349206349206349,0.047619047619047616,S-DIAB__ML_K4_marginals,E2.2
N2-UNIFORM,91,0.09435366502637027,0.09128899940761195,0.14002707973213,0.07339747987673044,0.06772344600690453,0.08048316500691631,8.586183517399695,12.742464255623828,16.56396139943588,16585.0,182.25274725274724,0.0,0.04657011055845914,0.08273931387677305,0.06593406593406594,0.06593406593406594,0.06593406593406594,0.06593406593406594,0.06593406593406594,0.06593406593406594,0.06593406593406594,0.06593406593406594,0.06593406593406594,0.06593406593406594,0.06593406593406594,0.054945054945054944,0.054945054945054944,0.054945054945054944,0.054945054945054944,0.054945054945054944,S-DIAB__ML_K4_marginals,E2.2
N2-UNIFORM,132,0.08052565404432431,0.07930331617464204,0.11465016116158679,0.06328429736073185,0.05956493784839636,0.0679947181406009,10.629386333850807,15.133821273329456,21.606823617550585,23982.0,181.6818181818182,0.0,0.0424689950244689,0.06831158755458008,0.06818181818181818,0.06818181818181818,0.06818181818181818,0.06818181818181818,0.06060606060606061,0.06060606060606061,0.06060606060606061,0.06060606060606061,0.06060606060606061,0.06060606060606061,0.06060606060606061,0.06060606060606061,0.06060606060606061,0.06060606060606061,0.06060606060606061,0.06060606060606061,S-DIAB__ML_K4_marginals,E2.2
N2-UNIFORM,191,0.07225916915742969,0.0718506844129658,0.10447911629004787,0.05694928145097145,0.055608895121660326,0.06105252867067056,13.801501309069074,19.955511211399145,28.2178816765651,34961.0,183.04188481675394,0.0,0.04461256712534782,0.05851780749595352,0.06282722513089005,0.06282722513089005,0.06282722513089005,0.06282722513089005,0.06282722513089005,0.06282722513089005,0.06282722513089005,0.06282722513089005,0.06282722513089005,0.06282722513089005,0.06282722513089005,0.06282722513089005,0.06282722513089005,0.06282722513089005,0.06282722513089005,0.05759162303664921,S-DIAB__ML_K4_marginals,E2.2
N2-UNIFORM,275,0.06454511990309582,0.06450617945526994,0.08972292958226075,0.05032316213605124,0.04926190754536638,0.055041817247258686,17.74990797335135,24.673805635121706,41.145025688159066,50153.0,182.37454545454545,0.0,0.04343411747375841,0.049935573307136535,0.06545454545454546,0.06545454545454546,0.06545454545454546,0.06181818181818182,0.06181818181818182,0.06181818181818182,0.06181818181818182,0.06181818181818182,0.06181818181818182,0.06181818181818182,0.06181818181818182,0.06181818181818182,0.06181818181818182,0.06181818181818182,0.06181818181818182,0.06181818181818182,S-DIAB__ML_K4_marginals,E2.2
N2-UNIFORM,398,0.05855665891349851,0.05737415049066531,0.08411280465068853,0.044973449511841734,0.04377061141533593,0.05031674478734288,23.305550247572405,33.476896250974036,44.28423943733544,72852.0,183.04522613065328,0.0,0.04399745636500361,0.04105851192069172,0.06281407035175879,0.06281407035175879,0.06281407035175879,0.06281407035175879,0.06281407035175879,0.06281407035175879,0.06281407035175879,0.06281407035175879,0.06281407035175879,0.06281407035175879,0.06281407035175879,0.06281407035175879,0.06281407035175879,0.06281407035175879,0.06030150753768844,0.06030150753768844,S-DIAB__ML_K4_marginals,E2.2
N2-UNIFORM,575,0.05358924249272164,0.05344366644955929,0.07197173274600523,0.0408394968474243,0.03882712493667066,0.04654270364979707,30.813814433314942,41.38374632895301,59.86101664623537,105281.0,183.09739130434784,0.0,0.04415443208708765,0.03324663880633234,0.06260869565217392,0.06260869565217392,0.06260869565217392,0.06260869565217392,0.06260869565217392,0.06260869565217392,0.06260869565217392,0.06260869565217392,0.06260869565217392,0.06260869565217392,0.06260869565217392,0.06260869565217392,0.06260869565217392,0.06260869565217392,0.06260869565217392,0.06086956521739131,S-DIAB__ML_K4_marginals,E2.2
N2-UNIFORM,832,0.0514704013396689,0.05125320653612544,0.06861883632094055,0.03925405568668394,0.038877292160750476,0.04486027958595413,42.823373914604524,57.09087181902254,70.43323992513429,152360.0,183.125,0.0,0.04392828232914947,0.0281144884899041,0.0625,0.0625,0.0625,0.0625,0.0625,0.0625,0.0625,0.0625,0.0625,0.0625,0.0625,0.0625,0.0625,0.0625,0.0625,0.0625,S-DIAB__ML_K4_marginals,E2.2
N2-UNIFORM,1202,0.04932042390192015,0.04945201286775631,0.06274348439109138,0.037206134926405135,0.03670324463133325,0.043284299555935976,59.28314953010801,75.41766823809185,94.32843929213242,219894.0,182.94009983361065,0.0,0.04373097525326468,0.02257404752914221,0.0632279534109817,0.0632279534109817,0.06239600665557404,0.06239600665557404,0.06239600665557404,0.06239600665557404,0.06239600665557404,0.06239600665557404,0.06239600665557404,0.06239600665557404,0.06239600665557404,0.06239600665557404,0.06239600665557404,0.06239600665557404,0.06239600665557404,0.06239600665557404,S-DIAB__ML_K4_marginals,E2.2
N2-UNIFORM,1738,0.047324293082684266,0.04720864878088908,0.05826234880800315,0.034955294149619905,0.03444027348322656,0.04193854467805234,82.24962137770527,101.25996222830946,126.82901769011929,318176.0,183.07019562715766,0.0,0.04382725702190183,0.01815893319028522,0.06271576524741082,0.06271576524741082,0.06271576524741082,0.06271576524741082,0.06271576524741082,0.06271576524741082,0.06271576524741082,0.06271576524741082,0.06271576524741082,0.06271576524741082,0.06214039125431531,0.06214039125431531,0.06214039125431531,0.06214039125431531,0.06214039125431531,0.06214039125431531,S-DIAB__ML_K4_marginals,E2.2
N2-UNIFORM,2512,0.04660630954155232,0.04685710583290408,0.056501597998426085,0.03385485848341706,0.03404843364751616,0.04158153495542966,117.07504956837944,141.9320141720463,159.90229985366773,460010.0,183.125,0.0,0.04392828232914957,0.015132410573143854,0.0625,0.0625,0.0625,0.0625,0.0625,0.0625,0.0625,0.0625,0.0625,0.0625,0.0625,0.0625,0.0625,0.0625,0.0625,0.0625,S-DIAB__ML_K4_marginals,E2.2
N2-UNIFORM,3631,0.04553162571811645,0.0458800551978083,0.054428973317865136,0.03292646750629606,0.033165450727043015,0.040413068382855105,165.32533298248083,197.63160211716828,224.0448549622627,664911.0,183.12062792619113,0.0,0.04396401760324833,0.012553924749006606,0.0625172128890113,0.0625172128890113,0.0625172128890113,0.0625172128890113,0.0625172128890113,0.0625172128890113,0.0625172128890113,0.0625172128890113,0.0625172128890113,0.0625172128890113,0.0625172128890113,0.0625172128890113,0.0625172128890113,0.0625172128890113,0.0625172128890113,0.062241806664830625,S-DIAB__ML_K4_marginals,E2.2
N2-UNIFORM,5248,0.045228508133258696,0.044863223054902264,0.05373180822279696,0.03255813711443963,0.03201308138714566,0.04002234485604069,237.35921068334167,281.9845295532385,324.2686524273529,961040.0,183.125,0.0,0.04392828232914924,0.010774104973846,0.0625,0.0625,0.0625,0.0625,0.0625,0.0625,0.0625,0.0625,0.0625,0.0625,0.0625,0.0625,0.0625,0.0625,0.0625,0.0625,S-DIAB__ML_K4_marginals,E2.2
N2-UNIFORM,7586,0.04442730046646898,0.04468889656708404,0.05040327133065793,0.0315406585409844,0.031502877753641065,0.03936598363968831,337.0255013386337,382.35921631437105,459.53325629306175,1388964.0,183.09570261007119,0.0,0.043897007704310924,0.008779549480684835,0.06261534405483786,0.06261534405483786,0.06248352227788031,0.06248352227788031,0.06248352227788031,0.06248352227788031,0.06248352227788031,0.06248352227788031,0.06248352227788031,0.06248352227788031,0.06248352227788031,0.06248352227788031,0.06248352227788031,0.06248352227788031,0.06248352227788031,0.06248352227788031,S-DIAB__ML_K4_marginals,E2.2
N2-UNIFORM,10965,0.04430142491109662,0.04450916466694315,0.04919151124239568,0.031135547371034637,0.031222691859095694,0.03924808679804147,485.76512415017436,539.3849207728686,613.0990367897673,2007791.0,183.10907432740538,0.0,0.043926380680664866,0.0073435504418047125,0.06256269949840401,0.06256269949840401,0.06256269949840401,0.06256269949840401,0.06256269949840401,0.062471500227998175,0.062471500227998175,0.062471500227998175,0.062471500227998175,0.062471500227998175,0.062471500227998175,0.062471500227998175,0.062471500227998175,0.062471500227998175,0.062471500227998175,0.062471500227998175,S-DIAB__ML_K4_marginals,E2.2
N2-UNIFORM,15849,0.04418488238669575,0.044208764910979644,0.0484627982157337,0.030700435784696525,0.03068155547269106,0.03923125991140887,700.2862009467408,768.0868889211636,814.0052651597799,2902237.0,183.11798851662564,0.0,0.043921574232017806,0.005995136070248924,0.06252760426525333,0.06252760426525333,0.06252760426525333,0.06252760426525333,0.06252760426525333,0.06252760426525333,0.06252760426525333,0.06252760426525333,0.06252760426525333,0.06246450880181715,0.06246450880181715,0.06246450880181715,0.06246450880181715,0.06246450880181715,0.06246450880181715,0.06246450880181715,S-DIAB__ML_K4_marginals,E2.2
N2-UNIFORM,22909,0.044149289795249694,0.044118076217275363,0.04762324003876638,0.030661265667114256,0.03063232844256046,0.039166298810906955,1011.4160799193753,1091.0008060480993,1198.7491181045314,4195163.0,183.12292112270288,0.0,0.04393351054794235,0.005318075958136679,0.06250818455628793,0.06250818455628793,0.06250818455628793,0.06250818455628793,0.06250818455628793,0.06250818455628793,0.06250818455628793,0.06250818455628793,0.06250818455628793,0.06250818455628793,0.06250818455628793,0.06250818455628793,0.06250818455628793,0.062464533589419,0.062464533589419,0.062464533589419,S-DIAB__ML_K4_marginals,E2.2
N2-UNIFORM,33113,0.04406175581354864,0.04398400596274808,0.047212570073937116,0.030329886433197815,0.030238905532901227,0.039139141334264944,1459.016920254036,1563.3498328582798,1688.0217780607938,6063707.0,183.12164406728476,0.0,0.04392506801667433,0.004439834858332467,0.0625132123335246,0.0625132123335246,0.0625132123335246,0.0625132123335246,0.0625132123335246,0.0625132123335246,0.0625132123335246,0.0625132123335246,0.0625132123335246,0.062483012714039804,0.062483012714039804,0.062483012714039804,0.062483012714039804,0.062483012714039804,0.062483012714039804,0.062483012714039804,S-DIAB__ML_K4_marginals,E2.2
N2-UNIFORM,47863,0.04397488803653866,0.04398768384742087,0.04644400627732923,0.030077496660077415,0.030084459241237697,0.039133811303881,2104.7700660928504,2222.949472451809,2377.66479154468,8764769.0,183.12201491757725,0.0,0.04392747323181911,0.0036941113882973907,0.06251175229300295,0.06251175229300295,0.06251175229300295,0.06251175229300295,0.06251175229300295,0.06251175229300295,0.06251175229300295,0.06249085932766438,0.06249085932766438,0.06249085932766438,0.06249085932766438,0.06249085932766438,0.06249085932766438,0.06249085932766438,0.06249085932766438,0.06249085932766438,S-DIAB__ML_K4_marginals,E2.2
N2-UNIFORM,69183,0.04408196149550196,0.04417668918396189,0.046314875933153796,0.030000306410407476,0.030058162667656492,0.039286964194870835,3049.7223421433123,3204.202061683379,3332.3005140278315,12669121.0,183.12477053611437,0.0,0.043930157130304355,0.0031725529877742707,0.06250090340112455,0.06250090340112455,0.06250090340112455,0.06250090340112455,0.06250090340112455,0.06250090340112455,0.06250090340112455,0.06250090340112455,0.06250090340112455,0.06250090340112455,0.06250090340112455,0.06250090340112455,0.06250090340112455,0.06250090340112455,0.06250090340112455,0.062486448983131694,S-DIAB__ML_K4_marginals,E2.2
N2-UNIFORM,100000,0.044020451373945446,0.044056276193798705,0.045811675682289096,0.029774016987090094,0.02972190754533977,0.03927944381192639,4402.045137394544,4581.16756822891,4735.164573063808,18312500.0,183.125,0.0,0.04392828232915592,0.0025926164213212317,0.0625,0.0625,0.0625,0.0625,0.0625,0.0625,0.0625,0.0625,0.0625,0.0625,0.0625,0.0625,0.0625,0.0625,0.0625,0.0625,S-DIAB__ML_K4_marginals,E2.2
N3-POOLPROP,10,0.2615460371964257,0.2516498933620394,0.38728104407502156,0.20613372507308583,0.19992038352043154,0.2197247638469107,2.6154603719642573,3.8728104407502153,5.685043435081745,1736.0,173.6,0.0,0.024746160378569103,0.26142401535302323,0.1,0.1,0.0,0.2,0.1,0.1,0.0,0.1,0.0,0.1,0.0,0.0,0.0,0.1,0.1,0.0,S-DIAB__ML_K4_marginals,E2.2
N3-POOLPROP,14,0.22134419882878445,0.21632137794633038,0.3319013951993137,0.17321742231887174,0.16667845383519825,0.18687536373801117,3.098818783602982,4.6466195327903925,6.578968704975398,2405.0,171.78571428571428,0.0,0.021520519122788663,0.22054703393875838,0.07142857142857142,0.14285714285714285,0.0,0.14285714285714285,0.07142857142857142,0.07142857142857142,0.0,0.07142857142857142,0.07142857142857142,0.07142857142857142,0.0,0.0,0.07142857142857142,0.07142857142857142,0.07142857142857142,0.07142857142857142,S-DIAB__ML_K4_marginals,E2.2
N3-POOLPROP,21,0.18079011128392627,0.17293301576836437,0.2706399915317243,0.1433377359160677,0.13740475912130062,0.15006650220598963,3.7965923369624517,5.683439822166211,7.8723573395944,3671.0,174.8095238095238,0.0,0.034713032030739326,0.17804662718715308,0.09523809523809523,0.09523809523809523,0.047619047619047616,0.19047619047619047,0.09523809523809523,0.047619047619047616,0.0,0.047619047619047616,0.047619047619047616,0.047619047619047616,0.0,0.047619047619047616,0.047619047619047616,0.09523809523809523,0.047619047619047616,0.047619047619047616,S-DIAB__ML_K4_marginals,E2.2
N3-POOLPROP,30,0.15046755855877433,0.1441537749402355,0.23498230183608726,0.11969411213697276,0.10953559669234111,0.12443268916487243,4.514026756763229,7.049469055082618,12.195279445971314,5208.0,173.6,0.0,0.02584476437022182,0.14786538981428576,0.1,0.1,0.03333333333333333,0.16666666666666666,0.1,0.03333333333333333,0.03333333333333333,0.06666666666666667,0.03333333333333333,0.06666666666666667,0.03333333333333333,0.03333333333333333,0.03333333333333333,0.1,0.03333333333333333,0.03333333333333333,S-DIAB__ML_K4_marginals,E2.2
N3-POOLPROP,44,0.12270917477157181,0.1170076574868078,0.18726975687727726,0.0956490845892061,0.09090909090909086,0.10385884318975029,5.399203689949159,8.2398693026002,13.497165814042484,7613.0,173.02272727272728,0.0,0.025815301072547973,0.1196018602291347,0.09090909090909091,0.11363636363636363,0.022727272727272728,0.1590909090909091,0.11363636363636363,0.045454545454545456,0.022727272727272728,0.06818181818181818,0.045454545454545456,0.06818181818181818,0.022727272727272728,0.022727272727272728,0.045454545454545456,0.06818181818181818,0.045454545454545456,0.045454545454545456,S-DIAB__ML_K4_marginals,E2.2
N3-POOLPROP,63,0.10246998760994144,0.0976217503995383,0.1537287407572847,0.08071731937586961,0.0715081879081399,0.08656674541430193,6.455609219426311,9.684910667708937,13.854553080972238,10886.0,172.79365079365078,0.0,0.02695312926100369,0.09821785029534473,0.09523809523809523,0.1111111111111111,0.031746031746031744,0.1746031746031746,0.1111111111111111,0.047619047619047616,0.015873015873015872,0.06349206349206349,0.031746031746031744,0.06349206349206349,0.031746031746031744,0.031746031746031744,0.031746031746031744,0.07936507936507936,0.047619047619047616,0.031746031746031744,S-DIAB__ML_K4_marginals,E2.2
N3-POOLPROP,91,0.0864185362981548,0.08642420016197057,0.12861090235874742,0.06824412060752007,0.06772344600690448,0.07271962616163813,7.864086803132086,11.703592114646018,16.53341048938086,15696.0,172.4835164835165,0.0,0.02607354221825755,0.08177645808850803,0.0989010989010989,0.10989010989010989,0.03296703296703297,0.17582417582417584,0.10989010989010989,0.04395604395604396,0.01098901098901099,0.06593406593406594,0.03296703296703297,0.06593406593406594,0.02197802197802198,0.03296703296703297,0.04395604395604396,0.07692307692307693,0.04395604395604396,0.03296703296703297,S-DIAB__ML_K4_marginals,E2.2
N3-POOLPROP,132,0.07525562981982853,0.07378743541716765,0.11032828123846122,0.05863689866808155,0.056709351380887715,0.0638681313919532,9.933743136217366,14.56333312347688,22.328480826662595,22839.0,173.02272727272728,0.0,0.02638497864388149,0.06995745235626202,0.09848484848484848,0.10606060606060606,0.03787878787878788,0.17424242424242425,0.10606060606060606,0.045454545454545456,0.015151515151515152,0.06060606060606061,0.03787878787878788,0.06818181818181818,0.022727272727272728,0.030303030303030304,0.03787878787878788,0.07575757575757576,0.045454545454545456,0.03787878787878788,S-DIAB__ML_K4_marginals,E2.2
N3-POOLPROP,191,0.0641998508869411,0.06165311016559094,0.09506233660758487,0.05104841896787977,0.048994281809656495,0.05381921912345067,12.26217151940575,18.15690629204871,27.965562403659955,32929.0,172.40314136125656,0.0,0.02723597274550688,0.05778630568533003,0.09947643979057591,0.1099476439790576,0.03664921465968586,0.17277486910994763,0.1099476439790576,0.041884816753926704,0.010471204188481676,0.06282722513089005,0.03664921465968586,0.06806282722513089,0.02617801047120419,0.031413612565445025,0.03664921465968586,0.07853403141361257,0.041884816753926704,0.03664921465968586,S-DIAB__ML_K4_marginals,E2.2
N3-POOLPROP,275,0.05398680871916703,0.05072529590719056,0.08214946207146039,0.04264217515145047,0.03835281663627545,0.045387920678916886,14.846372397770933,22.591102069651605,34.763823744369226,47486.0,172.67636363636365,0.0,0.025539893161085903,0.04847028472901111,0.09818181818181818,0.10909090909090909,0.03636363636363636,0.17454545454545456,0.10545454545454545,0.04363636363636364,0.01090909090909091,0.06181818181818182,0.03636363636363636,0.06909090909090909,0.025454545454545455,0.03272727272727273,0.04,0.08,0.04,0.03636363636363636,S-DIAB__ML_K4_marginals,E2.2
N3-POOLPROP,398,0.04722104193486688,0.04510964389193582,0.06893627682860644,0.03711594718249657,0.03428703317350707,0.039803315553473925,18.793974690077018,27.436638177785365,40.339729935549755,68788.0,172.83417085427135,0.0,0.0262437109106538,0.040957966099670784,0.09798994974874371,0.10804020100502512,0.035175879396984924,0.17336683417085427,0.10804020100502512,0.04271356783919598,0.01256281407035176,0.06281407035175879,0.03768844221105527,0.07035175879396985,0.02512562814070352,0.03015075376884422,0.03768844221105527,0.07788944723618091,0.04271356783919598,0.03768844221105527,S-DIAB__ML_K4_marginals,E2.2
N3-POOLPROP,575,0.04125575515493168,0.03986323592631623,0.06253945828283682,0.03294488588883786,0.03187060319754012,0.03437464899152468,23.722059214085718,35.96018851263117,51.45877631118929,99312.0,172.71652173913043,0.0,0.025902986770663584,0.03412375560708668,0.09913043478260869,0.10782608695652174,0.034782608695652174,0.17391304347826086,0.10782608695652174,0.043478260869565216,0.01217391304347826,0.06434782608695652,0.036521739130434785,0.06956521739130435,0.02434782608695652,0.03130434782608696,0.03826086956521739,0.0782608695652174,0.04173913043478261,0.036521739130434785,S-DIAB__ML_K4_marginals,E2.2
N3-POOLPROP,832,0.0375032300237229,0.03717559926423475,0.055159658779314114,0.030565525739044943,0.02969480047400582,0.030730076920842904,31.20268737973745,45.89283610438934,67.41955248371603,143724.0,172.74519230769232,0.0,0.025718899131566778,0.02832617179055297,0.0985576923076923,0.10817307692307693,0.03485576923076923,0.17427884615384615,0.10697115384615384,0.04326923076923077,0.01201923076923077,0.06370192307692307,0.037259615384615384,0.06971153846153846,0.02403846153846154,0.03125,0.038461538461538464,0.078125,0.042067307692307696,0.037259615384615384,S-DIAB__ML_K4_marginals,E2.2
N3-POOLPROP,1202,0.033977031021653004,0.03327467879376839,0.049590430127849396,0.027675110660242582,0.026766067279143047,0.027814855821963417,40.84039128802692,59.60769701367497,78.40401713183344,207575.0,172.69134775374377,0.0,0.025832953999224313,0.023524314866389187,0.09900166389351081,0.10815307820299501,0.03494176372712146,0.17387687188019968,0.10732113144758736,0.04326123128119801,0.011647254575707155,0.0632279534109817,0.036605657237936774,0.06988352745424292,0.024126455906821963,0.03161397670549085,0.039101497504159734,0.07820299500831947,0.04159733777038269,0.03743760399334443,S-DIAB__ML_K4_marginals,E2.2
N3-POOLPROP,1738,0.030331990376303797,0.029975222206175055,0.042038120917915714,0.025045346439352464,0.025027493888186363,0.024615798329476447,52.716999274016,73.06225415533751,110.97569292938776,300142.0,172.69390103567318,0.0,0.025768295252336905,0.01881677045407902,0.09896432681242807,0.10817031070195628,0.035097813578826235,0.17376294591484465,0.10701956271576525,0.043153049482163405,0.011507479861910242,0.06386651323360185,0.03682393555811277,0.07019562715765247,0.024165707710011506,0.03164556962025317,0.03855005753739931,0.07882623705408516,0.04142692750287687,0.03682393555811277,S-DIAB__ML_K4_marginals,E2.2
N3-POOLPROP,2512,0.028830466826778284,0.027526274453269016,0.04105196493559578,0.023771533207227195,0.022892480793775122,0.023292370429748962,72.42213266886705,103.1225359182166,131.91336132096316,433721.0,172.65963375796179,0.0,0.025762703453551576,0.015696990391558155,0.09912420382165606,0.10828025477707007,0.03503184713375796,0.1735668789808917,0.1070859872611465,0.04339171974522293,0.011146496815286623,0.06369426751592357,0.03702229299363057,0.07006369426751592,0.02428343949044586,0.03144904458598726,0.03861464968152866,0.07842356687898089,0.04179936305732484,0.03702229299363057,S-DIAB__ML_K4_marginals,E2.2
N3-POOLPROP,3631,0.02816529649003264,0.027860296468103236,0.037161556255984,0.023579366251564402,0.02334605807415821,0.022696163350181427,102.26819155530852,134.9336107654779,186.3671176938338,626938.0,172.6626273753787,0.0,0.025764800204770063,0.013002538868154312,0.09914624070503994,0.10823464610300193,0.034976590470944646,0.17378132745800054,0.10713302120627927,0.04323877719636464,0.011291655191407325,0.06361883778573396,0.03690443404020931,0.06995318094188929,0.02423574772789865,0.03139630955659598,0.03883227760947398,0.07849077389148995,0.041586339851280636,0.037179840264389974,S-DIAB__ML_K4_marginals,E2.2
N3-POOLPROP,5248,0.027829479343546723,0.027958135745411637,0.035480103810924625,0.02364033644393409,0.023545444130729933,0.02220504631244938,146.0491075949332,186.19958479973246,234.03817354244555,906176.0,172.67073170731706,0.0,0.025777396490431478,0.011078299363790033,0.09908536585365854,0.10823170731707317,0.0350609756097561,0.17378048780487804,0.10708841463414634,0.043254573170731704,0.011242378048780487,0.06364329268292683,0.036966463414634144,0.0701219512195122,0.02419969512195122,0.031440548780487805,0.03868140243902439,0.07850609756097561,0.04173018292682927,0.036966463414634144,S-DIAB__ML_K4_marginals,E2.2
N3-POOLPROP,7586,0.02684645150477945,0.026938007317830595,0.03325025598071331,0.022906381871099654,0.02293446225140143,0.021359722041440966,203.65718111525692,252.23644186969113,314.5889922816987,1309970.0,172.68257316108622,0.0,0.025772162292344768,0.00916706806194599,0.09912997627208014,0.10809385710519377,0.0350645926707092,0.17374110203005536,0.10703928288953335,0.04323754284207751,0.011336672818349592,0.06366991827049828,0.0370419193250725,0.0701291853414184,0.02412338518323227,0.03137358291589771,0.038755602425520695,0.07856577906670181,0.04165568151858687,0.0370419193250725,S-DIAB__ML_K4_marginals,E2.2
N3-POOLPROP,10965,0.02662726027404601,0.027092586369901635,0.03175325052573685,0.02290962607517084,0.023197156063375274,0.02109236921634109,291.9679089049145,348.17439201470455,422.1181339703185,1893364.0,172.6734154126767,0.0,0.025774034017272556,0.007838901129598607,0.09913360693114455,0.10816233470132239,0.03511171910624715,0.17373461012311903,0.10706794345645235,0.04331965344277246,0.011308709530323757,0.06365709074327405,0.036935704514363885,0.07013223894208846,0.02416780665754674,0.03137254901960784,0.03866849065207478,0.07852257181942544,0.041678066575467396,0.03702690378476972,S-DIAB__ML_K4_marginals,E2.2
N3-POOLPROP,15849,0.026320335512994574,0.026454200109318773,0.030789790618428726,0.022813170052506365,0.02298390893347156,0.02079921775331617,417.15099754545105,487.98739151147686,553.3656461813266,2736756.0,172.67688813174334,0.0,0.025753984931798472,0.006365932528416906,0.09912297305823711,0.1081456243296107,0.03508107767051549,0.1737649063032368,0.10700990598775947,0.043283487917218755,0.011357183418512209,0.06360022714366836,0.03697394157360086,0.07009905987759481,0.024165562496056534,0.03135844532778093,0.03874061454981387,0.07855385197804278,0.04170610133131428,0.037037037037037035,S-DIAB__ML_K4_marginals,E2.2
N3-POOLPROP,22909,0.02639681612423834,0.026200549228318826,0.0301093154652943,0.023036755858263168,0.023085295733421635,0.020785982493204375,604.724660590176,689.7743079944272,830.6458011326536,3955768.0,172.6730979091187,0.0,0.025764998400140328,0.005427208620191989,0.09913134575930857,0.10816709590117421,0.03509537736260858,0.17373084813828626,0.1070321707625824,0.04330175913396482,0.011305600419049282,0.06364310969487974,0.036972368937971976,0.07010345279147934,0.02413898467851063,0.03138504517875071,0.03871840761272862,0.07852808939718015,0.04168667335981492,0.03705967087170981,S-DIAB__ML_K4_marginals,E2.2
N3-POOLPROP,33113,0.02609652639718317,0.02620405384811419,0.029362217171466996,0.022908753195107327,0.023025686121752438,0.020553973249694404,864.1342785899263,972.2710971987867,1133.531887729802,5717759.0,172.67414610575906,0.0,0.025769536586889692,0.004511024338388083,0.09914535076858032,0.10814483737504907,0.03512215746081599,0.1737384108960227,0.10702745145411167,0.043306254341195304,0.011324857306797935,0.06363059825446199,0.036964334249388456,0.07009331682420801,0.024159695587835595,0.03137740464470148,0.03871591217950654,0.07851901066046568,0.0416754748890164,0.037054933107842844,S-DIAB__ML_K4_marginals,E2.2
N3-POOLPROP,47863,0.026006122633831067,0.026057030098005973,0.028853517220633597,0.022904428908410508,0.022920892565098883,0.020455366990669775,1244.7310476230564,1381.015894731186,1531.8647943379797,8264770.0,172.67555314125732,0.0,0.025773770805437336,0.0038067752699972486,0.09913712053151703,0.10814198859244092,0.03512107473413702,0.17372500679021374,0.10703466142949669,0.043311117146856655,0.011323987213505212,0.06361907945594718,0.03698054864926979,0.07009589871090403,0.024152267931387503,0.0313812339385329,0.03871466477237114,0.07851576374234795,0.04168146585044816,0.03706412051062407,S-DIAB__ML_K4_marginals,E2.2
N3-POOLPROP,69183,0.026036913155371055,0.02595988928330091,0.028331355190802043,0.022984585081736172,0.02299591734544246,0.020393837351816727,1801.3117628280359,1960.0481461652578,2109.0579845975685,11946110.0,172.674067328679,0.0,0.025769811673389226,0.0031290416139793985,0.09914285301302343,0.10814795542257491,0.035109781304655766,0.17372764985617853,0.10703496523712473,0.04330543630660712,0.011317809288409001,0.0636283480045676,0.03697440122573464,0.07010392726536865,0.024153332466068253,0.03138054146249801,0.03870893138487779,0.0785163985372129,0.041686541491406846,0.0370611277336918,S-DIAB__ML_K4_marginals,E2.2
N3-POOLPROP,100000,0.025986855735658985,0.025960787033688426,0.027845871113574807,0.022940787545342838,0.02290190754534234,0.020317315029317037,2598.6855735658983,2784.587111357481,2974.559111295138,17267417.0,172.67417,0.0,0.025772089321922712,0.0025409844520787417,0.09914,0.10815,0.03511,0.17373,0.10704,0.0433,0.01132,0.06363,0.03698,0.0701,0.02416,0.03138,0.03871,0.07852,0.04168,0.03705,S-DIAB__ML_K4_marginals,E2.2
