c0,n,T,err_l2,cost_per_sample,cost_total,fallback,explore_frac
0.01,25,2000,0.022164654273836345,87.0273,174054.6,0.01,0.2
0.01,25,5000,0.02294359436288643,84.943872,424719.36,0.01,0.08
0.01,25,20000,0.0231055070480386,83.567268,1671345.36,0.01,0.02
0.01,100,2000,0.020892077990945977,99.2988,198597.6,0.0,0.8
0.01,100,5000,0.011261617527079014,89.224992,446124.96,0.0,0.32
0.01,100,20000,0.012955849339431147,83.523636,1670472.72,0.0,0.08
0.01,400,2000,0.03676267851665358,103.5,207000.0,0.0,3.2
0.01,400,5000,0.036812266940439035,103.4928,517464.0,0.0,1.28
0.01,400,20000,0.003723956072697124,89.060328,1781206.56,0.0,0.32
0.02,25,2000,0.02078240519098219,87.34230000000001,174684.6,0.01,0.2
0.02,25,5000,0.021622276120675302,85.312512,426562.56,0.01,0.08
0.02,25,20000,0.021422572983872245,83.946942,1678938.84,0.01,0.02
0.02,100,2000,0.021260679208374662,99.42408,198848.16,0.0,0.8
0.02,100,5000,0.007968757954849925,90.039528,450197.64,0.0,0.32
0.02,100,20000,0.008582602834542895,84.817908,1696358.16,0.0,0.08
0.02,400,2000,0.03676267851665358,103.5,207000.0,0.0,3.2
0.02,400,5000,0.036812266940439035,103.4928,517464.0,0.0,1.28
0.02,400,20000,0.001902809245845659,89.840214,1796804.28,0.0,0.32
0.05,25,2000,0.01797888096406543,91.80144,183602.88,0.01,0.2
0.05,25,5000,0.01782779380642483,90.533088,452665.44,0.01,0.08
0.05,25,20000,0.01742962238485822,89.610354,1792207.08,0.01,0.02
0.05,100,2000,0.01910291789754445,101.35368,202707.36,0.0,0.8
0.05,100,5000,0.005246241120405825,95.671872,478359.36,0.0,0.32
0.05,100,20000,0.0047832957056271625,92.847438,1856948.76,0.0,0.08
0.05,400,2000,0.03676267851665358,103.5,207000.0,0.01,3.2
0.05,400,5000,0.036812266940439035,103.4928,517464.0,0.01,1.28
0.05,400,20000,0.00025777355175081256,94.420296,1888405.92,0.01,0.32
0.1,25,2000,0.014347984475572612,101.3391,202678.2,0.2,0.2
0.1,25,5000,0.013487560423884114,100.99548,504977.4,0.2,0.08
0.1,25,20000,0.012542797965584877,100.668726,2013374.52,0.2,0.02
0.1,100,2000,0.013503420837627032,104.06034,208120.68,0.36,0.8
0.1,100,5000,0.0015318363164611567,105.633144,528165.72,0.36,0.32
0.1,100,20000,0.0012172721288895886,106.503318,2130066.36,0.36,0.08
0.1,400,2000,0.03676267851665358,103.5,207000.0,0.36,3.2
0.1,400,5000,0.036812266940439035,103.4928,517464.0,0.36,1.28
0.1,400,20000,0.00012656461173769993,106.51991399999999,2130398.28,0.36,0.32
