cost_draw,c0,n,recovery,near_opt_1usd,fallback,truly_infeasible,realised_cost,gap_vs_admissible,gap_vs_any,margin_ok,mean_sel_margin,n_admissible,C_star,C_any,gap2,thm3_bound,thm3_n
0,0.01,25,0.052,0.5222222222222223,0.0,0.64,86.97025758983393,4.7430329361210966,5.293754585046614,0.308,-4.787419313405027,51,82.22722465371284,81.67650300478732,0.19093563556214121,21821.462007337614,1814420
0,0.02,25,0.056,0.5164835164835165,0.0,0.636,87.09477998772815,4.867555334015307,5.418276982940824,0.26,-4.978225607125999,31,82.22722465371284,81.67650300478732,0.19093563556214121,10910.731003668807,453605
0,0.05,25,0.0,0.7884615384615384,0.0,0.584,88.18520056816236,-2.512654044795468,6.508697563375037,0.236,-2.710585962318646,6,90.69785461295783,81.67650300478732,17.30214538704213,4364.292401467523,72577
1,0.01,25,0.048,0.24742268041237114,0.0,0.612,39.277313612438725,9.487217852822546,12.08727862993111,0.288,-0.675151189358286,51,29.79009575961618,27.190034982507616,20.530770431096528,168992.9667835202,1814420
1,0.02,25,0.012,0.9166666666666666,0.0,0.568,40.3601382491383,-9.960727941574405,13.170103266630687,0.076,-0.5147505244824256,31,50.32086619071271,27.190034982507616,6.720728368986258,84496.4833917601,453605
1,0.05,25,0.0,1.0,0.0,0.648,46.223730326040965,-351.0547941888917,19.03369534353335,0.004,-1.0266796981599204,6,397.2785245149327,27.190034982507616,13.634881606649401,33798.59335670405,72577
2,0.01,25,0.168,0.6056338028169014,0.0,0.432,25.268396623774997,3.637610045547831,3.637610045547831,0.552,-0.2509079497433389,51,21.630786578227166,21.630786578227166,0.7364028742941287,114148.94003389872,1814420
2,0.02,25,0.16,0.6054421768707483,0.0,0.412,26.546365369226887,4.915578790999721,4.915578790999721,0.424,-0.30604141926571904,31,21.630786578227166,21.630786578227166,0.7364028742941287,57074.47001694936,453605
2,0.05,25,0.22,0.631578947368421,0.0,0.392,35.90538278888634,13.538193336365048,14.274596210659176,0.36,-0.2623460652278695,6,22.367189452521295,21.630786578227166,48.82645783723198,22829.788006779745,72577
3,0.01,25,0.252,0.6176470588235294,0.0,0.592,33.9332735406166,4.665215769173603,4.665215769173603,0.352,-6.9605065754555815,51,29.268057771442994,29.268057771442994,4.097808034199925,81449.12685366854,1814420
3,0.02,25,0.208,0.4642857142857143,0.0,0.552,35.727993138487285,6.459935367044292,6.459935367044292,0.368,-6.385120361258969,31,29.268057771442994,29.268057771442994,4.097808034199925,40724.56342683427,453605
3,0.05,25,0.0,0.9363636363636364,0.0,0.56,41.628955378043976,-41.090169776087386,12.360897606600982,0.344,-5.656307713613804,6,82.71912515413136,29.268057771442994,3.110937964777321,16289.825370733706,72577
4,0.01,25,0.024,0.36538461538461536,0.0,0.584,50.24358957569878,6.522548882527666,7.288295871275615,0.416,-1.7096043675202692,51,43.72104069317111,42.95529370442316,2.490846516310299,140852.99970803846,1814420
4,0.02,25,0.1,0.6166666666666667,0.0,0.52,51.49191705687792,5.280029847396506,8.536623352454754,0.292,-1.6674063037741094,31,46.21188720948141,42.95529370442316,1.117246787612821,70426.49985401923,453605
4,0.05,25,0.1,0.4316546762589928,0.0,0.444,59.830259303228566,13.618372093747155,16.874965598805403,0.244,-1.5050440901326227,6,46.21188720948141,42.95529370442316,14.664578736516049,28170.599941607692,72577
5,0.01,25,0.024,0.9448275862068966,0.0,0.42,35.55301728383964,-14.380008294029203,18.489406824051127,0.276,-0.6972532907554755,51,49.93302557786884,17.06361045978851,30.126400155304687,164266.55707618952,1814420
5,0.02,25,0.032,0.9302325581395349,0.0,0.484,37.319076895901794,-12.613948681967045,20.255466436113284,0.036,-0.7261876177848798,31,49.93302557786884,17.06361045978851,30.126400155304687,82133.27853809476,453605
5,0.05,25,0.008,0.9545454545454546,0.0,0.56,58.26353798719669,-114.25144085202783,41.19992752740818,0.1,-0.7525411278598226,6,172.5149788392245,17.06361045978851,5.863170832534365,32853.3114152379,72577
6,0.01,25,0.012,0.9880952380952381,0.0,0.664,33.40844701434977,-34.9126208712242,7.699162944420337,0.036,-0.38972364049302677,51,68.32106788557397,25.70928406992943,0.24030919601358391,162526.33347566213,1814420
6,0.02,25,0.048,0.9529411764705882,0.0,0.66,39.8269888200116,-28.494079065562367,14.117704750082169,0.08,-0.41047661530517665,31,68.32106788557397,25.70928406992943,0.24030919601358391,81263.16673783107,453605
6,0.05,25,0.14,0.8547008547008547,0.0,0.532,56.62763090216683,-11.693436983407139,30.918346832237397,0.236,-0.4398360188233292,6,68.32106788557397,25.70928406992943,148.79536188964747,32505.26669513243,72577
7,0.01,25,0.056,0.782608695652174,0.0,0.724,28.579155868891636,3.3997482816872697,4.055999809653773,0.272,-1.3565162196010438,51,25.179407587204366,24.523156059237863,0.18677894041874055,101491.08822709708,1814420
7,0.02,25,0.06,0.6891891891891891,0.0,0.704,29.10626996639249,3.9268623791881225,4.583113907154626,0.128,-1.2503858489873598,31,25.179407587204366,24.523156059237863,0.18677894041874055,50745.54411354854,453605
7,0.05,25,0.024,0.8709677419354839,0.0,0.628,39.581197743693636,-11.735575710786748,15.058041684455773,0.156,-0.800376171441968,6,51.31677345448038,24.523156059237863,9.09508533593619,20298.217645419416,72577
8,0.01,25,0.02,0.6923076923076923,0.0,0.688,53.61690762579725,-7.111023870547292,16.98557192003041,0.176,-10.249518485683613,51,60.727931496344546,36.631335705766844,0.344190101494533,129161.15230381224,1814420
8,0.02,25,0.012,0.8604651162790697,0.0,0.656,55.959589890031765,-13.088721853736445,19.32825418426492,0.088,-8.847232144784863,31,69.04831174376821,36.631335705766844,0.5102194762290253,64580.57615190612,453605
8,0.05,25,0.004,0.8921568627450981,0.0,0.592,77.49503952867545,-49.44341246354479,40.863703822908604,0.044,-5.328621517865264,6,126.93845199222024,36.631335705766844,43.306221169030195,25832.230460762446,72577
9,0.01,25,0.196,0.7017543859649122,0.0,0.544,19.07785733098401,3.6295617438199574,5.152635749929598,0.304,-8.609730185668708,51,15.448295587164052,13.925221581054412,9.272081952572675,135591.41822457514,1814420
9,0.02,25,0.172,0.6016949152542372,0.0,0.528,20.52141337288803,5.073117785723978,6.596191791833618,0.284,-8.326737563205995,31,15.448295587164052,13.925221581054412,11.067474103780418,67795.70911228757,453605
9,0.05,25,0.0,1.0,0.0,0.564,26.527909294369074,-131.54242563611268,12.602687713314662,0.212,-6.4799729195478095,6,158.07033493048175,13.925221581054412,30.39113501658386,27118.283644915024,72577
0,0.01,50,0.064,0.6931818181818182,0.0,0.648,86.14975792948101,3.922533275768174,4.473254924693691,0.28,-4.729315725940449,51,82.22722465371284,81.67650300478732,0.19093563556214121,15430.103760793036,1814420
0,0.02,50,0.092,0.6923076923076923,0.0,0.584,86.04897151072471,3.821746857011874,4.372468505937391,0.272,-3.847341041913699,31,82.22722465371284,81.67650300478732,0.19093563556214121,7715.051880396518,453605
0,0.05,50,0.024291497975708502,0.7328767123287672,0.012,0.416,89.96860944120999,-0.7292451717478343,8.29210643642267,0.364,-2.3963068399007628,6,90.69785461295783,81.67650300478732,17.30214538704213,3086.020752158607,72577
1,0.01,50,0.064,0.4065934065934066,0.0,0.636,34.02502320697471,4.23492744735853,6.834988224467093,0.256,-0.7605675953459549,51,29.79009575961618,27.190034982507616,20.530770431096528,119496.07278546011,1814420
1,0.02,50,0.008,0.9595959595959596,0.0,0.604,34.23805140244365,-16.082814788269054,7.048016419936037,0.088,-0.656113324760029,31,50.32086619071271,27.190034982507616,6.720728368986258,59748.03639273006,453605
1,0.05,50,0.004048582995951417,0.9908256880733946,0.012,0.564,59.92199503693134,-337.3565294780014,32.73196005442372,0.032,-0.837336976812919,6,397.2785245149327,27.190034982507616,13.634881606649401,23899.214557092022,72577
2,0.01,50,0.28,0.7924528301886793,0.0,0.364,22.42625152348166,0.7954649452544942,0.7954649452544942,0.632,-0.24683909656124087,51,21.630786578227166,21.630786578227166,0.7364028742941287,80715.48956322635,1814420
2,0.02,50,0.268,0.8092485549132948,0.0,0.308,24.862724438009042,3.231937859781876,3.231937859781876,0.584,-0.22848480100782598,31,21.630786578227166,21.630786578227166,0.7364028742941287,40357.744781613175,453605
2,0.05,50,0.4048582995951417,0.7988826815642458,0.012,0.284,37.41144893895731,15.044259486436012,15.78066236073014,0.576,-0.4719655670390732,6,22.367189452521295,21.630786578227166,48.82645783723198,16143.097912645271,72577
3,0.01,50,0.276,0.5798319327731093,0.0,0.524,33.13671886029288,3.868661088849887,3.868661088849887,0.388,-5.6778086928392,51,29.268057771442994,29.268057771442994,4.097808034199925,57593.22991995235,1814420
3,0.02,50,0.236,0.45384615384615384,0.0,0.48,34.377208039778665,5.1091502683356715,5.1091502683356715,0.408,-5.9093362416827295,31,29.268057771442994,29.268057771442994,4.097808034199925,28796.614959976174,453605
3,0.05,50,0.008097165991902834,0.95,0.012,0.44,45.21744197596754,-37.50168317816382,15.949384204524545,0.452,-4.891693621516415,6,82.71912515413136,29.268057771442994,3.110937964777321,11518.64598399047,72577
4,0.01,50,0.016,0.4,0.0,0.46,48.02467491736677,4.303634224195655,5.069381212943604,0.54,-1.2836554388138857,51,43.72104069317111,42.95529370442316,2.490846516310299,99598.11124402078,1814420
4,0.02,50,0.156,0.7034482758620689,0.0,0.42,50.17762909869521,3.9657418892138026,7.222335394272051,0.34,-1.8724003645225515,31,46.21188720948141,42.95529370442316,1.117246787612821,49799.05562201039,453605
4,0.05,50,0.13360323886639677,0.4176470588235294,0.012,0.32,67.77397453795832,21.562087328476913,24.81868083353516,0.312,-2.777178999483345,6,46.21188720948141,42.95529370442316,14.664578736516049,19919.622248804157,72577
5,0.01,50,0.032,0.9508196721311475,0.0,0.512,32.32641212043627,-17.606613457432573,15.262801660647757,0.28,-0.642774094593824,51,49.93302557786884,17.06361045978851,30.126400155304687,116153.99643074065,1814420
5,0.02,50,0.056,0.9292035398230089,0.0,0.548,39.05756055821735,-10.875465019651493,21.993950098428837,0.072,-0.6261260209007349,31,49.93302557786884,17.06361045978851,30.126400155304687,58076.998215370324,453605
5,0.05,50,0.044534412955465584,0.9495798319327731,0.012,0.524,78.63341631260384,-93.88156252662067,61.569805852815335,0.232,-0.8503742385315242,6,172.5149788392245,17.06361045978851,5.863170832534365,23230.79928614813,72577
6,0.01,50,0.028,0.9894736842105263,0.0,0.62,33.950293858249395,-34.37077402732457,8.241009788319964,0.06,-0.223526342717536,51,68.32106788557397,25.70928406992943,0.24030919601358391,114923.47252202687,1814420
6,0.02,50,0.064,0.9607843137254902,0.0,0.592,42.09297613782773,-26.228091747746234,16.383692067898302,0.12,-0.2235393987744037,31,68.32106788557397,25.70928406992943,0.24030919601358391,57461.73626101344,453605
6,0.05,50,0.29554655870445345,0.8947368421052632,0.012,0.392,67.80295624804766,-0.5181116375263031,42.09367217811823,0.444,-0.4306271649626203,6,68.32106788557397,25.70928406992943,148.79536188964747,22984.694504405375,72577
7,0.01,50,0.092,0.891566265060241,0.0,0.668,28.34620073107102,3.166793143866652,3.8230446718331557,0.332,-1.4052730490852563,51,25.179407587204366,24.523156059237863,0.18677894041874055,71765.03671538252,1814420
7,0.02,50,0.108,0.7938144329896907,0.0,0.612,29.112663207008108,3.9332556198037416,4.589507147770245,0.212,-1.002724407091573,31,25.179407587204366,24.523156059237863,0.18677894041874055,35882.51835769126,453605
7,0.05,50,0.06477732793522267,0.926829268292683,0.012,0.508,38.12210565519456,-13.194667799285824,13.598949595956697,0.336,-0.8017160766524087,6,51.31677345448038,24.523156059237863,9.09508533593619,14353.007343076502,72577
8,0.01,50,0.016,0.8125,0.0,0.616,49.82883929611384,-10.899092200230704,13.197503590346997,0.176,-5.135542819534304,51,60.727931496344546,36.631335705766844,0.344190101494533,91330.72665989409,1814420
8,0.02,50,0.024,0.875,0.0,0.616,54.4439888323675,-14.604322911400708,17.812653126600658,0.108,-5.078639590414059,31,69.04831174376821,36.631335705766844,0.5102194762290253,45665.363329947046,453605
8,0.05,50,0.008097165991902834,0.8854961832061069,0.012,0.476,84.10695912030313,-42.831492871917106,47.47562341453629,0.092,-3.583523178842134,6,126.93845199222024,36.631335705766844,43.306221169030195,18266.145331978816,72577
9,0.01,50,0.216,0.6942148760330579,0.0,0.516,18.994088504369948,3.5457929172058957,5.068866923315536,0.328,-6.97741472336039,51,15.448295587164052,13.925221581054412,9.272081952572675,95877.6112972983,1814420
9,0.02,50,0.208,0.5579710144927537,0.0,0.448,21.411814403794427,5.9635188166303745,7.486592822740015,0.324,-7.0078161871791345,31,15.448295587164052,13.925221581054412,11.067474103780418,47938.80564864915,453605
9,0.05,50,0.004048582995951417,0.9851851851851852,0.012,0.46,37.22907103547923,-120.84126389500253,23.303849454424817,0.264,-4.670966622318317,6,158.07033493048175,13.925221581054412,30.39113501658386,19175.522259459656,72577
0,0.01,100,0.116,0.7933884297520661,0.0,0.516,83.71399250278594,1.4867678490731038,2.037489497998621,0.392,-4.265536575446693,51,82.22722465371284,81.67650300478732,0.19093563556214121,10910.731003668807,1814420
0,0.02,100,0.096,0.6986301369863014,0.0,0.416,84.81116006387144,2.5839354101586025,3.1346570590841196,0.376,-3.0903041347666287,31,82.22722465371284,81.67650300478732,0.19093563556214121,5455.365501834403,453605
0,0.05,100,0.05371900826446281,0.7441860465116279,0.032,0.312,90.47236069916754,-0.22549391379028805,8.795857694380217,0.472,-1.3532657932511367,6,90.69785461295783,81.67650300478732,17.30214538704213,2182.1462007337614,72577
1,0.01,100,0.124,0.5652173913043478,0.0,0.54,32.37439276501317,2.5842970053969907,5.184357782505554,0.308,-0.5938871454849147,51,29.79009575961618,27.190034982507616,20.530770431096528,84496.4833917601,1814420
1,0.02,100,0.008,0.8771929824561403,0.0,0.544,36.677546170826986,-13.64332001988572,9.48751118831937,0.136,-0.46032679836719,31,50.32086619071271,27.190034982507616,6.720728368986258,42248.24169588005,453605
1,0.05,100,0.024793388429752067,0.9929078014184397,0.032,0.436,98.07766398161547,-299.20086053331727,70.88762899910786,0.12,-0.6222902255395015,6,397.2785245149327,27.190034982507616,13.634881606649401,16899.296678352024,72577
2,0.01,100,0.472,0.9117647058823529,0.0,0.184,22.541687224522022,0.9109006462948557,0.9109006462948557,0.816,-0.09601562755438658,51,21.630786578227166,21.630786578227166,0.7364028742941287,57074.47001694936,1814420
2,0.02,100,0.436,0.909952606635071,0.0,0.156,22.098916075564066,0.4681294973368999,0.4681294973368999,0.78,-0.04063688428570628,31,21.630786578227166,21.630786578227166,0.7364028742941287,28537.23500847468,453605
2,0.05,100,0.5619834710743802,0.8904109589041096,0.032,0.124,30.536028751205805,8.16883929868451,8.905242172978639,0.776,-0.2456762062562506,6,22.367189452521295,21.630786578227166,48.82645783723198,11414.894003389873,72577
3,0.01,100,0.388,0.697841726618705,0.0,0.444,31.614834999663824,2.34677722822083,2.34677722822083,0.52,-6.240736357068619,51,29.268057771442994,29.268057771442994,4.097808034199925,40724.56342683427,1814420
3,0.02,100,0.292,0.48026315789473684,0.0,0.392,34.24680831693338,4.978750545490389,4.978750545490389,0.5,-6.708145255438776,31,29.268057771442994,29.268057771442994,4.097808034199925,20362.281713417135,453605
3,0.05,100,0.004132231404958678,0.926829268292683,0.032,0.344,48.64758927475621,-34.071535879375155,19.379531503313213,0.512,-3.3935631071407286,6,82.71912515413136,29.268057771442994,3.110937964777321,8144.912685366853,72577
4,0.01,100,0.024,0.3390804597701149,0.0,0.304,49.06924708581845,5.3482063926473415,6.113953381395291,0.696,-0.9689615362711699,51,43.72104069317111,42.95529370442316,2.490846516310299,70426.49985401923,1814420
4,0.02,100,0.172,0.601123595505618,0.0,0.288,50.0376881780309,3.825800968549487,7.082394473607735,0.472,-1.3599862296421583,31,46.21188720948141,42.95529370442316,1.117246787612821,35213.249927009616,453605
4,0.05,100,0.21074380165289255,0.39215686274509803,0.032,0.184,65.6827033445804,19.470816135098993,22.72740964015724,0.484,-0.6499043054121004,6,46.21188720948141,42.95529370442316,14.664578736516049,14085.299970803846,72577
5,0.01,100,0.04,0.9836065573770492,0.0,0.512,30.366598649419572,-19.566426928449268,13.302988189631062,0.26,-0.235121591706431,51,49.93302557786884,17.06361045978851,30.126400155304687,82133.27853809476,1814420
5,0.02,100,0.124,0.9302325581395349,0.0,0.484,38.76390958431617,-11.169115993552673,21.700299124527657,0.132,-0.3948615383616724,31,49.93302557786884,17.06361045978851,30.126400155304687,41066.63926904738,453605
5,0.05,100,0.08677685950413223,0.959731543624161,0.032,0.404,89.0565741316709,-83.45840470755361,71.99296367188239,0.412,-0.7469563486584145,6,172.5149788392245,17.06361045978851,5.863170832534365,16426.65570761895,72577
6,0.01,100,0.056,0.9719626168224299,0.0,0.572,38.04628119533327,-30.274786690240695,12.33699712540384,0.108,-0.13873031517514636,51,68.32106788557397,25.70928406992943,0.24030919601358391,81263.16673783107,1814420
6,0.02,100,0.16,1.0,0.0,0.5,46.05508058441845,-22.26598730115552,20.345796514489017,0.232,-0.1461807923649396,31,68.32106788557397,25.70928406992943,0.24030919601358391,40631.58336891553,453605
6,0.05,100,0.49173553719008267,0.9637305699481865,0.032,0.228,65.3892103657525,-2.931857519821463,39.67992629582307,0.648,-0.02584499951521321,6,68.32106788557397,25.70928406992943,148.79536188964747,16252.633347566216,72577
7,0.01,100,0.128,0.9035087719298246,0.0,0.544,25.713162373831295,0.533754786626929,1.1900063145934325,0.456,-1.09039742545725,51,25.179407587204366,24.523156059237863,0.18677894041874055,50745.54411354854,1814420
7,0.02,100,0.124,0.7863247863247863,0.0,0.532,27.024767126816776,1.84535953961241,2.5016110675789136,0.296,-1.412274116026414,31,25.179407587204366,24.523156059237863,0.18677894041874055,25372.77205677427,453605
7,0.05,100,0.16115702479338842,0.9526627218934911,0.032,0.324,40.853131471768656,-10.463641982711728,16.329975412530793,0.492,-0.46651844224429184,6,51.31677345448038,24.523156059237863,9.09508533593619,10149.108822709708,72577
8,0.01,100,0.024,0.8317757009345794,0.0,0.572,47.62167044580731,-13.106261050537235,10.990334740040467,0.208,-4.360641385250894,51,60.727931496344546,36.631335705766844,0.344190101494533,64580.57615190612,1814420
8,0.02,100,0.024,0.8872180451127819,0.0,0.468,53.39643185249858,-15.65187989126963,16.765096146731736,0.172,-4.332172694636618,31,69.04831174376821,36.631335705766844,0.5102194762290253,32290.28807595306,453605
8,0.05,100,0.045454545454545456,0.8888888888888888,0.032,0.316,89.38648213696783,-37.55196985525241,52.755146431200984,0.28,-2.42631164951315,6,126.93845199222024,36.631335705766844,43.306221169030195,12916.115230381223,72577
9,0.01,100,0.248,0.7986111111111112,0.0,0.424,17.856764251109226,2.4084686639451736,3.9315426700548137,0.352,-9.54045508283222,51,15.448295587164052,13.925221581054412,9.272081952572675,67795.70911228757,1814420
9,0.02,100,0.204,0.6423841059602649,0.0,0.396,19.91618516295307,4.467889575789018,5.990963581898658,0.376,-8.178274583243638,31,15.448295587164052,13.925221581054412,11.067474103780418,33897.854556143786,453605
9,0.05,100,0.024793388429752067,0.9805194805194806,0.032,0.384,47.581226350187656,-110.4891085802941,33.65600476913325,0.356,-3.80695585286561,6,158.07033493048175,13.925221581054412,30.39113501658386,13559.141822457512,72577
0,0.01,200,0.148,0.8657718120805369,0.0,0.404,83.25131123241651,1.024086578703674,1.574808227629191,0.524,-2.4796556840065724,51,82.22722465371284,81.67650300478732,0.19093563556214121,7715.051880396518,1814420
0,0.02,200,0.208,0.8,0.0,0.28,83.87463237967907,1.6474077259662323,2.1981293748917494,0.544,-1.7253827672538402,31,82.22722465371284,81.67650300478732,0.19093563556214121,3857.525940198259,453605
0,0.05,200,0.0728744939271255,0.7321428571428571,0.012,0.104,90.67421086999153,-0.023643742966299897,8.997707865204205,0.72,-0.28524085481787337,6,90.69785461295783,81.67650300478732,17.30214538704213,1543.0103760793036,72577
1,0.01,200,0.2,0.6330935251798561,0.0,0.444,31.055938480240062,1.2658427206238834,3.8659034977324467,0.38,-0.3453510466436504,51,29.79009575961618,27.190034982507616,20.530770431096528,59748.03639273006,1814420
1,0.02,200,0.008,0.8783783783783784,0.0,0.408,36.923109499779926,-13.39775669093278,9.73307451727231,0.256,-0.46331629036159544,31,50.32086619071271,27.190034982507616,6.720728368986258,29874.01819636503,453605
1,0.05,200,0.020242914979757085,0.98989898989899,0.012,0.208,112.49947668961337,-284.77904782531937,85.30944170710576,0.264,-0.1336142696320058,6,397.2785245149327,27.190034982507616,13.634881606649401,11949.607278546011,72577
2,0.01,200,0.692,0.9691629955947136,0.0,0.092,21.83673925303079,0.20595267480362267,0.20595267480362267,0.908,-0.0006084965470884911,51,21.630786578227166,21.630786578227166,0.7364028742941287,40357.744781613175,1814420
2,0.02,200,0.616,0.9621848739495799,0.0,0.048,22.005536678901265,0.374750100674099,0.374750100674099,0.92,0.025964056093322963,31,21.630786578227166,21.630786578227166,0.7364028742941287,20178.872390806588,453605
2,0.05,200,0.5951417004048583,0.9338842975206612,0.012,0.032,27.228841621499384,4.86165216897809,5.598055043272218,0.916,0.05218579174889924,6,22.367189452521295,21.630786578227166,48.82645783723198,8071.548956322636,72577
3,0.01,200,0.62,0.7989690721649485,0.0,0.224,30.710151928429255,1.4420941569862613,1.4420941569862613,0.744,-1.3902419217913071,51,29.268057771442994,29.268057771442994,4.097808034199925,28796.614959976174,1814420
3,0.02,200,0.548,0.6618357487922706,0.0,0.172,32.7608043991348,3.4927466276918047,3.4927466276918047,0.788,-1.3940480016288483,31,29.268057771442994,29.268057771442994,4.097808034199925,14398.307479988087,453605
3,0.05,200,0.008097165991902834,0.9366515837104072,0.012,0.116,46.99911217247613,-35.72001298165523,17.731054401033138,0.816,-0.8202235204651981,6,82.71912515413136,29.268057771442994,3.110937964777321,5759.322991995235,72577
4,0.01,200,0.052,0.373134328358209,0.0,0.196,47.3670521308272,3.6460114376560853,4.411758426404035,0.804,-0.3803477800358515,51,43.72104069317111,42.95529370442316,2.490846516310299,49799.05562201039,1814420
4,0.02,200,0.296,0.6832579185520362,0.0,0.116,48.77908545591671,2.5671982464352965,5.823791751493545,0.628,-0.5751212099144435,31,46.21188720948141,42.95529370442316,1.117246787612821,24899.527811005195,453605
4,0.05,200,0.3117408906882591,0.41596638655462187,0.012,0.048,60.67587436263876,14.463987153157348,17.720580658215596,0.632,-0.19186542612728044,6,46.21188720948141,42.95529370442316,14.664578736516049,9959.811124402078,72577
5,0.01,200,0.076,0.9689922480620154,0.0,0.484,29.420618284129944,-20.512407293738896,12.357007824341434,0.376,-0.24449151792725024,51,49.93302557786884,17.06361045978851,30.126400155304687,58076.998215370324,1814420
5,0.02,200,0.22,0.8880597014925373,0.0,0.464,44.128251933946025,-5.804773643922815,27.064641474157515,0.26,-0.21834310252507838,31,49.93302557786884,17.06361045978851,30.126400155304687,29038.499107685162,453605
5,0.05,200,0.12550607287449392,0.9711538461538461,0.012,0.168,92.29781017075899,-80.21716866846552,75.23419971097049,0.736,-0.06120610088070953,6,172.5149788392245,17.06361045978851,5.863170832534365,11615.399643074064,72577
6,0.01,200,0.092,1.0,0.0,0.468,40.06941426329745,-28.251653622276514,14.360130193368022,0.172,-0.0676626384561616,51,68.32106788557397,25.70928406992943,0.24030919601358391,57461.73626101344,1814420
6,0.02,200,0.212,1.0,0.0,0.304,51.0356394209555,-17.28542846461847,25.326355351026066,0.408,-0.02066707867533285,31,68.32106788557397,25.70928406992943,0.24030919601358391,28730.86813050672,453605
6,0.05,200,0.5141700404858299,0.9868995633187773,0.012,0.084,65.82125846142314,-2.4998094241508255,40.11197439149371,0.828,0.05074212600296366,6,68.32106788557397,25.70928406992943,148.79536188964747,11492.347252202688,72577
7,0.01,200,0.26,0.9615384615384616,0.0,0.376,25.43648354443601,0.2570759572316419,0.9133274851981454,0.624,-0.5416276045634942,51,25.179407587204366,24.523156059237863,0.18677894041874055,35882.51835769126,1814420
7,0.02,200,0.312,0.8603351955307262,0.0,0.284,26.604785110687338,1.4253775234829718,2.0816290514494753,0.572,-0.43411362493381295,31,25.179407587204366,24.523156059237863,0.18677894041874055,17941.25917884563,453605
7,0.05,200,0.20242914979757085,0.9911894273127754,0.012,0.092,38.65872299817684,-12.658050456303542,14.135566938938979,0.764,0.025938070271275857,6,51.31677345448038,24.523156059237863,9.09508533593619,7176.503671538251,72577
8,0.01,200,0.024,0.8666666666666667,0.0,0.46,46.49147021828941,-14.236461278055138,9.860134512522563,0.324,-2.1217174979910123,51,60.727931496344546,36.631335705766844,0.344190101494533,45665.363329947046,1814420
8,0.02,200,0.08,0.8827160493827161,0.0,0.352,56.42053445890265,-12.627777284865559,19.789198753135807,0.292,-1.7287816022208544,31,69.04831174376821,36.631335705766844,0.5102194762290253,22832.681664973523,453605
8,0.05,200,0.03643724696356275,0.8858447488584474,0.012,0.124,95.62353606555777,-31.314915926662465,58.99220035979093,0.452,-0.9144250353672688,6,126.93845199222024,36.631335705766844,43.306221169030195,9133.072665989408,72577
9,0.01,200,0.344,0.8580246913580247,0.0,0.352,16.515978214334197,1.0676826271701447,2.590756633279785,0.428,-4.247515359269546,51,15.448295587164052,13.925221581054412,9.272081952572675,47938.80564864915,1814420
9,0.02,200,0.416,0.6958762886597938,0.0,0.224,19.665777740745437,4.2174821535813845,5.740556159691025,0.624,-3.1860170221376056,31,15.448295587164052,13.925221581054412,11.067474103780418,23969.402824324574,453605
9,0.05,200,0.012145748987854251,0.9867256637168141,0.012,0.096,48.720210618531944,-109.3501243119498,34.794989037477535,0.624,-0.8495483893066227,6,158.07033493048175,13.925221581054412,30.39113501658386,9587.761129729828,72577
0,0.01,400,0.256,0.961352657004831,0.0,0.172,82.52119741494374,0.2939727612309042,0.8446944101564213,0.724,-0.8713158936172487,51,82.22722465371284,81.67650300478732,0.19093563556214121,5455.365501834403,1814420
0,0.02,400,0.272,0.9162995594713657,0.0,0.092,83.00838747867627,0.781162824963431,1.3318844738889482,0.7,-0.218554286593249,31,82.22722465371284,81.67650300478732,0.19093563556214121,2727.6827509172017,453605
0,0.05,400,0.1902834008097166,0.7877551020408163,0.012,0.02,90.12858396187532,-0.5692706510825047,8.452080957088,0.884,0.03849937682392542,6,90.69785461295783,81.67650300478732,17.30214538704213,1091.0731003668807,72577
1,0.01,400,0.256,0.6774193548387096,0.0,0.38,32.668267145181595,2.878171385565416,5.478232162673979,0.432,-0.33693286925839244,51,29.79009575961618,27.190034982507616,20.530770431096528,42248.24169588005,1814420
1,0.02,400,0.064,0.8241758241758241,0.0,0.272,40.42525763719628,-9.895608553516425,13.235222654688666,0.336,-0.20364803191972913,31,50.32086619071271,27.190034982507616,6.720728368986258,21124.120847940027,453605
1,0.05,400,0.03643724696356275,0.9871244635193133,0.012,0.068,139.1041317209588,-258.1743927939739,111.91409673845119,0.484,0.02425103548859686,6,397.2785245149327,27.190034982507616,13.634881606649401,8449.648339176012,72577
2,0.01,400,0.816,0.9959016393442623,0.0,0.024,21.755546855425308,0.12476027719814198,0.12476027719814198,0.976,0.03024892746996244,51,21.630786578227166,21.630786578227166,0.7364028742941287,28537.23500847468,1814420
2,0.02,400,0.744,0.9959514170040485,0.0,0.012,21.81664069967058,0.18585412144341262,0.18585412144341262,0.984,0.03932333391034121,31,21.630786578227166,21.630786578227166,0.7364028742941287,14268.61750423734,453605
2,0.05,400,0.708502024291498,0.9878542510121457,0.012,0.012,22.177242396343534,-0.1899470561777612,0.5464558181163675,0.976,0.06478527062125124,6,22.367189452521295,21.630786578227166,48.82645783723198,5707.447001694936,72577
3,0.01,400,0.812,0.8675213675213675,0.0,0.064,30.129256029932215,0.861198258489221,0.861198258489221,0.9,-0.2767153446944927,51,29.268057771442994,29.268057771442994,4.097808034199925,20362.281713417135,1814420
3,0.02,400,0.688,0.7257383966244726,0.0,0.052,31.930639652660144,2.6625818812171502,2.6625818812171502,0.916,-0.09602679550732937,31,29.268057771442994,29.268057771442994,4.097808034199925,10181.140856708567,453605
3,0.05,400,0.024291497975708502,0.9426229508196722,0.012,0.024,46.603207326102634,-36.11591782802873,17.33514955465964,0.952,0.037909287077644314,6,82.71912515413136,29.268057771442994,3.110937964777321,4072.4563426834266,72577
4,0.01,400,0.028,0.40086206896551724,0.0,0.072,46.403784813667926,2.682744120496814,3.448491109244763,0.928,-0.08027478944781344,51,43.72104069317111,42.95529370442316,2.490846516310299,35213.249927009616,1814420
4,0.02,400,0.388,0.7160493827160493,0.0,0.028,47.321521260470455,1.1096340509890439,4.366227556047292,0.676,-0.18831717432348627,31,46.21188720948141,42.95529370442316,1.117246787612821,17606.624963504808,453605
4,0.05,400,0.46153846153846156,0.508130081300813,0.012,0.016,55.00570580416478,8.793818594683373,12.05041209974162,0.844,0.03957912197335405,6,46.21188720948141,42.95529370442316,14.664578736516049,7042.649985401923,72577
5,0.01,400,0.188,0.9770114942528736,0.0,0.304,32.38551883202027,-17.547506745848573,15.321908372231757,0.548,-0.044385467905047646,51,49.93302557786884,17.06361045978851,30.126400155304687,41066.63926904738,1814420
5,0.02,400,0.4,0.8730964467005076,0.0,0.212,45.49549628285212,-4.4375292950167164,28.431885823063613,0.476,-0.09511740861532561,31,49.93302557786884,17.06361045978851,30.126400155304687,20533.31963452369,453605
5,0.05,400,0.16194331983805668,0.9453781512605042,0.012,0.048,99.10364401348485,-73.41133482573966,82.04003355369635,0.932,0.04177931295259724,6,172.5149788392245,17.06361045978851,5.863170832534365,8213.327853809475,72577
6,0.01,400,0.104,0.9873417721518988,0.0,0.368,43.05466090620936,-25.26640697936461,17.345376836279925,0.248,-0.02538989622780979,51,68.32106788557397,25.70928406992943,0.24030919601358391,40631.58336891553,1814420
6,0.02,400,0.28,1.0,0.0,0.196,52.80178618203914,-15.51928170353483,27.092502112109706,0.508,0.01915164083734773,31,68.32106788557397,25.70928406992943,0.24030919601358391,20315.791684457767,453605
6,0.05,400,0.6882591093117408,1.0,0.012,0.044,67.34635370093126,-0.974714184642707,41.63706963100183,0.932,0.06343535956511819,6,68.32106788557397,25.70928406992943,148.79536188964747,8126.316673783108,72577
7,0.01,400,0.344,0.9285714285714286,0.0,0.216,25.556540387550136,0.3771328003457697,1.0333843283122732,0.784,-0.17243154708884562,51,25.179407587204366,24.523156059237863,0.18677894041874055,25372.77205677427,1814420
7,0.02,400,0.404,0.8761061946902655,0.0,0.096,26.34375579953608,1.1643482123317135,1.820599740298217,0.74,-0.030664236419818143,31,25.179407587204366,24.523156059237863,0.18677894041874055,12686.386028387135,453605
7,0.05,400,0.22672064777327935,1.0,0.012,0.028,37.02887774474512,-14.287895709735267,12.505721685507254,0.88,0.044363012544788284,6,51.31677345448038,24.523156059237863,9.09508533593619,5074.554411354854,72577
8,0.01,400,0.044,0.8486486486486486,0.0,0.26,47.18923824293843,-13.538693253406116,10.557902537171586,0.472,-0.7911656210688629,51,60.727931496344546,36.631335705766844,0.344190101494533,32290.28807595306,1814420
8,0.02,400,0.108,0.9009433962264151,0.0,0.152,57.358995960947446,-11.689315782820763,20.727660255180602,0.444,-0.5018647121285146,31,69.04831174376821,36.631335705766844,0.5102194762290253,16145.14403797653,453605
8,0.05,400,0.11740890688259109,0.871900826446281,0.012,0.032,102.20181213241341,-24.73663985980683,65.57047642664656,0.684,0.02569773084362079,6,126.93845199222024,36.631335705766844,43.306221169030195,6458.057615190612,72577
9,0.01,400,0.476,0.9179487179487179,0.0,0.22,15.749839859503364,0.3015442723393118,1.824618278448952,0.528,-1.6301070442434666,51,15.448295587164052,13.925221581054412,9.272081952572675,33897.854556143786,1814420
9,0.02,400,0.528,0.7534246575342466,0.0,0.124,18.776616718138694,3.3283211309746417,4.851395137084282,0.716,-0.7884858158162956,31,15.448295587164052,13.925221581054412,11.067474103780418,16948.927278071893,453605
9,0.05,400,0.05668016194331984,0.9959016393442623,0.012,0.024,52.61312097795828,-105.45721395252346,38.68789939690387,0.772,0.027896636436859957,6,158.07033493048175,13.925221581054412,30.39113501658386,6779.570911228756,72577
0,0.01,800,0.344,0.9955357142857143,0.0,0.104,82.17432870717509,-0.05289594653774543,0.4978257023877717,0.8,-0.038352793078991525,51,82.22722465371284,81.67650300478732,0.19093563556214121,3857.525940198259,1814420
0,0.02,800,0.472,0.9676113360323887,0.0,0.012,82.50459648862432,0.2773718349114773,0.8280934838369944,0.848,0.029797063539941084,31,82.22722465371284,81.67650300478732,0.19093563556214121,1928.7629700991295,453605
0,0.05,800,0.212,0.916,0.0,0.0,87.2858608428107,-3.41199377014712,5.609357838023385,0.98,0.03999663271550136,6,90.69785461295783,81.67650300478732,17.30214538704213,771.5051880396518,72577
1,0.01,800,0.372,0.702020202020202,0.0,0.208,30.418358933318583,0.628263173702404,3.2283239508109673,0.596,-0.16132962570303533,51,29.79009575961618,27.190034982507616,20.530770431096528,29874.01819636503,1814420
1,0.02,800,0.052,0.8617511520737328,0.0,0.132,37.30657329674301,-13.014292893969696,10.116538314235395,0.484,-0.16052208637092139,31,50.32086619071271,27.190034982507616,6.720728368986258,14937.009098182514,453605
1,0.05,800,0.016,1.0,0.0,0.008,137.76847005985158,-259.5100544550811,110.57843507734397,0.688,0.03446935737774609,6,397.2785245149327,27.190034982507616,13.634881606649401,5974.8036392730055,72577
2,0.01,800,0.94,1.0,0.0,0.004,21.672190755898324,0.04140417767115778,0.04140417767115778,0.996,0.033989685341514246,51,21.630786578227166,21.630786578227166,0.7364028742941287,20178.872390806588,1814420
2,0.02,800,0.868,1.0,0.0,0.0,21.727991757633994,0.09720517940682782,0.09720517940682782,1.0,0.0391693009701245,31,21.630786578227166,21.630786578227166,0.7364028742941287,10089.436195403294,453605
2,0.05,800,0.616,1.0,0.0,0.0,22.084410748792354,-0.28277870372894043,0.4536241705651882,1.0,0.06089700357844923,6,22.367189452521295,21.630786578227166,48.82645783723198,4035.774478161318,72577
3,0.01,800,0.94,0.9475806451612904,0.0,0.008,29.61007314610169,0.3420153746586969,0.3420153746586969,0.984,0.03436030782550393,51,29.268057771442994,29.268057771442994,4.097808034199925,14398.307479988087,1814420
3,0.02,800,0.888,0.891566265060241,0.0,0.004,30.209071219104022,0.9410134476610281,0.9410134476610281,0.984,0.03423200787432199,31,29.268057771442994,29.268057771442994,4.097808034199925,7199.1537399940435,453605
3,0.05,800,0.036,0.984,0.0,0.0,43.37452731826701,-39.34459783586435,14.10646954682402,0.988,0.037387504489592556,6,82.71912515413136,29.268057771442994,3.110937964777321,2879.6614959976173,72577
4,0.01,800,0.072,0.38016528925619836,0.0,0.032,46.06614174231048,2.345101049139366,3.1108480378873153,0.968,0.022426848516876624,51,43.72104069317111,42.95529370442316,2.490846516310299,24899.527811005195,1814420
4,0.02,800,0.496,0.7408906882591093,0.0,0.012,47.02890454185054,0.8170173323691259,4.073610837427374,0.788,0.03432409998164804,31,46.21188720948141,42.95529370442316,1.117246787612821,12449.763905502597,453605
4,0.05,800,0.672,0.68,0.0,0.0,50.96030938079247,4.748422171311056,8.005015676369304,0.88,0.04831025874736943,6,46.21188720948141,42.95529370442316,14.664578736516049,4979.905562201039,72577
5,0.01,800,0.264,0.9948979591836735,0.0,0.216,31.142678088425225,-18.790347489443615,14.079067628636714,0.676,-0.008515590932103755,51,49.93302557786884,17.06361045978851,30.126400155304687,29038.499107685162,1814420
5,0.02,800,0.616,0.968609865470852,0.0,0.108,44.07560868790406,-5.857416889964782,27.011998228115548,0.64,0.014295684296177216,31,49.93302557786884,17.06361045978851,30.126400155304687,14519.249553842581,453605
5,0.05,800,0.128,0.9556451612903226,0.0,0.008,90.62748784436829,-81.88749099485622,73.56387738457978,0.992,0.0427775915710698,6,172.5149788392245,17.06361045978851,5.863170832534365,5807.699821537032,72577
6,0.01,800,0.18,1.0,0.0,0.272,45.23392329829438,-23.08714458727959,19.524639228364947,0.332,0.005149054976158071,51,68.32106788557397,25.70928406992943,0.24030919601358391,28730.86813050672,1814420
6,0.02,800,0.348,1.0,0.0,0.156,55.54826361477863,-12.77280427079534,29.838979544849195,0.588,0.02872496177655143,31,68.32106788557397,25.70928406992943,0.24030919601358391,14365.43406525336,453605
6,0.05,800,0.652,1.0,0.0,0.008,68.24082205138565,-0.0802458341883181,42.53153798145622,0.988,0.06484537415206257,6,68.32106788557397,25.70928406992943,148.79536188964747,5746.173626101344,72577
7,0.01,800,0.396,0.9819819819819819,0.0,0.112,25.35887840234967,0.17947081514530439,0.8357223431118079,0.888,0.018958488550463278,51,25.179407587204366,24.523156059237863,0.18677894041874055,17941.25917884563,1814420
7,0.02,800,0.476,0.9416666666666667,0.0,0.04,25.75398176102707,0.5745741738227039,1.2308257017892075,0.888,0.02890601454270897,31,25.179407587204366,24.523156059237863,0.18677894041874055,8970.629589422815,453605
7,0.05,800,0.156,1.0,0.0,0.004,36.13298297712173,-15.183790477358656,11.609826917883865,0.952,0.04425282953836498,6,51.31677345448038,24.523156059237863,9.09508533593619,3588.2518357691256,72577
8,0.01,800,0.06,0.8431372549019608,0.0,0.184,46.26203773623336,-14.465893760111186,9.630702030466516,0.516,-0.012493994032829699,51,60.727931496344546,36.631335705766844,0.344190101494533,22832.681664973523,1814420
8,0.02,800,0.264,0.9537815126050421,0.0,0.048,60.1712972585366,-8.877014485231612,23.539961552769753,0.64,0.013753310175338433,31,69.04831174376821,36.631335705766844,0.5102194762290253,11416.340832486761,453605
8,0.05,800,0.132,0.932,0.0,0.0,95.64636344343438,-31.292088548785856,59.01502773766754,0.84,0.03537552583675944,6,126.93845199222024,36.631335705766844,43.306221169030195,4566.536332994704,72577
9,0.01,800,0.576,0.9675925925925926,0.0,0.136,15.405431488281886,-0.042864098882166246,1.480209907227474,0.604,0.010292825758022987,51,15.448295587164052,13.925221581054412,9.272081952572675,23969.402824324574,1814420
9,0.02,800,0.78,0.8861788617886179,0.0,0.016,16.747313289191915,1.2990177020278626,2.8220917081375028,0.892,0.02458472879387954,31,15.448295587164052,13.925221581054412,11.067474103780418,11984.701412162287,453605
9,0.05,800,0.032,0.996,0.0,0.0,50.23615936677447,-107.83417556370728,36.31093778572006,0.884,0.03611022311888346,6,158.07033493048175,13.925221581054412,30.39113501658386,4793.880564864914,72577
0,0.01,1600,0.316,1.0,0.0,0.064,82.11819684770106,-0.10902780601178108,0.44169384291373603,0.844,0.021500495953769558,51,82.22722465371284,81.67650300478732,0.19093563556214121,2727.6827509172017,1814420
0,0.02,1600,0.468,0.9959839357429718,0.0,0.004,82.31404930579193,0.08682465207908763,0.6375463010046047,0.916,0.03180188395383882,31,82.22722465371284,81.67650300478732,0.19093563556214121,1363.8413754586009,453605
0,0.05,1600,0.188,0.972,0.0,0.0,86.14298402385664,-4.554870589101185,4.46648101906932,1.0,0.04013023206171124,6,90.69785461295783,81.67650300478732,17.30214538704213,545.5365501834403,72577
1,0.01,1600,0.504,0.7931034482758621,0.0,0.072,30.07571276548192,0.2856170058657419,2.885677782974305,0.688,-0.0433643285961311,51,29.79009575961618,27.190034982507616,20.530770431096528,21124.120847940027,1814420
1,0.02,1600,0.1,0.8842975206611571,0.0,0.032,37.65564490872848,-12.665221281984223,10.465609926220868,0.624,0.007905045434801484,31,50.32086619071271,27.190034982507616,6.720728368986258,10562.060423970013,453605
1,0.05,1600,0.024,0.996,0.0,0.0,168.49590038231943,-228.78262413261328,141.3058653998118,0.852,0.03825947602013109,6,397.2785245149327,27.190034982507616,13.634881606649401,4224.824169588006,72577
2,0.01,1600,1.0,1.0,0.0,0.0,21.63078657822717,3.552713678800501e-15,3.552713678800501e-15,1.0,0.03324356389512684,51,21.630786578227166,21.630786578227166,0.7364028742941287,14268.61750423734,1814420
2,0.02,1600,0.976,1.0,0.0,0.0,21.648460247210227,0.01767366898306122,0.01767366898306122,1.0,0.034320970636035494,31,21.630786578227166,21.630786578227166,0.7364028742941287,7134.30875211867,453605
2,0.05,1600,0.66,1.0,0.0,0.0,22.116812475261295,-0.2503769772600002,0.48602589703412846,1.0,0.06287224927011512,6,22.367189452521295,21.630786578227166,48.82645783723198,2853.723500847468,72577
3,0.01,1600,0.988,0.9919678714859438,0.0,0.004,29.359205809361715,0.09114803791872106,0.09114803791872106,0.992,0.03500059853696717,51,29.268057771442994,29.268057771442994,4.097808034199925,10181.140856708567,1814420
3,0.02,1600,0.944,0.944,0.0,0.0,30.023181157218136,0.7551233857751427,0.7551233857751427,0.996,0.03480612197452921,31,29.268057771442994,29.268057771442994,4.097808034199925,5090.570428354284,453605
3,0.05,1600,0.028,0.992,0.0,0.0,44.54977748421159,-38.16934766991977,15.281719712768595,1.0,0.03753389951696438,6,82.71912515413136,29.268057771442994,3.110937964777321,2036.2281713417133,72577
4,0.01,1600,0.088,0.4105691056910569,0.0,0.016,45.24908400500838,1.5280433118372656,2.293790300585215,0.984,0.025573979220945196,51,43.72104069317111,42.95529370442316,2.490846516310299,17606.624963504808,1814420
4,0.02,1600,0.52,0.752,0.0,0.0,46.0199123527588,-0.1919748567226094,3.064618648335639,0.84,0.037043832296597204,31,46.21188720948141,42.95529370442316,1.117246787612821,8803.312481752404,453605
4,0.05,1600,0.896,0.896,0.0,0.0,47.78909363540915,1.5772064259277414,4.83379993098599,0.968,0.05112761350983287,6,46.21188720948141,42.95529370442316,14.664578736516049,3521.3249927009615,72577
5,0.01,1600,0.368,0.9871244635193133,0.0,0.068,33.617129108448175,-16.315896469420665,16.553518648659665,0.796,0.011263884918039516,51,49.93302557786884,17.06361045978851,30.126400155304687,20533.31963452369,1814420
5,0.02,1600,0.824,0.967479674796748,0.0,0.016,47.42016982764616,-2.512855750222677,30.356559367857653,0.856,0.028610585564007904,31,49.93302557786884,17.06361045978851,30.126400155304687,10266.659817261845,453605
5,0.05,1600,0.132,0.952,0.0,0.0,95.28185252355748,-77.23312631566704,78.21824206376897,1.0,0.043860628578594914,6,172.5149788392245,17.06361045978851,5.863170832534365,4106.663926904737,72577
6,0.01,1600,0.24,0.9766355140186916,0.0,0.144,48.2925798715629,-20.028488014011067,22.58329580163347,0.44,0.02182785430456491,51,68.32106788557397,25.70928406992943,0.24030919601358391,20315.791684457767,1814420
6,0.02,1600,0.432,1.0,0.0,0.052,60.35800914569357,-7.963058739880395,34.64872507576414,0.768,0.04642133251244278,31,68.32106788557397,25.70928406992943,0.24030919601358391,10157.895842228883,453605
6,0.05,1600,0.724,1.0,0.0,0.0,68.3873932236737,0.0663253380997304,42.678109153744266,1.0,0.0682210447572759,6,68.32106788557397,25.70928406992943,148.79536188964747,4063.158336891554,72577
7,0.01,1600,0.396,0.9794238683127572,0.0,0.028,25.18324397015523,0.0038363829508654135,0.660087910917369,0.972,0.02729762127977684,51,25.179407587204366,24.523156059237863,0.18677894041874055,12686.386028387135,1814420
7,0.02,1600,0.504,0.968,0.0,0.0,25.44505114809212,0.265643560887753,0.9218950888542565,0.964,0.03415204254576654,31,25.179407587204366,24.523156059237863,0.18677894041874055,6343.193014193567,453605
7,0.05,1600,0.124,1.0,0.0,0.0,35.24546197182661,-16.071311482653776,10.722305912588745,0.968,0.04350184069987005,6,51.31677345448038,24.523156059237863,9.09508533593619,2537.277205677427,72577
8,0.01,1600,0.068,0.8043478260869565,0.0,0.08,48.56017716709715,-12.167754329247394,11.928841461330308,0.644,0.006964002025921954,51,60.727931496344546,36.631335705766844,0.344190101494533,16145.14403797653,1814420
8,0.02,1600,0.324,0.9552845528455285,0.0,0.016,63.98955679766379,-5.058754946104422,27.358221091896944,0.824,0.021062409339377888,31,69.04831174376821,36.631335705766844,0.5102194762290253,8072.572018988265,453605
8,0.05,1600,0.212,0.98,0.0,0.0,99.03557264686809,-27.902879345352147,62.404236941101246,0.94,0.03844052368068186,6,126.93845199222024,36.631335705766844,43.306221169030195,3229.028807595306,72577
9,0.01,1600,0.636,0.9956140350877193,0.0,0.088,15.055527704377953,-0.3927678827860994,1.1303061233235407,0.64,0.022879479984863473,51,15.448295587164052,13.925221581054412,9.272081952572675,16948.927278071893,1814420
9,0.02,1600,0.884,0.9437751004016064,0.0,0.004,16.13303371599628,0.6847381288322278,2.207812134941868,0.936,0.03274991066175639,31,15.448295587164052,13.925221581054412,11.067474103780418,8474.463639035946,453605
9,0.05,1600,0.028,0.996,0.0,0.0,55.08070498934682,-102.98962994113492,41.15548340829241,0.948,0.03749439582670366,6,158.07033493048175,13.925221581054412,30.39113501658386,3389.785455614378,72577
