block,scenario,policy,T,err,S,slope,cost_per_sample,N90(eps=0.05),N90(eps=0.02),N90(eps=0.01),N90(eps=0.005)
E1,T1-AGE,ALG1,853,0.0017779462506149,1.5165881517745412,-1.0093031333914995,96.03612719812426,127.0,329.0,621.0,1172.0
E1,T1-AGE,ETC(eps=0.1),853,0.1193721068419651,101.82440713619629,-0.7387670190821125,135.4255568581477,38566.0,72790.0,inf,inf
E1,T1-AGE,N1-CHEAPEST,853,0.0702984676011753,59.96459286380259,0.0013875400892916748,72.0,inf,inf,inf,inf
E1,T1-AGE,N1-EXPENSIVE,853,0.309679844239385,264.1569071361954,-0.00037686196233860776,199.0,inf,inf,inf,inf
E1,T1-AGE,N2-UNIFORM,853,0.1193721068419651,101.82440713619629,-0.0007831211110441452,135.4255568581477,inf,inf,inf,inf
E1,T1-AGE,ORACLE-OL,853,0.0131582768797244,11.22401017840494,-0.49945872829230925,95.67291910902696,621.0,3039.0,14874.0,72790.0
E1,T1-AGE,ORACLE-OL-iid,853,0.0136997673836089,11.685901578218438,-0.5032953768826501,95.7045574443142,621.0,4175.0,14874.0,52983.0
E1,T1-BLACK,ALG1,853,0.0037745812917925,3.2197178418990378,-0.9892051253150442,95.8513593200469,127.0,621.0,1172.0,3039.0
E1,T1-BLACK,ETC(eps=0.1),853,0.0369115030268764,31.48551208192565,-0.6213657480742827,135.4255568581477,14874.0,28072.0,72790.0,inf
E1,T1-BLACK,N1-CHEAPEST,853,0.0174032935436907,14.845009392768242,-0.004362754172187758,72.0,621.0,inf,inf,inf
E1,T1-BLACK,N1-EXPENSIVE,853,0.0901967731706081,76.93784751452871,-0.00021745242356244627,199.0,inf,inf,inf,inf
E1,T1-BLACK,N2-UNIFORM,853,0.0369115030268764,31.48551208192565,-0.0006958305554977486,135.4255568581477,inf,inf,inf,inf
E1,T1-BLACK,ORACLE-OL,853,0.0098957345041273,8.441061532020619,-0.5076342971139065,91.2063305978898,329.0,2212.0,7880.0,28072.0
E1,T1-BLACK,ORACLE-OL-iid,853,0.0098852630267834,8.432129361846293,-0.5036827587521584,91.29998007033998,329.0,2212.0,7880.0,38566.0
E2,ETH,ALG2(beta=0.1),832,0.006305477950632,5.2461576549259,-0.922355281542968,189.1001057692308,275.0,832.0,1202.0,2512.0
E2,ETH,ALG2(beta=0.3),832,0.0071146871819589,5.919419735389822,-1.1050243917108824,186.07652884615385,275.0,832.0,1202.0,2512.0
E2,ETH,ALG2(beta=1),832,0.0116463852650062,9.689792540485204,-1.3708730350844414,183.69283653846156,398.0,1738.0,3631.0,5248.0
E2,ETH,ALG2(greedy),832,0.0125433202307251,10.436042431963315,-0.0817515812387367,183.63727403846156,398.0,inf,inf,inf
E2,ETH,ETC(eps=0.1),832,0.0402469407287711,33.485454686337555,-0.3056360434606302,183.125,2512.0,inf,inf,inf
E2,ETH,N1-CHEAPEST,832,0.0906953688137622,75.45854685305021,-0.002768937103882548,72.0,inf,inf,inf,inf
E2,ETH,N2-UNIFORM,832,0.0402469407287711,33.485454686337555,-0.010022542310568467,183.125,2512.0,inf,inf,inf
E2,ETH,N3-POOLPROP,832,0.0222140294349719,18.48207248989669,-0.09526642277920452,172.74519230769232,575.0,7586.0,inf,inf
E2,ETH,ORACLE-CL,832,0.0024110294549887,2.005976506550644,-0.9945760057458825,198.8473557692308,91.0,191.0,398.0,832.0
E2,ETH,ORACLE-OL,832,0.0211031017378751,17.55778064591215,-0.49903740463141766,106.1923076923077,575.0,2512.0,15849.0,69183.0
E2,ML,ALG2(beta=0.1),832,0.0101250050301578,8.424004185091322,-1.0884133225677122,177.53394711538462,398.0,832.0,1738.0,2512.0
E2,ML,ALG2(beta=0.3),832,0.0116642837801509,9.704684105085567,-1.0892964973674482,179.27103846153844,398.0,1202.0,1738.0,3631.0
E2,ML,ALG2(beta=1),832,0.0232716326451226,19.361998360742017,-1.420611438822779,179.8761201923077,832.0,2512.0,5248.0,7586.0
E2,ML,ALG2(greedy),832,0.0121356875179658,10.09689201494759,-0.35419683745158786,176.28165384615386,398.0,1738.0,2512.0,5248.0
E2,ML,ETC(eps=0.1),832,0.0514704013396689,42.82337391460453,-0.335636438904208,183.125,10965.0,inf,inf,inf
E2,ML,N1-CHEAPEST,832,0.096557445618561,80.33579475464282,-0.0032259665571896033,72.0,inf,inf,inf,inf
E2,ML,N2-UNIFORM,832,0.0514704013396689,42.82337391460453,-0.00907702533995985,183.125,10965.0,inf,inf,inf
E2,ML,N3-POOLPROP,832,0.0375032300237229,31.20268737973745,-0.02314728804772929,172.74519230769232,1202.0,inf,inf,inf
E2,ML,ORACLE-CL,832,0.0048637184933032,4.04661378642827,-0.9938217137807495,187.3935432692308,191.0,398.0,832.0,1738.0
E2,ML,ORACLE-OL,832,0.027817289898858,23.143985195849933,-0.5020908961494579,123.74639423076924,832.0,5248.0,15849.0,69183.0
E2,BLACKxAGE,ALG2(beta=0.3),832,0.013989413067713,11.639191672337246,-0.7258921992990117,181.11009615384617,275.0,1738.0,5248.0,33113.0
E2,BLACKxAGE,N1-CHEAPEST,832,0.0824884327802362,68.6303760731566,-0.0030474410245118445,72.0,inf,inf,inf,inf
E2,BLACKxAGE,N2-UNIFORM,832,0.0437807014541599,36.42554360986105,-0.0052845009504707986,183.125,7586.0,inf,inf,inf
E2,BLACKxAGE,ORACLE-CL,832,0.0075786624976871,6.305447198075735,-1.00540056814579,197.67321634615385,132.0,575.0,1738.0,3631.0
